key,input,molecular_weight,logp,hydrogen_bond_acceptors,hydrogen_bond_donors,lipinski,qed,stereo_centers,tpsa,ames,bbb_martins,bioavailability_ma,cyp1a2_veith,cyp2c19_veith,cyp2c9_substrate_carbonmangels,cyp2c9_veith,cyp2d6_substrate_carbonmangels,cyp2d6_veith,cyp3a4_substrate_carbonmangels,cyp3a4_veith,carcinogens_lagunin,clintox,dili,hia_hou,nr_ar_lbd,nr_ar,nr_ahr,nr_aromatase,nr_er_lbd,nr_er,nr_ppar_gamma,pampa_ncats,pgp_broccatelli,sr_are,sr_atad5,sr_hse,sr_mmp,sr_p53,skin_reaction,herg,caco2_wang,clearance_hepatocyte_az,clearance_microsome_az,half_life_obach,hydrationfreeenergy_freesolv,ld50_zhu,lipophilicity_astrazeneca,ppbr_az,solubility_aqsoldb,vdss_lombardo
6700f34a6a439ee693ef12c86ccff570,C[C@@H]1O[C@@H](OC[C@H]2O[C@@H](Oc3c(oc4cc(OCCO)cc(O)c4c3=O)-c3ccc(OCCO)c(OCCO)c3)[C@H](O)[C@@H](O)[C@@H]2O)[C@H](O)[C@H](O)[C@H]1O,742.6800000000006,-2.6905999999999968,19.0,10.0,1.0,0.07581525274415912,10.0,297.12,0.44859286546707156,0.06331119928508996,0.19037537276744843,0.00757888761581853,0.030853061750531197,0.026922544278204442,0.016691969148814677,0.020310294162482024,0.022365747811272742,0.451591944694519,0.027891809353604913,0.031161064840853216,0.10902551412582398,0.7125792741775513,0.09794167345389723,0.07704689912497997,0.05095735043287277,0.052693596482276915,0.08767578154802322,0.12204444706439972,0.16014575809240342,0.010465802461840212,0.08584828749299049,0.17553742676973344,0.18865882754325866,0.057923746295273304,0.01909044049680233,0.07245767526328564,0.15635591447353364,0.17633357495069504,0.6397284924983978,-6.735417675325458,30.14137136504624,51.421541558633066,58.589211552213285,-14.986369121764422,2.652758077368517,0.9091742940151535,84.62888780685793,-3.998083448271127,9.777805382795384
c40c6a2a6d81e4ff2426416907893117,CC(C)(C)c1ccc(cc1)S(=O)(=O)\C=C\C#N,249.33499999999998,2.7950800000000013,3.0,0.0,4.0,0.7571618838863213,0.0,57.93,0.04098341278731823,0.891971230506897,0.5835928380489349,0.7518486678600311,0.9151685237884521,0.22489921003580093,0.5296901762485504,0.09417934585362672,0.1427625123411417,0.6868842840194702,0.54702028632164,0.668036675453186,0.05112687535583973,0.7667806625366211,0.9996965885162353,0.003877875930629671,0.00684364540502429,0.01885617636144161,0.298723341524601,0.09201230108737946,0.029140501655638217,0.0319698135368526,0.984983491897583,0.05422268733382225,0.41577345728874204,0.014535858808085323,0.11503084301948548,0.650868684053421,0.0706127816811204,0.6566866636276245,0.23382767736911775,-4.081834663311674,59.50004148822707,55.6149829178162,20.57565558078752,-5.4787248833869615,2.447765692652493,2.8885302302150833,92.81999189985801,-4.33526655282907,0.6833924330532054
91e705abd6ceef48848ba4b85b228cc5,Fc1ccc(cc1)C(=O)C1CCN(CCCCc2ccccc2)CC1,339.454,4.743300000000004,2.0,0.0,4.0,0.5361409391503051,0.0,20.310000000000002,0.2748835861682892,0.9938575625419617,0.8940268754959106,0.24504700303077698,0.18888940811157226,0.10544104352593422,0.06348786987364292,0.7256239056587219,0.9720751881599426,0.6628586173057556,0.06996822841465473,0.1376648187637329,0.5562197446823121,0.06325447373092175,0.999544906616211,0.015586458519101143,0.014340734668076038,0.02204516399651766,0.05848903497681022,0.004687769454903901,0.0891471453011036,0.0022439969063270835,0.9419622302055359,0.9760125160217286,0.2867906868457794,0.005776748666539789,0.015027515217661857,0.029919169936329128,0.004782206332311034,0.7207270503044129,0.9918362379074097,-4.809067154674056,85.37946607552013,18.98353075176471,-6.990864593155554,-5.811467934320694,2.9509772285820643,3.0655292820708735,90.01689127137891,-3.6185155643053664,6.306924496996574
12dda5b14a9a977b6a060c96f5cf0053,CCCCCCCC\C=C/CCCCCCCC(=O)NCCO,325.537,5.132400000000005,2.0,2.0,3.0,0.2874910367090785,0.0,49.33,0.16902973130345345,0.9221372008323669,0.4678212583065033,0.6905044674873352,0.42297095656394956,0.10750338286161423,0.1286172166466713,0.3675146669149399,0.29539709389209745,0.5942401230335236,0.362182205915451,0.5515809714794159,0.05520671047270298,0.11284031309187412,0.9992532730102539,0.007164977886714041,0.023799899592995645,0.04903862401843071,0.05088889375329018,0.008933504391461611,0.043343301862478256,0.0278995206579566,0.9126674652099609,0.9072413921356202,0.3849160045385361,0.0014268993167206646,0.3093520045280457,0.19732900261878966,0.0597777608782053,0.8945855617523193,0.8528795599937439,-4.679988859982912,83.21127379092209,85.56690250768561,75.55251940058903,-5.127557097609602,1.6733350786252033,3.692874267589584,98.5385933375712,-5.095803277014165,23.63034418974297
c3f344bf9e758c06f6a53549907aff06,OC(=O)c1ccc(CN2CCC(CN[C@@H]3C[C@H]3c3ccccc3)CC2)cc1,364.4890000000001,3.7425000000000033,3.0,2.0,4.0,0.7857639825022791,2.0,52.57,0.1301111176609993,0.8098631381988526,0.8570508599281311,0.00839561726897955,0.03895772099494934,0.10842282921075821,0.010839765705168248,0.4053213894367218,0.9405847191810608,0.2934082090854645,0.012577216885983945,0.050407087057828905,0.5620024025440216,0.0674322009086609,0.9674214482307434,0.0020633331732824445,0.011913682892918586,0.022698994167149066,0.0019056434859521687,0.0046005671378225085,0.0920945592224598,0.0033144536660984158,0.32560996413230897,0.05312403216958046,0.04363387413322926,0.0028551519149914383,0.010610399721190333,0.008253683988004922,0.0012311983969993888,0.5738894641399384,0.7137013912200928,-5.548962742036723,22.187148038199794,-18.002688068649853,-11.977510369690053,-8.440678771739448,3.210541993398688,0.4438460831844173,61.42758086274612,-2.81646877547346,0.3545218201020484
0dde2f663944a9d288f0e206e92a407c,CC1(C)SCN([C@@H]1C(=O)N[C@@H](CNC(=O)NCc1ccccc1)C(O)=O)S(=O)(=O)c1ccccc1,520.6330000000003,1.5976000000000012,6.0,4.0,3.0,0.3929558548534995,2.0,144.91,0.05729410145431757,0.151970786601305,0.7090677142143249,0.01258894419297576,0.30536251068115233,0.5884249269962311,0.16368572637438775,0.0630549356341362,0.08799921497702598,0.2929481938481331,0.3587346524000168,0.26684635877609253,0.04219090454280376,0.920857846736908,0.5358959436416626,0.007223117211833596,0.03188254069536924,0.009749159449711442,0.003986559389159083,0.010344010032713413,0.10837123990058899,0.035855095088481906,0.1476871818304062,0.048268234450370075,0.21898341476917266,0.003208506433293223,0.006423714756965637,0.005407140729948879,0.005679726880043745,0.2781985908746719,0.08703073114156723,-6.362990038831617,16.87151764796368,48.0614388326124,-9.504481233015763,-12.460077563041569,2.5112851046932727,-0.38875684573591035,81.69599423624447,-3.1724432481447726,-5.080242497712618
391707488dce62c34db53ce153ff05d2,C[C@H](C[C@H](N)C(O)=O)C(O)=O,161.15699999999998,-0.49089999999999995,3.0,3.0,4.0,0.5160832357632285,2.0,100.62,0.29702396839857104,0.6420378684997559,0.8499061822891235,0.04702072204090655,0.03799085114151239,0.16932479590177535,0.02417970821261406,0.090702373534441,0.04953962154686451,0.101710294932127,0.01387873450294137,0.24979279488325118,0.18433436900377273,0.11549171805381775,0.9481032371520997,0.006705090613104403,0.04549078419804573,0.05330119859427214,0.0018321258248761296,0.012317492347210645,0.030000190250575542,0.0016770125293987803,0.10479894992895425,0.0020973467035219073,0.016465207282453775,0.0028273735922994094,0.002670483954716474,0.001301525643793866,0.002939265046734363,0.37660804092884065,0.01211189916357398,-5.751582855727767,1.445270567747174,-24.415791357829725,-12.896711187617422,-12.894408380153797,1.5835389755887215,-1.998771316777208,42.222801280875615,-0.16428956526620792,3.126427787036564
f706c9e788a7e38f66f0324bf23e9c89,C[C@@]1(O)CCC[C@H]1n1c2nc(NC3CCN(CC3)S(C)(=O)=O)ncc2cc(C(F)F)c1=O,471.53000000000014,2.0409999999999995,8.0,2.0,4.0,0.685275958589782,2.0,117.42000000000002,0.4915527135133743,0.9499724388122559,0.8453889608383178,0.09899871908128262,0.17357559502124786,0.18522420525550842,0.24775412678718567,0.179293492436409,0.10757972747087478,0.6967013716697693,0.5108992367982864,0.1946242108941078,0.5686013877391816,0.8942489147186279,0.9995760202407837,0.024316555447876455,0.0405028585344553,0.046413291990756986,0.26159314811229706,0.015269163064658642,0.09686903059482574,0.007872679736465216,0.962727963924408,0.07236814573407173,0.3130829453468323,0.05710436142981053,0.018571368791162966,0.35812307000160215,0.17859005331993102,0.2114746853709221,0.8595829367637634,-5.196152129536076,43.403123450580374,33.14583222163814,-20.987159664750926,-11.011257440300763,3.822922744681931,1.9389466163918414,72.20688003747851,-3.782187169383748,1.1227272715966623
e57bb3506d2e53162d0594f9319dc2ed,OC(=O)c1cc(=O)c2c(Cl)cc(Cl)cc2[nH]1,258.05999999999995,2.5331,2.0,2.0,4.0,0.8251145854818465,0.0,70.16,0.10781552717089653,0.28080577552318575,0.9244524598121643,0.10751148387789726,0.0070836249273270365,0.2985458269715309,0.02675705817528069,0.026663520932197572,0.007753956690430641,0.09040458649396896,0.0020992612931877374,0.23720576241612434,0.13273802101612092,0.983865225315094,0.9975820660591126,0.02487640855833888,0.03169126585125923,0.26260433793067933,0.001934188324958086,0.008505780762061477,0.022327015176415443,0.03525438047945499,0.110516869276762,0.020308025646954775,0.20068456828594208,0.03038395904004574,0.02451918851584196,0.04137314781546593,0.0617159828543663,0.4381839156150818,0.007815700862556696,-4.7177773479713725,0.24316187313832885,-8.38730522486811,53.905326156498255,-14.286825604021965,2.259393213164933,0.05092415905592329,92.80922041335187,-3.784025086083512,23.075381135228167
1ddd650e6a25a9d233fc292145c8d52e,O=c1[nH]cc(C#C)c(=O)[nH]1,136.10999999999999,-0.9555,2.0,2.0,4.0,0.4511602892863416,0.0,65.72,0.41047614216804507,0.387475360929966,0.8053233027458191,0.01978532983921468,0.00627606701455079,0.2315921127796173,0.019569849409163,0.04254716858267784,0.009424233227036893,0.0872536614537239,0.0015859366219956427,0.29919907748699187,0.3243272632360458,0.9391919255256653,0.8650375962257385,0.030320932669565082,0.05654214881360531,0.023154680617153645,0.002075493521988392,0.03816341906785965,0.1274542286992073,0.0026548683847067876,0.04587486628443003,0.018660842161625623,0.060332441702485085,0.008995478227734565,0.036982768774032594,0.010280514182522894,0.07975934818387032,0.6446236371994019,0.012996580824255944,-4.4612741406654575,-7.2725726978353435,-21.011471195642066,-6.188353092746295,-14.989377593403319,1.964031020042978,-0.30295033100273394,74.8605298554654,-2.1215441474680423,-1.86951670694841
2140eece049b812420b2e471941f4ae1,Cn1nccc1Nc1nccc(n1)-c1ccn([C@H](CO)c2ccc(Cl)c(F)c2)c(=O)c1,440.86600000000016,3.156600000000001,8.0,2.0,4.0,0.47768637639075445,1.0,97.86000000000001,0.11264723017811776,0.2725135535001755,0.9262187123298645,0.09038336053490639,0.1987156331539154,0.46813517808914185,0.27060967683792114,0.1200119286775589,0.05576861128211021,0.6887590765953064,0.821056580543518,0.39598708748817446,0.500788402557373,0.9675903558731079,0.9979968667030334,0.012757870182394982,0.032756124064326285,0.35491846203804017,0.2587375670671463,0.009077919041737914,0.053573624789714815,0.027456436678767203,0.8494639992713928,0.42665168046951296,0.24718143939971923,0.024381277337670326,0.01920125586912036,0.40754576623439787,0.130086350440979,0.07793228030204773,0.7951651453971863,-5.2956155175470965,23.777265832654642,31.1571424247663,65.10587991888599,-12.63234273491712,2.5386271228774095,2.4442777215169516,88.23543833688746,-4.54377448392121,6.681038965966687
2258b4aecb42f955eb8fbe1a65196fb6,Nc1nc(Nc2ccc(cc2)S(N)(=O)=O)nn1C(=O)c1c(F)cccc1F,394.3630000000001,1.218,8.0,3.0,4.0,0.6027885397158543,0.0,145.98999999999998,0.27370344698429105,0.5613532781600952,0.9109699249267578,0.18356112390756607,0.1487271837890148,0.37883099615573884,0.3404602199792862,0.09596482887864113,0.10951655805110931,0.27984260618686674,0.19515328109264374,0.7372602820396423,0.5955999732017517,0.9904980540275574,0.9661856889724731,0.04179659225046635,0.067246463149786,0.05803572796285152,0.024265250004827977,0.011718998197466135,0.06918412521481514,0.007564318110235035,0.3647873878479004,0.17238303422927856,0.09198049902915954,0.020084752049297095,0.008545106835663318,0.11315195932984352,0.06552620660513639,0.16264553964138032,0.4977568626403809,-5.309641507696162,25.18804075219175,1.5664826037864117,52.22856296900402,-11.167539792035791,1.8880563967339519,1.9252258923565517,82.09198920993572,-3.9631587751100694,2.2779238160493143
a174d212f88fa945a5dba464e74bcb95,Oc1c(I)cc2c(Oc3c(I)c(O)c(I)cc3C22OC(=O)c3ccccc23)c1I,835.895,6.084200000000003,5.0,2.0,2.0,0.2123560791550992,0.0,75.99000000000001,0.0878294762223959,0.24292501658201218,0.7878408074378968,0.39715873897075654,0.3338456928730011,0.3646351218223572,0.7622795224189758,0.06452584639191628,0.01249958691187203,0.6239788830280304,0.043217914551496504,0.39630208611488343,0.009946656366810202,0.9382077217102051,0.9976600170135498,0.013538593426346779,0.029156723618507387,0.253847599029541,0.05753234699368477,0.06858154684305191,0.2939943552017212,0.1822257399559021,0.6582404553890229,0.5739312767982483,0.32260891497135163,0.01788761857897043,0.32542024850845336,0.8977668404579162,0.4566447377204895,0.454541477560997,0.5651888489723206,-5.078777981098067,10.512067312067083,43.12998184602465,70.40196985656948,-6.602377047580438,4.314146832124191,3.613124209468618,105.5757332701592,-6.1743269572644435,0.31590873612129844
ef7186a6a4125f81a3da8993b2435ae0,OC(=O)c1cccc(c1)-c1noc(n1)-c1ccccc1F,284.246,3.2409000000000017,4.0,1.0,4.0,0.7985696395658853,0.0,76.22,0.3797937333583832,0.46586938202381134,0.983135712146759,0.43511205315589907,0.05063615143299103,0.3946305125951767,0.11757320687174797,0.029679121635854244,0.011826084414497017,0.14012611098587513,0.015013134386390448,0.44699686467647554,0.07271213382482529,0.9975543141365051,0.9996005415916442,0.013471084833145141,0.1864506147801876,0.638058352470398,0.07136005982756614,0.08889058753848075,0.498324054479599,0.08087881356477737,0.6283489108085633,0.017336477211210878,0.42355412542819976,0.4918500900268555,0.007214283803477883,0.2085311770439148,0.044129984080791475,0.22012122869491577,0.05312483161687851,-4.257132654756445,54.03505984921361,42.195913932303554,-20.979558189150815,-10.918207753869444,2.2284661513678046,0.24760042243153588,94.94511606359971,-4.113881677564785,3.0031561547817778
6637b198524ede7aa3739a5d07a009f9,OC(=O)CCCCCCCCCCCCCCc1ccc(I)cc1,444.39699999999993,6.989600000000007,1.0,1.0,3.0,0.2338742804794036,0.0,37.3,0.012798920529894531,0.47815578877925874,0.7036306977272033,0.3502551969140768,0.059016534499824046,0.35927254259586333,0.0555562955327332,0.08706860393285751,0.12598939538002013,0.5300600469112396,0.011401576967909933,0.5093648642301559,0.02211453262716532,0.33070926666259765,0.994307005405426,0.00145683903247118,0.007455760566517711,0.006114908843301237,0.025155367329716682,0.07507734782993794,0.27949069142341615,0.44691871404647826,0.4398323893547058,0.695175576210022,0.17519906908273697,0.0007701747876126319,0.15023128390312196,0.18410907834768295,0.037768805399537086,0.8298840165138245,0.539225772023201,-5.415054231515204,86.1999044632494,37.200451934463835,67.3537078390237,-2.9832976606440083,2.43768285717675,3.4716453014756015,114.28191681843813,-6.698146074897861,7.756387113572873
fe22bdceafee8f8ac8dbda80076c76b5,CC(C)[C@@H](N)C(=O)NCC(C)(C)SCC(=O)O[C@@H]1C[C@@](C)(C=C)[C@@H](O)[C@H](C)[C@]23CCC(=O)[C@H]2[C@@]1(C)[C@H](C)CC3,564.8330000000002,4.5042000000000035,7.0,3.0,3.0,0.27860165101000955,9.0,118.72,0.23578836768865585,0.48332661390304565,0.7396901965141296,0.004342145199188963,0.0732721857726574,0.02999159414321184,0.05340204983949661,0.11969618275761604,0.09815494418144226,0.7849846124649048,0.9169791102409363,0.05494485646486282,0.14526237100362777,0.11359942629933358,0.9973167061805726,0.1555391162633896,0.11476870775222778,0.012394952657632529,0.03381478786468506,0.03166649807244539,0.1022933091968298,0.0148740503937006,0.8286154866218567,0.5292539000511169,0.10521654337644577,0.01401905957609415,0.04177145343273878,0.16578223332762718,0.06757417507469654,0.1971741646528244,0.2928409963846207,-5.312001579573823,120.11399505687025,103.70444012032283,-23.871792106114242,-8.07081086210776,3.262147099603351,2.9285239908862803,84.84170158380277,-4.8877229437504095,5.518570731073786
02155ae1571383427e0e4a9b8e0b7933,Nc1nc(Nc2ccc3CC[C@@H](CCc3c2)N2CCCC2)nn1-c1cc2CCCc3ccccc3-c2nn1,506.6580000000003,4.882000000000005,8.0,2.0,3.0,0.38071760532600396,1.0,97.78,0.29836432784795763,0.8128057003021241,0.8330869197845459,0.10252506472170353,0.25878152549266814,0.08628687039017677,0.11172990649938583,0.2528832733631134,0.3700656399130821,0.8101426720619201,0.27534420043230057,0.2524517968297005,0.5617861866950988,0.7999328970909119,0.9863477110862732,0.028405022248625754,0.03443600796163082,0.36069912314414976,0.15744518637657165,0.03246374074369669,0.0947204202413559,0.013937080465257167,0.7454535961151123,0.7753442287445068,0.39767520427703856,0.15839827060699463,0.05207864120602608,0.3187842398881912,0.2820299118757248,0.2592839539051056,0.9283090949058532,-5.38425022052037,1.9682809750746018,38.063705218078404,1.7490446059796974,-8.698782305030294,3.2650506311936396,3.4705944199496725,93.06407156693231,-4.753893199844751,4.860092481809239
dad7c75973a003034491f1b5cf7c1b9d,CCCCCCN(CCCCCC)C(=O)Cc1c([nH]c2ccccc12)-c1ccc(F)cc1,436.61500000000007,7.505700000000007,1.0,1.0,3.0,0.27657786103359666,0.0,36.1,0.23797880858182907,0.9438210725784302,0.6523611605167389,0.48673945665359497,0.7495357871055603,0.30242990255355834,0.5709060668945313,0.3418923705816269,0.36645210087299346,0.8657507181167603,0.8729463577270508,0.3651301860809326,0.18430883288383484,0.512169885635376,0.9998451948165894,0.008702966524288059,0.008682293258607388,0.34374863654375076,0.1879499912261963,0.011235399777069688,0.040252727642655375,0.02299538580700755,0.8740753769874573,0.9883829116821289,0.34690037965774534,0.013812861684709788,0.13514057844877242,0.3637842833995819,0.06288886070251465,0.5474087595939636,0.9815404772758484,-5.089451990355862,91.68593541699094,107.94280339905674,66.84546079810153,-5.824031868272543,2.999618214518429,4.606875274511009,108.59274665397982,-5.495627648353837,21.924583933339928
c1a8dcab7b6e957b4d44daec4c9288dc,CCc1nc2ccc(Cl)cn2c1C(=O)NCc1ccc(cc1)N1CCC(CC1)c1ccc(OC(F)(F)F)cc1,557.0160000000003,6.762700000000005,5.0,1.0,2.0,0.2730703649346407,0.0,58.870000000000005,0.4782620817422867,0.589749526977539,0.8421461343765259,0.16879236251115798,0.9259931445121765,0.22996050119400024,0.9179956912994385,0.062195833027362826,0.2534939408302307,0.8179624915122986,0.7449779033660888,0.43782196044921873,0.24408883303403855,0.8566809892654419,0.9998006463050843,0.0025747838779352607,0.006779749970883131,0.32395591139793395,0.378620570898056,0.016134290583431722,0.14776780009269713,0.08453914448618889,0.8774590015411377,0.9858043551445007,0.8721885800361633,0.03202095814049244,0.44382707178592684,0.797667133808136,0.21001844406127929,0.2783111870288849,0.9380344748497009,-4.970154422687961,7.4235213975557715,56.432262878423444,52.01057878070736,-9.008318562765252,3.5750118130474093,4.41742488269316,107.23226113362225,-6.514217071818948,3.419581501882733
d3cbe1a4f0a5b81c44e7478055ee8fc8,Oc1ccc2ccccc2c1SSc1c(O)ccc2ccccc12,350.46400000000006,6.203600000000003,4.0,2.0,3.0,0.4313629646538778,0.0,40.46,0.3771548241376877,0.23167759031057358,0.4629382222890854,0.9396183013916015,0.7504278421401978,0.3331988871097565,0.7682454586029053,0.08484596535563468,0.09021823182702064,0.5170317471027375,0.10827526226639747,0.33806248009204865,0.008473490318283438,0.9352511167526245,0.9997798323631286,0.034026036597788335,0.02111789621412754,0.6856791615486145,0.3417424738407135,0.6025162458419799,0.8234741926193238,0.5888178586959839,0.6485059261322021,0.4571290373802185,0.9176663637161255,0.13265013843774795,0.847069501876831,0.972015106678009,0.7184626579284668,0.8969325423240662,0.6462822556495667,-5.167689669920295,67.99502088309134,48.495558493845024,-17.832544668173465,-8.025463030167966,2.6368477659637457,4.386618003728294,104.90940595273112,-5.7324907236592075,-2.456081038541968
c6f06978d4b833aca1fab911e772d26b,C[C@@H](C(O)=O)c1ccc(c(F)c1)-c1ccccc1,244.265,3.6808000000000023,1.0,1.0,4.0,0.8937504426107861,1.0,37.3,0.04722916260361672,0.7189110517501831,0.9866368174552917,0.11663758456707,0.11818069815635682,0.8088697195053101,0.19415098130702974,0.03986032828688622,0.002770105772651732,0.2512227714061737,0.005209308152552694,0.614677369594574,0.04065561890602112,0.964134418964386,0.9996099710464478,0.003952285018749535,0.05593065246939659,0.056834767758846286,0.021789049822837116,0.03543385230004788,0.27088311314582825,0.38401590287685394,0.698941308259964,0.010129119851626456,0.0698952928185463,0.07072439193725585,0.00289324747864157,0.015595665946602822,0.009722227230668068,0.18976263403892518,0.018772313743829726,-4.228324085886463,13.741867838859744,19.60398213678058,-8.052195332548292,-7.84718116051757,2.964775148461164,0.5574736960006357,98.60264989990037,-3.847657493389233,-0.11572090371486823
96b27271a46d9f4370c2005812d08a78,COc1cc(\C=C(/C#N)C(N)=O)cc(CSc2nc3ccccc3s2)c1O,397.48100000000005,3.695080000000002,7.0,2.0,4.0,0.3728737714035597,0.0,109.22999999999999,0.5241214692592621,0.5708452761173248,0.7184299468994141,0.9689284563064575,0.9338509678840637,0.399556827545166,0.8451928734779358,0.14453740864992143,0.21144676208496094,0.5720291137695312,0.9570437908172608,0.060101330652832984,0.043929021805524826,0.9020016908645629,0.9999409675598144,0.04784300439059734,0.009903371380642057,0.6366443514823914,0.5576044261455536,0.312426882982254,0.2965634912252426,0.6202165007591247,0.9289496064186096,0.7395825743675232,0.705455094575882,0.5054393291473389,0.7739513635635376,0.9584570169448853,0.6902978003025055,0.6053529620170593,0.7204719185829163,-5.420287707928739,109.49836694226083,88.33665250819442,-31.822493835571777,-11.876486646127153,2.2185908118025193,3.4670164788004785,95.85834507004088,-6.360017734748934,-13.9816465525078
6626b1244643d699b156f7c56a2e7ac4,CC(C)[C@H](N)C(=O)OCCOCn1cnc2c1[nH]c(N)nc2=O,324.34100000000007,-0.7975999999999985,9.0,3.0,4.0,0.44214276395859164,1.0,151.14000000000001,0.6038874447345733,0.8858197212219239,0.7001643896102905,0.03584975642152131,0.04410685289185494,0.041130565525963905,0.0646159672178328,0.07500868253409862,0.03608321170322597,0.2905088305473328,0.04959365352988243,0.21529234424233437,0.4822970926761627,0.6593924522399902,0.995048463344574,0.020667251758277418,0.01449713446199894,0.14423689246177673,0.0798336923122406,0.03980733547359705,0.0602371983230114,0.00166128195123747,0.2969785511493683,0.02632297668606043,0.0716953694820404,0.045700562000274655,0.018487795442342757,0.0077261579222977165,0.06863079816102982,0.3954905569553375,0.5337838530540466,-6.036464319900153,81.49255923315609,15.295696756844432,-18.31833958436753,-15.60521459470139,2.2435680819297934,-0.7117220480088496,51.36460068296086,-2.081295142650942,2.328929206580045
bd5d6960cf1e82e5641fcd175ef37fcc,CC(C)(C)c1ccc(NC(=O)N2CCN(CC2)c2ncccc2Cl)cc1,372.9,4.386600000000003,3.0,1.0,4.0,0.8501559079566535,0.0,48.470000000000006,0.0651827972382307,0.9335681915283203,0.7373979926109314,0.2752521842718124,0.9684087991714477,0.5070360124111175,0.778628146648407,0.21884353160858155,0.14112779945135118,0.7577508568763733,0.4320485770702362,0.32514625787734985,0.17126488983631133,0.821506679058075,0.9998396039009094,0.004116821591742337,0.012894451804459094,0.30912821292877196,0.288798063993454,0.0198962626978755,0.09487326741218567,0.04402535483241081,0.9903587460517883,0.5234387457370758,0.8207429766654968,0.017312733456492424,0.16995592415332794,0.751643693447113,0.1353633686900139,0.42981524467468263,0.7500843644142151,-4.692135828215425,69.81222034438179,69.29035764234996,23.011028252493507,-9.588558820436003,2.7925716885496477,4.221930686585984,103.35169315926191,-5.408318084292411,-0.593785322835075
6584fa56f4f8bcc4018d04cc73c035cf,CC(C)N1CCC[C@H](Cn2c(C)nc3ccc(Oc4ccc(F)cc4)cc3c2=O)C1,409.50500000000017,4.756720000000005,5.0,0.0,4.0,0.6097787500798146,1.0,47.36,0.608785355091095,0.9863470077514649,0.9471104741096497,0.30443769991397857,0.08505967333912849,0.17411722093820572,0.1338238775730133,0.7919029116630554,0.8432926297187805,0.8752121090888977,0.5220122754573822,0.1894021973013878,0.8691454648971557,0.3215788722038269,0.9998302936553956,0.007971673924475908,0.03651019465178251,0.12391203492879868,0.08574083000421524,0.007876756880432368,0.06022491529583931,0.0017636872100410983,0.9870166778564453,0.9672327280044556,0.15666196048259734,0.007871534349396825,0.013973778206855058,0.021013137884438038,0.005367620789911598,0.3080902546644211,0.9894164323806762,-4.763193547368556,18.47153449363503,7.109674776952412,10.60354039839657,-7.904807280621351,3.1955046932829125,2.9004112484790623,89.74424582935514,-3.8756249478837552,0.35102486015160855
ee5340dd9e9bc03c45a9c4cc1ba44416,FC(F)(F)c1ccc(CCN2CCC3(CC2)OC(=O)Nc2ccccc32)cc1,390.40500000000003,4.801300000000004,3.0,1.0,4.0,0.8185271945283366,0.0,41.57,0.20581322610378266,0.9898366689682007,0.8456891775131226,0.1561521463096142,0.17735985219478606,0.1186907134950161,0.0236807681620121,0.5733954012393951,0.7818650245666504,0.5174148440361023,0.095788699015975,0.2992837578058243,0.7286090135574341,0.15490757673978806,0.998204517364502,0.02032330967485905,0.053146586567163465,0.04156453460454941,0.02617180310189724,0.008046538289636373,0.08308584317564964,0.00437805000692606,0.9227013707160949,0.6971915483474731,0.22335560470819474,0.007364433072507381,0.006573996646329761,0.1138322114944458,0.049439665675163266,0.35430940985679626,0.9818031668663025,-4.940790418915324,27.808940507779035,25.326095599864185,28.2396848076883,-6.388235971220333,3.6099190803599654,3.700436913798215,97.66551753331859,-4.7179507429443035,-4.211330882894423
0b0b5129b88d162189514d9add2c6a36,SCCNC(=O)c1cccc(c1)C(=O)NCCS,284.40599999999995,1.0057999999999998,4.0,4.0,4.0,0.589288516904452,0.0,58.2,0.4081746876239777,0.811686897277832,0.8236033678054809,0.47092150449752807,0.15808545500040055,0.1949283242225647,0.1438843548297882,0.2158800929784775,0.013148970366455615,0.46920302510261536,0.020559938997030257,0.44716009497642517,0.06398717761039734,0.8292036652565002,0.969795536994934,0.02391204982995987,0.011821847781538964,0.22747016102075576,0.008375322446227074,0.006080986279994249,0.17098619788885117,0.010918361693620681,0.7380076169967651,0.010153867490589618,0.1604288026690483,0.07013335451483727,0.10982229560613632,0.042345165461301806,0.2972841218113899,0.8300491213798523,0.2884440034627914,-5.089770176373717,31.243887039243607,7.535651989453109,36.68830173883085,-11.125975021994183,2.085722018462339,1.1166351993930728,57.66218062274602,-2.995088992763624,-6.813499958426658
144eaf2d27f1f419d205ad29d055a0a4,CN(c1cccc(Cl)c1)S(=O)(=O)c1ccc2NC(=O)\C(=C/c3[nH]c(C)c(C(=O)N4CCN(C)CC4)c3C)c2c1,568.0990000000002,3.9903400000000033,5.0,2.0,3.0,0.45356841813751364,0.0,105.82,0.0633433111011982,0.5095855206251144,0.6836877465248108,0.12637152373790742,0.7497793674468994,0.5786616921424865,0.6293378889560699,0.24107500910758972,0.25557366460561753,0.8468696713447571,0.9309483289718627,0.41752107739448546,0.29103444814682006,0.9528153777122498,0.9959870100021362,0.005789357959292829,0.01373853962868452,0.08453125320374966,0.04042310956865549,0.007914224360138177,0.04185963701456785,0.016160528687760235,0.8416251301765442,0.8053118824958801,0.2521328657865524,0.00738787935115397,0.02801483906805515,0.42190181016921996,0.050453558936715125,0.16772008538246155,0.9001622915267944,-4.915303872310057,4.783817277643142,29.69145317826486,85.25493605437137,-12.823781264609726,3.1676661931146386,2.6432714644651205,95.86607878384618,-4.451844636465095,-5.456113842310448
2a2b90e21df0276453ac84f242f4484c,CNCCCCOc1ccccc1Cc1ccccc1,269.388,3.655800000000003,2.0,1.0,4.0,0.7385025989589167,0.0,21.259999999999998,0.13051024675369263,0.8893841743469239,0.7581336855888366,0.8322472929954529,0.6236874103546143,0.26594319343566897,0.09092651829123496,0.7915878653526306,0.9223632216453552,0.6947239875793457,0.25905990302562715,0.22520846724510193,0.119949059933424,0.10312797129154205,0.999755036830902,0.0013537106569856405,0.007076108176261186,0.0654474686831236,0.07068627998232842,0.033793161064386366,0.18590480387210845,0.014173405896872281,0.9387016892433167,0.3150516480207443,0.20528461039066315,0.0052949331235140566,0.07977790534496307,0.2713854283094406,0.015254531893879176,0.8429247975349426,0.9440286159515381,-4.403251891590806,105.10700389331657,10.045218835488177,-10.243579395418582,-5.7506501706880915,2.371478027728449,1.6938629895656294,78.08327339079243,-3.113461440688489,-0.23630828709355328
0a58f3ee3dc7266cec58d079a59927fa,CC(C)(C(=O)c1cccnc1)c1cccnc1,226.279,2.637100000000001,3.0,0.0,4.0,0.755476256361758,0.0,42.85,0.031338000833056864,0.839152204990387,0.8655778408050537,0.19006046056747436,0.27907703518867494,0.141745475679636,0.13805616535246373,0.028722940292209388,0.035189640382304786,0.25804914981126786,0.8255330324172974,0.011827131593599915,0.025131819397211076,0.2509648367762566,0.999996829032898,0.0015517271938733756,0.0020800572703592477,0.028075862070545556,0.13136848360300063,0.013885073270648718,0.0163342060521245,0.00023949534370331093,0.9859689712524414,0.010259636212140322,0.034654144570231436,0.0003171362906869035,0.005438842298462987,0.012408235273323954,0.0012215853887028061,0.4967648506164551,0.0195913917850703,-4.0887869701699655,80.6053426882871,40.84074190535118,4.021087979307156,-8.46296768713972,2.8022476033239294,1.3247540166822396,23.890171421638247,-1.2213199623354054,-14.001639561577147
d0fdfb814e236a4c70951345f3f9bdfc,CC(C)C[C@H](NC(=O)[C@H]1O[C@@H]1C(O)=O)C(=O)NCCCCNC(N)=N,357.4110000000001,-1.251229999999997,5.0,6.0,3.0,0.116027295102011,3.0,169.93,0.650307297706604,0.34065780490636827,0.4343703120946884,0.0023516179353464395,0.027572547271847724,0.017809793911874296,0.002696632221341133,0.04729365110397339,0.087784443795681,0.15371904000639916,0.0012969253453775308,0.10217269621789456,0.13904122598469257,0.14821353629231454,0.040313931787386535,0.01202682638540864,0.03934221677482128,0.0014470666152192279,0.0014887567376717925,0.11643396690487862,0.31444284319877625,0.0031778892502188683,0.02451301058754325,0.0031811115331947803,0.18072291947901248,0.008407716057263315,0.005064191156998276,0.0002271658777317498,0.026944509241729975,0.6075411975383759,0.06144974883645773,-7.046548475882358,7.608719713631752,-22.61627123979725,-18.950032348415625,-16.4073695495925,2.2321567835151663,-2.6285151612179556,26.997899563857192,-1.115371446281951,0.8284292070507238
52af76a13f5a410aad9cfe6417454880,Oc1ccc2C[C@H]3N(CC4CC4)CC[C@@]45[C@@H](Oc1c24)c1oc2ccccc2c1C[C@@]35O,415.4890000000002,3.8375000000000035,5.0,2.0,4.0,0.6658781411018043,4.0,66.07000000000001,0.27442783713340757,0.9717470049858093,0.6367633640766144,0.2996730163693428,0.36389886140823363,0.26988149583339693,0.1586795374751091,0.7359128952026367,0.7574206829071045,0.8228737473487854,0.2571323662996292,0.025246303062886,0.4850585639476776,0.12828260362148286,0.9997962713241577,0.0255899665877223,0.043858034908771514,0.2894957274198532,0.1353979617357254,0.10843440517783165,0.3240297377109528,0.011247474700212479,0.8661115646362305,0.8011882185935975,0.2603402197360992,0.052020263858139515,0.2191927209496498,0.22711027562618255,0.0840228546410799,0.36179055124521253,0.9441617131233215,-5.1376618453524445,41.612115799781385,38.85032071193409,52.596878632551864,-8.339313753000503,4.076938678635455,2.8146403075570072,93.40997398453536,-4.486353299910489,1.83889627291139
156ad8018a478190b44ba01802ed08cc,Brc1ccc(cc1)C1C(=O)c2ccccc2C1=O,301.13900000000007,3.611900000000002,2.0,0.0,4.0,0.7540262053739991,0.0,34.14,0.09729097560048103,0.9517245054244995,0.9520374417304993,0.8114284873008728,0.7191483736038208,0.5028642594814301,0.5839098930358887,0.15748465061187744,0.03974017575383186,0.4601209104061127,0.06672511026263236,0.2697901248931885,0.04346371479332447,0.9213505864143372,0.999985671043396,0.020653401874005793,0.03445672169327736,0.31536826193332673,0.029179195873439312,0.01229930967092514,0.19163281321525574,0.019378319662064315,0.9405390381813049,0.16306042335927487,0.2775913685560226,0.06871005147695541,0.019992987625300884,0.6864433884620667,0.0776750922203064,0.5649185061454773,0.1369400605559349,-4.377185104322883,54.82432892933623,18.717224601140984,56.98846419665811,-8.13489183887652,3.088871120129711,3.106165889103942,90.49632572846676,-4.973759655089436,-2.2337387822415784
cf240bebd3026df70d85d7435ee1f711,Cn1nc(-c2cccc(F)c2)n(C)c1=S,223.27599999999998,2.2941900000000004,4.0,0.0,4.0,0.6921868751363387,0.0,22.75,0.21759094148874283,0.9835377693176269,0.9608486294746399,0.9653752684593201,0.871577775478363,0.4550976037979126,0.1968706265091896,0.22611831426620482,0.016742303501814604,0.7838258266448974,0.23307871967554092,0.14690753817558289,0.016345767490565776,0.7208017826080322,0.9999985218048095,0.005588735407218337,0.03629155494272709,0.2750399708747864,0.1619355008006096,0.022203055024147034,0.15151056945323943,0.004772722767665982,0.9980023503303528,0.1676124468445778,0.18882603496313094,0.1165109857916832,0.010635053925216197,0.006564308051019907,0.004097904404625296,0.38509690165519717,0.12660287469625472,-4.243314739490731,33.23973951533779,48.14578112767411,-22.46039764652267,-7.987910248389717,2.415468579369207,2.4204611124539914,75.93248531686973,-2.263937308575862,-4.691808841149432
52317bdc65bc145caff6ab44d344a6d8,COC(=O)[C@@H](N)CCCNC(N)=N[N+]([O-])=O,233.228,-1.6370999999999976,5.0,3.0,4.0,0.12443925049253586,1.0,145.86999999999998,0.9200960397720337,0.834944486618042,0.8880097389221191,0.13353616520762443,0.20494420304894448,0.015412454679608344,0.006449863198213279,0.1987822987139225,0.02918107816949487,0.17499865144491195,0.008029996464028955,0.21308944076299668,0.04381451215595007,0.20585741177201272,0.9994073867797851,0.0029888666700571775,0.003368236153619364,0.02622898326080758,0.0009973376407288014,0.00751344314776361,0.017774290684610606,0.0012164135841885582,0.6382292091846467,0.006793751381337643,0.014573557674884796,0.0014375443337485195,0.010858314298093318,0.002511195742408745,0.003135137469507754,0.9238944530487061,0.03660471085458994,-5.610434158194575,50.09363396222324,-5.146948180599762,-29.214596610596764,-12.243113948191855,2.0701660778426336,-1.1809125033978234,21.215964398417135,-1.2522241671316319,0.10781390624766693
6e3e62e3d489be60d403c3dc62d6cffb,Nc1nccc(n1)-c1c(ncn1C1CCCCC1)-c1ccc(F)cc1,337.40199999999993,4.233600000000004,5.0,1.0,4.0,0.776138897815819,0.0,69.62,0.6318915247917175,0.9013721346855164,0.9604296207427978,0.3695279449224472,0.72050541639328,0.39057543873786926,0.32820909917354585,0.1249988093972206,0.2798090249300003,0.566872751712799,0.7146667957305908,0.32603476047515867,0.40561496615409853,0.80210782289505,0.9998799562454224,0.01738660973496735,0.05621410571038723,0.42758036255836485,0.5269390642642975,0.06649638190865517,0.21200768947601317,0.01609963793307543,0.9323399066925049,0.2802262410521507,0.43699851334095,0.18764589801430703,0.059614015743136406,0.2792575925588608,0.080520473793149,0.2649794489145279,0.7334158778190613,-4.747421192841173,27.044926611714125,35.199651975350896,-12.645236136648128,-8.664060937581198,2.7965557727235515,3.501749416662117,92.90145084328489,-4.369591912711198,3.2839441546423993
8ea2db7461365a4da6eb986c7820396c,COc1cccc2n(Cc3cccc(CNC(=O)C(C)(C)O)c3)nc(NS(=O)(=O)c3ccc(Cl)s3)c12,549.0740000000002,3.996000000000002,8.0,3.0,3.0,0.29048583028017033,0.0,122.54999999999998,0.11260981857776642,0.3932164400815964,0.765921688079834,0.5063048422336578,0.9873361229896546,0.632452130317688,0.9877718806266784,0.08958404958248138,0.7344218552112579,0.7396770000457764,0.9915494799613953,0.38865610361099245,0.10278716236352921,0.9524766206741333,0.9998375177383423,0.0039014190318994225,0.009995075687766076,0.07481290064752102,0.23176180720329284,0.009051570110023022,0.07471642121672631,0.10662572532892227,0.8784684658050537,0.9078907251358033,0.5926159143447876,0.004840157588478178,0.04315121024847031,0.7641975998878479,0.08129554986953735,0.125953371822834,0.8648905873298645,-5.356825008680631,11.301646415028834,50.71805085546129,130.99857890661093,-12.41355482282009,3.371972925830408,2.1700187289498234,97.93459832646981,-3.4110300415535137,-0.803120835068688
8c9dc66aa1ead7b0297e095c4582401e,CN(C)CCC=C1c2ccccc2CCc2ccccc12,277.411,4.168600000000003,1.0,0.0,4.0,0.8136783893547587,0.0,3.24,0.4040458381175995,0.9963374257087707,0.9074422478675842,0.7827683806419372,0.260490682721138,0.5192798733711242,0.020349902287125587,0.8555254101753235,0.693786084651947,0.7560874938964843,0.050013449788093564,0.17248540818691255,0.2790730118751526,0.3283719211816788,0.9989341974258423,0.005459263152442872,0.013463078066706657,0.08053664714097977,0.09016318395733833,0.01909055169671774,0.051699146069586276,0.008283061254769564,0.9485369682312011,0.6709855198860168,0.10687124729156494,0.005083715030923486,0.029072568472474813,0.18049015253782272,0.023844969086349012,0.8670206546783448,0.9620815634727478,-4.371636636797144,82.49104956795301,8.500453109674286,10.98954657099486,-5.5496393059486175,2.7311116773171213,2.790467711735534,84.88296706407513,-4.364987472936279,4.348351703399916
4cd5d9fa9d3a60415198f95064bcf05c,C[C@H](Cc1cc2CCN(CCCO)c2c(c1)C(N)=O)NCCOc1ccccc1OCC(F)(F)F,495.5420000000002,3.0711000000000013,6.0,3.0,4.0,0.36983125998632094,1.0,97.05000000000001,0.4923780858516693,0.8269363403320312,0.762613308429718,0.17673319727182388,0.1945951908826828,0.07436381690204144,0.059093885496258734,0.5510915994644165,0.7938285112380982,0.6938854813575744,0.7174696683883667,0.47353544533252717,0.491197794675827,0.1532526895403862,0.9959660410881043,0.027046554535627366,0.0720391646027565,0.021104274690151213,0.031145510822534563,0.00736207002773881,0.038515530154109,0.007447199965827167,0.6869353413581848,0.8896229028701782,0.09114726074039936,0.004964699200354516,0.008916251920163631,0.19718213528394699,0.03615421950817108,0.15170430094003678,0.9817342162132263,-5.420157733601041,22.047390457722237,53.56212474437594,33.755553825487,-8.926306247498086,3.295023067363323,1.901275722845925,82.20412669698703,-3.473856201294866,5.93070277221224
8d77edafec5e84eb72072cf93365d63c,CCCCCCCCCCCCCCCC[n+]1ccn(Cc2ccccc2)c1C,397.67100000000005,7.613620000000008,1.0,0.0,3.0,0.1917076370685416,0.0,8.809999999999999,0.18851558417081832,0.7280269861221313,0.4406489789485931,0.10490569435060024,0.1637495443224907,0.10741463415324688,0.03546401560306549,0.19443262070417405,0.9371808052062989,0.6550429880619049,0.12060932666063309,0.3899949073791504,0.07337003635475411,0.03152159340679646,0.9506754875183105,0.003006570553407073,0.002986149024218321,0.011577338725328446,0.8254934191703797,0.020401194505393506,0.09177156537771225,0.00657998058013618,0.8922789812088012,0.9966139554977417,0.9185223460197449,0.0004068898742843885,0.3613396525382996,0.81552494764328,0.00593457386130467,0.9789237260818482,0.9942115187644959,-5.414598759013027,112.5796090995826,60.625850795950555,60.22783732732938,-0.9688618845033222,2.357882927717557,4.382915609092865,105.71248756893624,-5.904421327240134,26.690376410282433
b5709f3aa8472f8ddc3f341b9514fd3e,OC(=O)\C=C\c1cnc[nH]1,138.126,0.5075,2.0,2.0,4.0,0.5848387206934303,0.0,65.97999999999999,0.02397920414805412,0.6813235521316529,0.7046200573444367,0.010691686673089862,0.017135063372552394,0.3618126757442951,0.05356271117925644,0.033865469973534346,0.018919707648456095,0.026485008629970254,0.005692353169433772,0.022291604010388256,0.23962801843881607,0.8860933065414429,0.9601789832115173,0.003535134840058163,0.02272800076752901,0.03892986811697483,0.0004107626707991585,0.005113879346754402,0.020340196043252944,0.003085696860216558,0.016053479677066208,0.007619638182222843,0.04532518275082111,0.00377524005016312,0.019522356078960003,0.0015465432545170188,0.009661855746526272,0.5619055449962616,0.006304300809279084,-5.302601982470054,-70.21618262860838,-32.04619833537792,-21.445897549594335,-15.54696549912411,1.7594267221915398,-2.0036852309333257,69.4365217625422,-1.9510359847784795,-0.00015273728038680545
30cb66f62fd6620d8be4991bdd6f257d,CC(C)(C)c1cc(C=C(C#N)C#N)cc(Br)c1O,305.175,3.8827600000000024,3.0,1.0,4.0,0.8004635526156313,0.0,67.81,0.03585472796112299,0.37114826291799546,0.4317513078451157,0.9731391906738281,0.8321581840515136,0.1145462442189455,0.843637204170227,0.11170055624097586,0.1236033670604229,0.7991804122924805,0.8194706082344055,0.5423937134444714,0.0033455036929808555,0.5627033770084381,0.9999218702316284,0.0035080430214293303,0.0019849457778036593,0.14610314555466175,0.6526291608810425,0.32601293325424197,0.13283732384443284,0.1444315418601036,0.9409386515617371,0.06742204502224922,0.8780817031860352,0.029811073467135428,0.7516866445541381,0.9926480770111084,0.5331076800823211,0.9057405829429627,0.31577855050563813,-4.7388633627947705,105.283357464418,93.15282518447846,19.533236446916078,-8.235040229243843,3.5704084696819236,3.6967749784026567,99.73665892813963,-4.575904461200805,-2.051443579558369
19c506749e30136856e21156661fd03c,O=C(N1CCN(Cc2ccccc2)CC1)c1cc2ccccc2o1,320.39200000000005,3.3908000000000023,3.0,0.0,4.0,0.7420845171115978,0.0,36.690000000000005,0.2761030375957489,0.9949650406837464,0.6985695719718933,0.6609612345695496,0.8312853097915649,0.5592536628246307,0.3425055891275406,0.6600728094577789,0.7430039525032044,0.6274791359901428,0.07541981525719166,0.10832107923924923,0.4300043284893036,0.47564748823642733,0.9996331930160522,0.00974606634117663,0.03522740975022316,0.02423030845820904,0.04007528480142355,0.005830952012911439,0.17631830871105195,0.010663906345143914,0.9756744742393494,0.8254666924476624,0.49612653255462646,0.004753761831671,0.014402679167687893,0.040605107229202984,0.003535113949328661,0.8266845345497131,0.980554747581482,-4.687572357873682,94.1081818360373,59.970091301763965,59.018332991740635,-9.429737785879947,3.0162918496364757,3.347513002595272,98.18246488828609,-3.1713660789951947,-8.371020512085126
b72eb69a0d119b96cd95c927849f947c,CCCCOc1c(OCCCC)c(=O)c1=O,226.27199999999993,1.6403999999999999,4.0,0.0,4.0,0.4992260233683951,0.0,52.6,0.09205390065908432,0.8949499368667603,0.7872859477996826,0.9666779160499572,0.30718454122543337,0.2173006609082222,0.41679826378822327,0.3835661828517914,0.026386648509651424,0.5902138084173203,0.02352977585978806,0.4814490914344788,0.0026358485396485777,0.8006012082099915,0.9999317526817322,0.0010326300107408315,0.07417686991393566,0.13658574856817723,0.02016306556761265,0.0074188945349305865,0.10117143392562866,0.004142980463802815,0.9833085060119628,0.10560935363173485,0.12050042226910591,0.01659714672714472,0.019312687683850527,0.17042479515075684,0.019399339519441127,0.7884943604469299,0.3667699247598648,-3.9113096012493136,120.54050233704888,32.61946343776939,-0.7629390723113936,-4.710388610602905,1.9473567935219545,2.621183669125624,91.25130647881126,-3.402657183975618,5.038136195541737
8b8a60d7d089acacce390c2172ee4576,CCCOc1ccc2[C@H]3CC[C@]4(C)[C@H](CC[C@H]4[C@@H]3CCc2c1)OC,328.4960000000001,5.346500000000005,2.0,0.0,3.0,0.7418557203464157,5.0,18.46,0.19956285655498504,0.5930105119943618,0.9228922963142395,0.1641096666455269,0.17447617650032043,0.4286323577165604,0.048738437984138724,0.3434253498911858,0.02482760134153068,0.7872990131378174,0.10330038722604513,0.04663754622451961,0.010100479144603014,0.12025309652090073,0.9997587084770203,0.11107946336269378,0.3851795971393585,0.05549262557178736,0.10136871114373207,0.6472290456295013,0.75140221118927,0.01759850848466158,0.9869158387184143,0.5295219600200654,0.38940259218215945,0.03286595605313778,0.10850132182240486,0.3750132143497467,0.11035062074661255,0.3501027002930641,0.5254847943782807,-4.5355148424355365,101.54448340630805,73.9694810849456,1.29919372833155,-2.6203070113970868,2.254313510952321,4.681339033766049,101.0937590950452,-5.975595263781614,7.607571475913562
0c5314fb4fc0e5446aee74c4600125e2,C(N1CCN(CC1)c1nc2ccccc2s1)c1ccc2OCOc2c1,353.4470000000002,3.3472000000000017,6.0,0.0,4.0,0.7218921591755598,0.0,37.83,0.29793362617492675,0.995988392829895,0.6652392745018005,0.9886261820793152,0.9741299510002136,0.30518669784069063,0.7428120374679565,0.6249225020408631,0.9566476821899415,0.6675682902336121,0.9549794554710388,0.046475224941968915,0.3025163531303406,0.8577382087707519,0.9999794244766236,0.017649661377072336,0.04735775627195835,0.8505513310432434,0.37001119554042816,0.022781764809042215,0.167144113779068,0.049451122805476186,0.9617071986198426,0.8106945753097534,0.7052987217903137,0.039508677273988727,0.2051795870065689,0.4316482603549957,0.16941864937543868,0.6699845016002655,0.9495725870132447,-4.534575253499215,107.58013940086718,78.06265409992562,-42.820372948545426,-8.697580136900873,2.5982371905644395,3.7774459487334893,106.2873108853333,-4.5594215448755095,-5.111310955108793
7947c1ca9c80ec14086b155adb4c9264,CN(C)CCCN1c2ccccc2Sc2ccc(cc12)C(F)(F)F,352.42500000000007,5.259800000000004,3.0,0.0,3.0,0.7410247450790446,0.0,6.48,0.09591463729739189,0.9978034615516662,0.8963029742240906,0.6779766201972961,0.32536925971508024,0.36194702982902527,0.028363608196377753,0.7823219418525695,0.6667143702507019,0.6264692366123199,0.22765287309885024,0.502709436416626,0.42494033873081205,0.33802448511123656,0.9994115948677063,0.016465447191148997,0.025454529747366905,0.052197754941880704,0.056597649306058886,0.01130130672827363,0.03557861968874931,0.006619488541036844,0.966099739074707,0.8753851056098938,0.1626135602593422,0.0014003750868141652,0.011646066978573798,0.30716721415519715,0.06180942878127098,0.5256670236587524,0.987263810634613,-4.483121156972154,60.09453697989382,29.697793128034686,3.3276285709009925,-4.5870066114547665,3.2062254641902603,3.6069850150941702,97.42450365358359,-5.013276635350767,-9.57496478196904
99b82ed572a154c57a9c0c1e464d8481,CCCCCCOC(=O)\N=C(\N)c1ccc(NCc2nc3cc(ccc3n2C)C(=O)N(CCC(=O)OCC)c2ccccn2)cc1,627.7460000000003,5.602600000000005,9.0,2.0,2.0,0.07414882459282221,0.0,154.02999999999997,0.3856982052326202,0.5294281959533691,0.6728224158287048,0.09576442912220955,0.9266071319580078,0.28290557861328125,0.9518438696861267,0.10185470320284366,0.27691915929317473,0.829254949092865,0.8971412658691407,0.2797399371862411,0.30882713198661804,0.856288480758667,0.9964524269104004,0.005842778156511486,0.012221315875649452,0.22973926961421967,0.27158999145030976,0.012531078467145563,0.05845121443271637,0.043517636507749556,0.7467437624931336,0.9907077074050903,0.5857321858406067,0.08648857176303863,0.06866771727800369,0.6356899619102478,0.17214432433247567,0.22298723757266997,0.9667343497276306,-5.970956719177171,97.85822988209118,105.2990456040939,83.87927752828146,-11.752140604866495,2.7178993371401403,2.829725012720201,95.27182063006245,-4.16790567359789,-0.04787385004510662
270206728308a37272d2a4b2c9d380d5,Cc1ccc(cc1)-c1ccc(F)cc1COc1ccc(CCC(O)=O)cc1,364.4160000000001,5.397320000000004,2.0,1.0,3.0,0.6106981906381257,0.0,46.53,0.12414650917053223,0.41361422538757325,0.9569858551025391,0.28450380861759184,0.39586292803287504,0.7088787078857421,0.5020584344863892,0.056289298087358476,0.023773057106882333,0.5487459599971771,0.083036357909441,0.6839979588985443,0.05306997634470463,0.9145157217979432,0.9977257966995239,0.00818445859476924,0.027475838363170624,0.07608296647667885,0.11441508829593658,0.1184047982096672,0.3689530998468399,0.6772911965847015,0.5002642512321472,0.35881697833538057,0.2937584161758423,0.026600737124681473,0.05386135801672935,0.19807034730911255,0.04469965547323227,0.22283915132284166,0.3697073221206665,-4.866722316610143,67.67028620466671,10.646900138461774,-9.620520604315281,-5.579435652926287,2.788780546049548,2.7824970252419887,103.64269639930292,-5.8983151720095375,0.07395895303010587
ff779df9206c183748db3ed56ebef9ae,C[C@H]1CCC[C@@H](C)N1NC(=O)c1ccc(Cl)c(c1)S(N)(=O)=O,345.8520000000001,1.8951000000000002,4.0,2.0,4.0,0.8745522578533762,2.0,92.5,0.508703601360321,0.6094999372959137,0.9240768432617188,0.01560884527862072,0.022805152321234347,0.0967140756547451,0.007015906216111034,0.07367380168288946,0.07566756941378117,0.3798444926738739,0.06374186053872108,0.6848172247409821,0.4536077857017517,0.7934902310371399,0.9939633011817932,0.031175264716148378,0.06951601207256317,0.038292260840535164,0.022972085885703562,0.013550100661814213,0.14660397320985794,0.0005622979166219011,0.7808834314346313,0.036605009064078334,0.0677671816200018,0.0011364937585312874,0.009710904862731694,0.015568989142775536,0.004018527152948081,0.5051490128040313,0.12737901657819747,-5.410353112711416,-13.080059840189739,-32.15290817070705,19.9870848373626,-10.55625341489171,2.1319047981292485,0.5059445259998354,68.22895554371345,-2.8565262570333525,4.001300717491953
2fb3e64a4a4ca531da60c551c385185c,C[C@@H](c1ccc2nccn2c1)n1nnc2ncc(nc12)-c1cnn(C)c1,345.37000000000006,1.8787999999999996,9.0,0.0,4.0,0.4956856543229866,1.0,91.61000000000001,0.5515458464622498,0.6465812563896179,0.9264451861381531,0.5748116791248321,0.12682890072464942,0.19063908606767654,0.11528672687709332,0.09410680644214153,0.06538840541616082,0.5398351728916169,0.520421302318573,0.14324479103088378,0.4439255893230438,0.9102941513061523,0.9990766644477844,0.02678746171295643,0.025048449635505676,0.24835270047187805,0.17608631476759912,0.04455936588346958,0.11039138473570347,0.03971238527446985,0.9145072340965271,0.26879516541957854,0.2984165295958519,0.10856319665908813,0.026429322129115463,0.030861126352101566,0.11021824106574059,0.4161887109279633,0.5052229881286621,-5.362713933314191,36.81233624913442,36.071910588322424,-39.512832651472806,-9.952667150530687,1.8676464605927012,1.7889271418152926,74.39088158776174,-2.331135608603515,-1.7565103854480832
8cb6b77024b1f6ceb014bcdca5f16426,CCOC(=O)CC\C=C/C\C=C/C\C=C/C\C=C/C\C=C/C\C=C/CC,356.5500000000001,7.027400000000007,2.0,0.0,3.0,0.23249664011753401,0.0,26.3,0.8318599581718444,0.9566300272941589,0.6575351238250733,0.051534523628652094,0.398914697766304,0.03894762024283409,0.15437411963939668,0.12466974202543497,0.01308396263339091,0.7043118596076965,0.6459001511335373,0.8558510780334473,0.15387013332219796,0.14612563848495483,0.9856741547584533,0.05827984530478716,0.01764010430779308,0.004040869229356758,0.046990874037146566,0.019174523558467625,0.05681524146348238,0.12544152028858663,0.9715397238731385,0.33977234810590745,0.9562511205673218,0.019830679870210588,0.41686869859695436,0.061735954880714414,0.04167214431799948,0.9833608508110047,0.42789506316185,-4.876818651234072,138.98262625709887,108.33913153706521,22.666025880215834,-1.6906260485461622,1.358320750599582,4.877235739164271,103.92820312842272,-6.793693956360467,3.249901129441754
74dcf33bac3d749b930bb067b953f35e,Oc1ccc(\C=C\c2cc(O)cc(O)c2)cc1,228.247,2.9738000000000016,3.0,3.0,4.0,0.6923408487340212,0.0,60.69,0.4268882036209106,0.08748909533023834,0.47864108383655546,0.9037041068077087,0.474958211183548,0.13004028052091599,0.47768076658248904,0.14429912343621254,0.19531502425670624,0.5666131377220154,0.5609975755214691,0.12664776630699634,0.008197945123538376,0.6617868900299072,0.9988644599914551,0.02011378277093172,0.15894495770335199,0.7894298195838928,0.3252283275127411,0.82745281457901,0.8652275800704956,0.06479896157979965,0.7454954981803894,0.04580844137817621,0.929696011543274,0.5171223640441894,0.2905205488204956,0.953162956237793,0.3412812381982803,0.8972800493240356,0.4422222912311554,-4.896731697530787,106.7546942851122,30.231239620491046,-29.584132479592604,-10.953615072557598,1.8153005660042065,2.988455994297336,82.43311852128109,-2.773675474014862,-2.3694664367910434
862358dbc34487da12e1da526f0c34ab,Fc1ccc(NC(=O)C2(CC2)C(=O)Nc2cc(F)c(Oc3ccnc(NC(=O)C4CC4)c3)cc2F)cc1,510.4720000000002,4.997100000000002,5.0,3.0,3.0,0.3698654229111989,0.0,109.42000000000002,0.5293731838464737,0.7169347286224366,0.8409909963607788,0.08918019961565733,0.34507401287555695,0.24173243045806886,0.538397204875946,0.06295201256871223,0.22233001440763472,0.7057538509368897,0.5945222318172455,0.3672216236591339,0.29240152835845945,0.9051249027252197,0.9808960676193237,0.03708066884428263,0.04270585998892784,0.09570076018571853,0.17250728309154512,0.028751274943351744,0.10868251621723175,0.0631579089909792,0.5343134343624115,0.7830849528312683,0.6400500655174255,0.23120984733104705,0.20163560509681702,0.7604036569595337,0.48836864829063414,0.14995093196630477,0.6639211058616639,-4.742348768765909,37.561865836200795,42.72185849979961,90.1222493264761,-9.697810696984861,2.860955843472823,3.3202436551987375,94.1912507081582,-5.892858819950737,10.81065911278621
015760c561f2ced409eb731aa85f2bab,COc1cc(ccc1Cc1cn(C)c2ccc(NC(=O)OC3CCCC3)cc12)C(=O)NS(=O)(=O)c1ccccc1C,575.6870000000004,5.6959200000000045,7.0,2.0,2.0,0.27869329917322994,0.0,115.72999999999999,0.1489416092634201,0.5924153864383698,0.9206376671791077,0.34212985038757326,0.8396492004394531,0.8116703033447266,0.9372341752052307,0.1321408197283745,0.08612884506583214,0.6448595941066741,0.9066960930824279,0.4921934485435486,0.2146405816078186,0.9789336323738098,0.9995952606201172,0.016757457936182617,0.05009820163249969,0.0756438285112381,0.051479126513004306,0.011089223250746728,0.08019277453422546,0.12787751331925393,0.816717779636383,0.925075912475586,0.6074425339698791,0.07524139508605003,0.08122067376971245,0.8114331841468811,0.1809682697057724,0.0785109519958496,0.7536420345306396,-4.8258406609688205,33.106336711921514,76.43536339982754,132.300147365016,-10.88972288090233,3.0758692528534453,2.5844278813197206,102.58374188738105,-5.192822168814983,-5.223111068133414
a261c9695fbb799495e8e926e21f9b04,Clc1c2C(=O)CC(=O)c2c(Cl)c(Cl)c1Cl,283.92499999999995,4.0693,2.0,0.0,4.0,0.40857347411974737,0.0,34.14,0.0741539154201746,0.8721659421920777,0.8337898492813111,0.9855188012123108,0.2572207868099213,0.2216312825679779,0.6352495551109314,0.16918440610170365,0.031131955236196517,0.6480508148670197,0.09095166549086571,0.12137582153081894,0.012881219736300409,0.9675036907196045,0.9999641418457031,0.0886608436703682,0.05520168617367745,0.7472630977630615,0.0413512191735208,0.015323779359459878,0.03211270645260811,0.054371729772537944,0.9325506329536438,0.34373639822006224,0.7611871361732483,0.14562705606222154,0.19842628985643387,0.6369254350662231,0.5182222425937653,0.8901203393936157,0.20995788872241974,-3.4542426119316714,58.53806002624894,56.45353600069992,115.03440638359022,-7.058050284930485,2.5638224165777403,2.283521400365808,81.88573966106594,-5.466384991092331,4.827236766845653
10b8423716cc4ed4572704230f582d40,NS(=O)(=O)c1ccc(cc1)S(=O)(=O)Nc1cccc2c(Cl)c[nH]c12,385.8540000000001,2.2695,4.0,3.0,4.0,0.6370196418331787,0.0,122.12,0.00955919772386551,0.3506496220827103,0.850123131275177,0.25277319699525835,0.15482544749975205,0.5511284470558167,0.17024310678243637,0.08667663997039199,0.030951155722141264,0.39369688630104066,0.132865322381258,0.6577928781509399,0.050152131170034406,0.9938833475112915,0.9921554446220398,0.028607523068785667,0.04455409310758114,0.042261372320353985,0.006360093876719475,0.003181677684187889,0.024280725605785848,0.0010142689890926704,0.4064250022172928,0.11171439066529273,0.05398824065923691,0.002163223677780479,0.006699286424554885,0.12383263856172562,0.009695524163544179,0.0641191016882658,0.22298320457339288,-5.36500243952837,32.56302138578995,-1.2172733483197766,99.19662879707292,-12.068681261388203,2.5095929109669513,1.8139789157374069,95.69874637819993,-3.4829697670513142,-0.853925605632659
40bc57c546ec477cdf819a61ece86a07,Cc1nc(C(=O)NCC(O)=O)c(O)c2ccc(Oc3ccccc3)cc12,352.34600000000006,2.8555200000000003,5.0,3.0,4.0,0.651420729014751,0.0,108.75,0.09890051633119583,0.5573800325393676,0.9652943015098572,0.14816939458251,0.07597367111593485,0.562306809425354,0.120353202521801,0.040236708149313925,0.023551433719694613,0.3120191752910614,0.022946217842400075,0.23511856198310851,0.27189457714557647,0.9700408935546875,0.9855960845947266,0.010595676396042109,0.03287521805614233,0.23127744793891908,0.027010522596538068,0.02209278764203191,0.10164250731468201,0.16637646704912185,0.5962819993495941,0.04349824115633964,0.1891154333949089,0.028351228684186935,0.025135986786335707,0.031067015789449214,0.03821893893182278,0.1909836709499359,0.06690572760999203,-5.330004708301027,22.484874484909746,2.145259780886506,1.3943851453147722,-13.083501647427985,2.964292665663287,-0.9460822255372616,93.3121645903367,-3.83525710492894,-1.4213439117549256
e0755a2de59c810eee14874d59a3567c,CCCSc1ccc2nc(NC(=O)OC)[nH]c2c1,265.33799999999997,3.2433000000000005,4.0,2.0,4.0,0.8327124144827058,0.0,67.00999999999999,0.6712019443511963,0.9311779618263245,0.850593113899231,0.9850571036338807,0.5016503095626831,0.29384575337171553,0.307990038394928,0.3185591518878937,0.1773431718349457,0.5447226822376251,0.19620174914598465,0.0726415858604014,0.030827319622039794,0.9688359260559082,0.9999721050262451,0.03750266097486019,0.03730382639914751,0.9849339485168457,0.08695520460605621,0.06606029942631722,0.5673044323921204,0.03848935849964619,0.9267173767089844,0.11255612969398499,0.6470245361328125,0.7195512771606445,0.3228976339101791,0.7822870969772339,0.786859518289566,0.5417460143566132,0.3794748842716217,-4.574990935212338,30.650259613719566,58.012663734153215,-13.104544218892949,-13.49732261122136,2.33592801315596,3.1327951222774146,95.21265276621997,-4.419887953049071,-2.796282726164482
08f376c998881f8284dea79ce043bec7,Brc1ccc(NC(=S)NCCc2ccccn2)nc1,337.246,2.7682,3.0,2.0,4.0,0.8405439066338769,0.0,49.84,0.3561237543821335,0.902838158607483,0.935067093372345,0.9174296617507934,0.9006248950958252,0.28308706283569335,0.2853192090988159,0.2486362040042877,0.26892933398485186,0.5267540872097015,0.49504061341285704,0.238476000726223,0.16295315623283385,0.805268931388855,0.9998567700386047,0.022082908451557158,0.024471123050898314,0.5601192235946655,0.12017471939325333,0.02314293561503291,0.2787988096475601,0.03593843206763268,0.9642676711082458,0.07355755940079689,0.6717649221420288,0.15971182137727738,0.3799909591674805,0.3588250458240509,0.1546906054019928,0.6593002796173095,0.37531414031982424,-4.945254016124598,89.81296618094714,53.30321946279521,96.99102105987393,-10.906309028783852,2.7045320996646813,2.7623940995150873,81.14493052067589,-3.382438561414646,29.902685951044084
b82406d673d42aa6d45cc558f230795c,C[N+](C)(C)CC#CCN1CCCC1=O,195.28599999999994,0.31840000000000024,1.0,0.0,4.0,0.4588181426315885,0.0,20.310000000000002,0.010794369596987962,0.7243596076965332,0.14510897919535637,0.0009700969007099047,0.05810497661586851,0.12095795720815658,0.0029336983017856253,0.18905547633767128,0.0029414476244710385,0.48283258378505706,0.0001633612446312327,0.03856724402867258,0.0010881763409088308,0.00836075937259011,0.017182265891460703,0.0015979120915289968,0.002633036969928071,0.00017482419625594047,0.001108522160211578,0.006049278448335827,0.029888675548136234,0.0009621582923500683,0.6839769840240478,0.0005783866843557916,0.309587350487709,0.0007163233982282691,0.0024517354555428027,0.00027861874114023524,0.0005766958405729383,0.9435201406478881,0.09630609033629298,-4.2524934441944975,36.886187978392414,2.847531875083019,-32.47536250078787,-10.23256886220282,2.401628514927887,-0.3154104179285431,13.006616251253373,0.3397580959448714,-3.0110386713177277
17f6e441fb117aa7d92e81668ad68539,COc1cc(ccc1Nc1cc(Nc2ccccc2S(=O)(=O)C(C)C)c2cc[nH]c2n1)N1CCC(O)CC1,535.6700000000002,5.201900000000005,8.0,4.0,2.0,0.24302446818345502,0.0,119.58,0.15914802849292756,0.2894123584032059,0.7318093180656433,0.5291226208209991,0.9352964282035827,0.30532473921775816,0.8268240332603455,0.20363155901432037,0.14984477013349534,0.757610535621643,0.8682938575744629,0.19698799401521683,0.2687106102705002,0.9622515678405762,0.9995352864265442,0.010878677945584059,0.011028565699234605,0.6915015697479248,0.4760323643684387,0.016467931866645812,0.04929128549993038,0.09258870258927346,0.8131467819213867,0.8427159667015076,0.7852958083152771,0.11276032775640488,0.1773393601179123,0.874386215209961,0.522632360458374,0.11634993851184845,0.9609981656074524,-5.283395773902286,24.73342634347017,59.76655444582792,68.91585824320983,-13.83932393202701,3.102737501214727,3.2340283750706744,93.31355680166021,-4.592804901223225,11.701682210494994
09658925db41c9f838145401c787fe4e,CCN1\C(Sc2ccc(OC)cc12)=C\C(C)=O,249.33499999999995,3.0576000000000016,4.0,0.0,4.0,0.7700033345732221,0.0,29.54,0.3374649971723557,0.9908254742622375,0.8494725465774536,0.9540705919265747,0.9113763213157654,0.26016252636909487,0.3118098467588425,0.4564104378223419,0.11795833557844163,0.5975409209728241,0.34670916199684143,0.05037546325474977,0.017439407389611007,0.7222458720207214,0.9999915838241578,0.0089528264477849,0.017478333692997693,0.45316320061683657,0.09166450798511505,0.008709632651880383,0.21854519844055176,0.019614150561392308,0.9889724493026734,0.19362638816237449,0.3069992184638977,0.07744964882731438,0.07361119166016579,0.08103905580937862,0.04849676415324211,0.6876873850822449,0.21768271774053574,-4.203441821060062,110.03723060567968,98.49895620234913,19.08488251324612,-7.442940584683046,2.485853327355578,3.0551376068380356,83.10154573945528,-4.552749588823464,-0.807335916015818
549fda2b5adbcdc086f9fea0d2bf6591,OC(=O)c1ccc(OCCn2ccnc2)cc1,232.239,1.6602999999999997,4.0,1.0,4.0,0.8510312745143005,0.0,64.35,0.22349564731121063,0.20021087527275086,0.806140911579132,0.1154638595879078,0.2985037103295326,0.16294942572712898,0.3693907544016838,0.021459282259456813,0.3062002420425415,0.03687923913821578,0.21315807104110718,0.047833383083343506,0.1423996113240719,0.8476943135261535,0.995017695426941,0.00341289930511266,0.01286568995565176,0.23515437841415404,0.05219179168343544,0.01580549296922982,0.06526689790189266,0.010980663960799575,0.07938210517168046,0.008994645392522215,0.07570067420601845,0.025069333240389825,0.04862063489854336,0.010655134543776512,0.008264908147975803,0.4367213249206543,0.02561579067260027,-4.658782054468466,15.632026091179515,-4.413646870975908,-2.370689146597756,-13.00833816070957,1.8306283942719304,-0.9589225317277756,64.77966919824827,-2.218087617437909,0.0201023720364768
8cc5f20625d3884c07933d8657e57744,COc1cc(OC2CCN(C)CC2)ccc1Nc1ncc2n(C)c(=O)n(C3CCCC3)c2n1,452.5590000000003,3.4703000000000017,9.0,1.0,4.0,0.6128011229398508,0.0,86.44000000000001,0.3205273926258087,0.9015575528144837,0.8751175165176391,0.11903767585754395,0.04061128413304686,0.09851319268345833,0.06401870474219322,0.4892179906368256,0.19157908651977779,0.7918911933898926,0.3235268980264664,0.08981658592820167,0.7283111929893493,0.734193480014801,0.9970809936523437,0.021094491146504878,0.019259726256132127,0.2993239551782608,0.1921621322631836,0.01830320730805397,0.0668332427740097,0.00821108422242105,0.9283343911170959,0.7357742190361023,0.5649293005466461,0.31636678576469424,0.052401256561279294,0.3080992490053177,0.3390035092830658,0.1255553036928177,0.9556493759155273,-5.1627375848087755,28.018417438718892,40.571845457736195,20.60392375348797,-9.154154640250988,3.2932046855544046,2.724690182879356,79.93150078840304,-3.283108703684937,11.62513245550286
739ffecf8fc1123fb0627189a6158840,CCCCCCCCCCOc1cc2c(cc1OCC)[nH]cc(C(=O)OCC)c2=O,417.5460000000002,5.6230000000000055,5.0,1.0,3.0,0.3186312362722166,0.0,77.62,0.04767950810492039,0.505099868774414,0.5619631052017212,0.4735774129629135,0.642143052816391,0.19155227839946748,0.6533299267292023,0.18830162696540356,0.06673511825501918,0.6905177533626556,0.46977890133857725,0.19220788776874542,0.035465816222131255,0.7778257727622986,0.9985613346099853,0.013307940098457038,0.04825670756399632,0.43125284612178805,0.1242975190281868,0.04033628031611443,0.0908934623003006,0.028803241811692713,0.9092648029327393,0.9447215557098388,0.23015506863594054,0.03444139286875725,0.05414111912250519,0.36803523600101473,0.09704555124044419,0.3426686614751816,0.7770090460777282,-4.940340364216732,144.77728140852633,142.56275609770069,24.504129785652772,-6.820176197457151,2.264895917500918,4.418843542287437,102.90033334048712,-6.524562160681171,17.068441009392092
c29b637e11f8bc18c02dd9b6f9638997,Nc1ccc(cc1)S(=O)(=O)Nc1ccccn1,249.29500000000002,1.4646000000000001,4.0,2.0,4.0,0.8064259489968827,0.0,85.08,0.014746778085827828,0.6532605886459351,0.9204656720161438,0.00332286823540926,0.017694980092346668,0.5042913794517517,0.012254550866782666,0.04015789292752743,0.0042018606560304764,0.15851476639509202,0.005058790300972759,0.40878261625766754,0.03200505580753088,0.947500467300415,0.9931750893592834,0.016586578264832497,0.035792150907218455,0.005679501220583916,0.0018394293496385218,0.002449617118691094,0.05636588856577873,9.94548016024055e-05,0.40944560468196867,0.01973067009821534,0.008684716187417507,0.00030759400979150084,0.002385086752474308,0.010276032518595457,0.0011988701182417572,0.08049059510231019,0.027204177156090737,-4.847388477617893,11.517833603055255,2.3077162382223984,20.223069654974896,-12.455077362262937,1.6481143901897197,0.36154883200138815,80.27373479777468,-2.8266533656123403,-0.6654052033500855
48d1c86f967c083b476a042fce9ac0fa,CN(C(C)=O)c1c(I)c(NC(C)=O)c(I)c(C(O)=O)c1I,627.9420000000002,3.1397000000000013,3.0,2.0,3.0,0.5047465616448636,0.0,86.71000000000001,0.1333608441054821,0.360063636302948,0.8096753716468811,0.0018636120068549645,0.008202483237255365,0.1316942535340786,0.022471370897255837,0.014185861218720675,0.006360983522608876,0.24249641597270966,0.0015563306427793578,0.38023827522993087,0.023705987446010112,0.552172863483429,0.21949732452630996,0.016456588916480542,0.06905115917325019,0.008768657711334527,0.001514300040435046,0.008152458351105452,0.13875813484191896,0.002001547301188111,0.12848611176013947,0.007036532863276079,0.014293912705034018,0.0014858599723083898,0.003921570058446377,0.004718268869328313,0.008626269968226552,0.44760450124740603,0.0699852965772152,-5.231483429654398,-15.388762936280727,3.266172274883117,-9.390694758549007,-11.714732459800896,1.5285048066207592,-1.6800102436343927,65.00868264163333,-1.807953514130722,-1.842778057696951
92ddd9139e3af2bc8d3885c9943c646b,OCc1cc2c3ccccc3[nH]c(=O)n2n1,215.212,0.6680999999999996,4.0,2.0,4.0,0.626341715287401,0.0,70.39,0.06888807713985443,0.6555595397949219,0.7851705551147461,0.32516413629055024,0.021824902296066283,0.4093944579362869,0.01751064769923687,0.1154990054666996,0.0019505174190271647,0.24686598479747773,0.005598756903782487,0.06543627828359604,0.09427343755960464,0.9442544341087341,0.9996031045913696,0.010462564323097468,0.029078101366758348,0.20271973460912704,0.004676891025155783,0.00396355832926929,0.026266638934612275,0.013811611104756594,0.3990705907344818,0.030055835470557214,0.045002777501940726,0.012392628658562898,0.018298355489969255,0.04112585298717022,0.04317860752344131,0.3479406774044037,0.050285408087074754,-4.869357494563144,3.966077857051714,6.490353325733139,-3.5311797602961548,-15.887933421723663,1.7208587378165414,1.3165009709850681,77.52016650057244,-2.5531087248711115,2.2776856719019114
f24217f1bd5ebe2775392c496a21cad9,CCCN(CC1CC1)c1nc(C)nc(Nc2c(Cl)cc(Cl)cc2Cl)c1Cl,434.1980000000001,6.768620000000004,4.0,1.0,3.0,0.5224905719785741,0.0,41.050000000000004,0.22507216930389404,0.9667093753814697,0.9421841144561768,0.47403286695480346,0.6725058615207672,0.2857590809464455,0.3034895956516266,0.28928070068359374,0.765444552898407,0.7377758026123047,0.6594818115234375,0.38264180421829225,0.18685329854488372,0.45998409390449524,0.9998620510101318,0.006047698645852506,0.01081749340519309,0.43021602630615235,0.37685640454292296,0.01446574591100216,0.05867585651576519,0.013445654697716237,0.9658897042274475,0.8912053227424621,0.6614273190498352,0.034214891493320465,0.2850475817918777,0.7889625310897828,0.10827340036630631,0.5472955346107483,0.8769637107849121,-4.749011978025402,69.66780611265816,68.73227358189027,115.16201428634142,-5.590458994785426,2.7693467269948373,4.322595988106867,108.1387928395906,-6.156146902379882,33.793785924222064
e1d1f293b59f75d7ae3189c184a826fc,CCOC(=O)[C@H](CCc1ccccc1)N[C@H]1CCCN2CCC[C@H](N2C1=O)C(O)=O,417.5060000000003,1.5955,6.0,2.0,4.0,0.619939920109502,3.0,99.18,0.32558622658252717,0.3324566662311554,0.8838386178016663,0.008791352715343237,0.11720965541899205,0.14187262654304506,0.07924632728099823,0.03059530146420002,0.046986455633305016,0.49304625391960144,0.29606670066714286,0.2283239930868149,0.4272562742233276,0.7460900068283081,0.8617231369018554,0.00948050778824836,0.06285541579127311,0.06271112523972988,0.024251241981983186,0.01124729411676526,0.09941821172833443,0.04477105252444744,0.5719642877578736,0.13019831329584122,0.11492046564817429,0.008776925783604384,0.018821722455322744,0.005258278921246529,0.02569078132510185,0.4000729858875275,0.1897956609725952,-5.695577703944588,15.031866213117226,14.164491569592093,22.749169986897073,-11.443829079877505,2.3707322005336415,-1.1729358550398714,74.56426904419604,-1.9603158693275948,2.2777251587157537
8e289563efb2785858a93a2b8db718ed,CCCCC\C=C/C\C=C/C\C=C/C\C=C/CCCC(=O)NCCO,347.5430000000001,5.240600000000005,2.0,2.0,3.0,0.2961744725235791,0.0,49.33,0.7545102655887603,0.8601460814476013,0.5219079360365868,0.07431256994605065,0.32708083689212797,0.04498956203460693,0.10364014524966478,0.22989387214183807,0.0321187908295542,0.5758149802684784,0.4758735172450542,0.8306220054626465,0.12307260839734227,0.049261708930134776,0.9853003025054932,0.030287592858076095,0.014933905506040901,0.023570188484154642,0.05874405466020107,0.021935103833675383,0.06203695610165596,0.07509730160236358,0.8790762424468994,0.5465889006853104,0.9100124716758728,0.009001114452257753,0.4222175896167755,0.16069796085357665,0.05187274646013975,0.94220050573349,0.6267130851745606,-4.792755399401967,72.3610730781402,79.03064046295944,48.897420208577884,-5.552611686572289,1.7556405567485875,3.622746435400329,99.95684252747424,-4.932838433411575,13.5454726219712
868423af77f4707bc26145f8fbcfd95c,Oc1cccc(O)c1,110.11199999999998,1.0977999999999999,2.0,2.0,4.0,0.5245841402909771,0.0,40.46,0.12155547961592675,0.2912620544433594,0.45110832452774047,0.6536664605140686,0.19566386044025422,0.12915382385253907,0.21359251514077188,0.2886135905981064,0.1782556988298893,0.3706265568733215,0.1931212040130049,0.13362321238964797,0.005768068076577038,0.09577910304069519,0.999590802192688,0.003278108109952882,0.021487249992787838,0.19122857600450516,0.036926481127738955,0.1729343995451927,0.18647014498710632,0.0038481858267914505,0.4870148219168186,0.007532308343797922,0.2095535144209862,0.006883153761737049,0.04886355325579643,0.2977078393101692,0.025223126146011056,0.8538959980010986,0.15712852627038956,-4.795558415471762,108.29185656558768,31.993283776117362,5.402219630115946,-8.539991459282497,2.3468273361731966,1.7419732047503627,54.28857878762615,0.32201744632443774,-0.6490928648193997
0375f1b9d4ee9f19f21fbcb35612ac0b,CS(F)(=O)=O,98.098,-0.08449999999999991,2.0,0.0,4.0,0.3968265474225333,0.0,34.14,0.6457841277122498,0.9900855422019958,0.7897928655147552,0.24927602112293243,0.003275414002564503,0.04927504612132907,0.00046840440687958564,0.06425563232041895,0.0026044582182294107,0.3258933275938034,3.9898083974776456e-05,0.8703659296035766,0.006879724991631519,0.9747227549552917,0.9858780145645142,0.0005330035790393594,0.0005074314609373687,0.003248008516493428,0.0007363538908066403,0.0011462746504548704,0.026237800042144953,4.725738932656043e-05,0.8022167801856994,0.10024570673704147,0.17254513017833234,7.004983247043129e-05,0.008146328115253709,0.0063445015719509005,0.007316498246291303,0.5599357903003692,0.053638833295553925,-4.015868787402223,-81.63515340591866,-31.428057306107554,0.54035055621423,-4.0861609379885016,4.668838864783079,0.7567932245524646,36.85775374258394,-0.3658341179084624,-0.45023178849208667
f937172560f8b67c2cfc028373bb9c47,CN1[C@H]2CC[C@@H]1C[C@@H](C2)OC(c1ccccc1)c1ccccc1,307.437,4.417800000000004,2.0,0.0,4.0,0.8289288715670489,3.0,12.47,0.4786617696285248,0.980530071258545,0.9250153303146362,0.03743419088423252,0.2500872269272804,0.09377389997243882,0.029621119424700738,0.4847022771835327,0.833160650730133,0.4369809329509735,0.01892154198139906,0.017821746040135623,0.3492597535252571,0.06229014825075865,0.9987344145774841,0.0037571655120700598,0.042033631913363935,0.05728439465165138,0.11061270833015442,0.04675951953977346,0.17122308313846588,0.0020204892265610398,0.9521430373191834,0.38695512115955355,0.053145553916692734,0.0025378045975230634,0.015070449654012918,0.12024131454527379,0.0058570995111949745,0.8012917995452881,0.9654449820518494,-4.848782299662963,76.4147015859614,-0.5004195218295052,31.51271524633932,-5.482090055173709,2.702323416949299,1.6675039019137319,74.44403606328724,-4.054769395428229,-2.093912607829602
b0772f9f6d18e8ff4d9830ab71cf7076,COc1ccc2C[C@@H]3N(C)CCc4cc(OC)c(OC)c(Oc5cc6[C@H](Cc7ccc(Oc1c2)cc7)N(C)CCc6cc5OC)c34,622.7620000000001,7.16240000000001,8.0,0.0,2.0,0.23769359923207428,2.0,61.86,0.21792597621679305,0.5663791000843048,0.8109684467315674,0.02056242972612381,0.055206967145204545,0.1763924926519394,0.015930024534463884,0.4143945127725601,0.0987976597622037,0.9463165998458862,0.11632722541689873,0.1213270179927349,0.1540834277868271,0.6688159465789795,0.8510958433151246,0.008190720155835152,0.01898806877434254,0.34044247269630434,0.05728290230035782,0.012084821611642838,0.03435881100594997,0.005079679260961712,0.8678024411201477,0.9492480993270874,0.2867373913526535,0.02044779323041439,0.07268567904829978,0.15902624279260635,0.05255124345421791,0.3177454054355621,0.9263037085533142,-4.9678290699960375,23.722580603125,42.702367080297435,48.74327245710784,-7.038186084790295,2.967093820195749,3.2866073753718785,89.14615685157779,-5.289268637555233,10.16363797835938
a7bcddeb0174f3dca5348d2f68cdb6a3,CC[C@H](CC#N)OC(=O)N[C@@H](C)c1cccc(NC(=O)Nc2ccc(-c3cnco3)c(OC)c2)c1,477.52100000000024,5.473680000000004,7.0,3.0,3.0,0.3710832823303815,2.0,138.51,0.21938531398773192,0.5815893769264221,0.8769850969314575,0.45336460173130033,0.9205717086791992,0.4300391048192978,0.9250218629837036,0.27600349187850953,0.43960654735565186,0.7052738666534424,0.9888330340385437,0.19042764008045196,0.5614665508270263,0.9568191289901733,0.9995161890983582,0.00455466543789953,0.015085082408040762,0.5094375789165497,0.2152590572834015,0.014402622915804386,0.036615542322397235,0.0832405723631382,0.8859961867332459,0.8632489204406738,0.5094804167747498,0.028085962869226933,0.040113086253404616,0.6514248013496399,0.3228732705116272,0.09362259656190872,0.9301470041275024,-5.14103298209417,45.73569288192999,108.70611522046515,70.46148885504974,-10.844910701168564,2.501215594565889,3.5474991523430304,95.07348062229167,-6.350896715655796,3.4053745101848967
e8a3b67f5b7334150e9a1d512401edac,CCc1nc(C)ccc1O,137.182,1.6580199999999998,2.0,1.0,4.0,0.6381310202113415,0.0,33.120000000000005,0.08437255136668682,0.890351390838623,0.964318573474884,0.5743216276168823,0.09939809367060662,0.2882117658853531,0.016077709291130303,0.3778228282928467,0.007470933883450925,0.5282907307147979,0.024870676314458252,0.05722015304490924,0.0033379306783899664,0.26478509306907655,0.9999911546707153,0.000440679895109497,0.008579965820536018,0.04237515553832054,0.002491003088653088,0.0026645467965863644,0.015199740510433912,0.0007944554032292217,0.9775588750839234,0.005013336311094463,0.02313905619084835,0.0014408034039661288,0.008241988439112901,0.0022325032739900054,0.0012906057760119437,0.5339660167694091,0.019672621227800845,-4.212388485086859,64.22810248325678,48.895885870562445,1.216496543562507,-7.389759734646626,2.1751678809775927,0.9336677321643553,53.000201107424786,-0.9857480170798597,-6.43441911479367
b3ed0ef5e430f7d2d489f9fe136ab28f,Cc1ccc(NC(=O)c2ccnc(c2)C(F)(F)F)cc1-c1cc(OCCO)nc(c1)N1CCOCC1,502.4930000000004,3.9308200000000033,7.0,2.0,3.0,0.5054374600826907,0.0,96.81,0.42373921275138854,0.4181534290313721,0.9164210438728333,0.05213622990995646,0.3158683001995087,0.26511788964271543,0.4672205448150635,0.08819303810596466,0.020325318910181522,0.7487008571624756,0.619332754611969,0.4231820464134216,0.46341145038604736,0.9726858854293823,0.999236011505127,0.007600036077201366,0.031106687150895596,0.30836485624313353,0.19439148306846618,0.007351436093449593,0.06558033935725689,0.04215211197733879,0.8927006125450134,0.8301116943359375,0.6894197463989258,0.040901498310267924,0.041926047578454015,0.8141007900238038,0.4451730936765671,0.06170479208230972,0.8664808750152588,-4.765591758840872,21.200731399989323,49.45358934006343,4.56902405780102,-11.271826417525503,3.422535008116239,3.224811555321886,93.77567511549584,-5.111219018211822,3.0842935811611816
0f52ce83615615b3255a3cac9bd9d08a,CCOC(=O)c1ccc(cc1)N1NC(=O)\C(=C\c2ccc(o2)[N+]([O-])=O)C1=O,371.3050000000001,1.8258999999999999,7.0,1.0,4.0,0.2786584382323072,0.0,131.99,0.9579884767532348,0.6484387516975403,0.9038577198982238,0.5099209308624267,0.5131038188934326,0.173743137717247,0.5898185133934021,0.025403592362999917,0.017589233350008726,0.3554871678352356,0.2115607351064682,0.3649712860584259,0.20851142704486847,0.994183886051178,0.9971834063529968,0.013749965629540385,0.01108682262711227,0.39555163979530333,0.10468007549643517,0.05147429406642914,0.3116742938756943,0.04916334971785545,0.9407006978988648,0.1846163809299469,0.8766019701957702,0.25205608904361726,0.2521663948893547,0.758252739906311,0.40293148159980774,0.8508931756019592,0.3437777027487755,-4.668479530668684,55.9569329232193,34.44980084938961,57.96188239557311,-11.658706530545643,2.4253964417919516,1.6044512841861855,94.866716629776,-5.187353840463538,4.28190395196234
5ce6afb45a39b0312e3b36f6125a6447,C[C@]1(Cn2ccnn2)[C@@H](N2[C@@H](CC2=O)S1(=O)=O)C(O)=O,300.296,-1.5231999999999979,7.0,1.0,4.0,0.6721670015102429,3.0,122.46000000000001,0.04293565712869167,0.2585843324661255,0.6145140767097473,2.167916113648971e-05,0.000919253948086407,0.10296385437250137,0.00037768804327242833,0.004264389353920706,0.00019875717680406524,0.15639589875936508,0.00025221009564120324,0.053937350399792194,0.02212849520146847,0.8981945991516114,0.3430034667253494,0.0025358217768371104,0.007305129058659076,0.0008029167918721214,0.0010811965796165169,0.0030900830606697127,0.028688070923089982,0.001200115226674825,0.026056900236289947,0.0015333169576479122,0.14046558141708373,0.0001184610700875055,0.0011117314104922115,5.465964050017646e-05,0.002806915936525911,0.684449565410614,0.00047832886994001453,-5.719979285171934,-6.732672841154487,10.389613848926185,-14.34101714428768,-15.668466476166492,1.6893185420871866,-3.573507996672254,38.91685973584829,-1.9867551746775702,1.8062175775803595
d9f496e82e09bbe43092fa778be5fd29,CCCn1c(=O)[nH]c2nc([nH]c2c1=O)-c1ccc(cc1)S(=O)(=O)N1CCN(CC1)c1ccc(Cl)cc1,529.0220000000003,2.6542000000000003,7.0,2.0,3.0,0.39628305947772785,0.0,124.15999999999997,0.05907307863235474,0.32106126844882965,0.7035032153129578,0.28034606873989104,0.6927749276161194,0.448921999335289,0.7614746212959289,0.17826836705207824,0.128469005972147,0.640757417678833,0.6333925664424896,0.3199067026376724,0.37394489645957946,0.9792430996894836,0.9958758592605591,0.014730180427432061,0.039953934587538244,0.1327819809317589,0.19440963864326477,0.025604877434670926,0.08603296726942063,0.10204177126288413,0.8033438563346863,0.6807915687561035,0.7305302500724793,0.04216708205640316,0.041764743626117706,0.5461484014987945,0.2084300249814987,0.21028568595647812,0.9092166781425476,-5.126515724501188,46.924647401547304,35.21411096436253,-13.913524990466371,-12.67176461412161,3.029254653709982,3.3605674357098763,99.749302684359,-5.978256199496888,-3.2856367253023704
f3bc2d1fe53cc14bd85bd2845047acfe,Fc1ccc(Cl)cc1-c1nc(Nc2ccncc2)c2nccnc2n1,352.7600000000001,4.017900000000002,6.0,1.0,4.0,0.5998369578834515,0.0,76.48,0.4236875355243683,0.8002946496009826,0.9640340685844422,0.9907190561294555,0.5648364543914794,0.2332671120762825,0.30200174152851106,0.22380169332027436,0.2928254395723343,0.48104868531227113,0.9781418681144715,0.06129448637366295,0.25030865967273713,0.9918307542800904,0.9999816656112671,0.047631672397255895,0.0508684579282999,0.9491332530975342,0.6203839719295502,0.05444161370396614,0.19671513736248017,0.13979560732841492,0.9706795573234558,0.2913443595170975,0.7403904438018799,0.469599986076355,0.15763609372079374,0.4517516493797302,0.46516945362091067,0.36181789040565493,0.711168372631073,-4.566901167869463,31.34552687909986,35.07839302935176,54.92382314909615,-10.400650926152267,2.1920101573041397,2.9630258223773054,97.16666533120589,-5.4988641916227525,1.1260902755549638
443215538d80cb0003903996180dd59d,O=C1NC(=O)[C@H]([C@@H]1c1c[nH]c2ccccc12)c1cn2CCCc3cccc1c23,369.4240000000002,3.592600000000002,3.0,2.0,4.0,0.5303973124628918,2.0,66.89,0.3224204033613205,0.8718908548355102,0.752886700630188,0.5751736104488373,0.5013415664434433,0.346589532494545,0.2266020581126213,0.1992453381419182,0.06426901482045651,0.6690090835094452,0.671304339170456,0.12874677926301956,0.3853343427181244,0.9270199060440063,0.9978758454322815,0.03413708731532097,0.029832419380545615,0.28677735552191735,0.2193792700767517,0.0848555825650692,0.12277945429086685,0.09521214738488197,0.695807671546936,0.6922752141952515,0.6004410088062286,0.07018003650009633,0.2596717208623886,0.36901275515556337,0.41460943818092344,0.49595080614089965,0.47630050778388977,-5.323509773206148,35.815429351651616,38.01177607820738,73.21526453999343,-11.361712952128949,3.1554300131442305,3.51542609251734,99.7189195185116,-5.140874214746851,-5.569961170823581
8fabfa63b7dacf346f05f4a3c58f4a44,CCCCCOC(=O)c1ccc(cc1)N(C)C,235.327,3.0996000000000015,3.0,0.0,4.0,0.5602595522494339,0.0,29.54,0.11855354979634285,0.9666797876358032,0.657140588760376,0.9939711093902588,0.9324236631393432,0.1906227611005306,0.45621979236602783,0.31957331001758577,0.09514958560466766,0.4554071068763733,0.0789198748767376,0.21415107995271682,0.0031965058762580155,0.73718763589859,0.9999778985977172,0.01146732671186328,0.10791574120521545,0.544063127040863,0.04576878100633621,0.046767807006835936,0.6708115816116333,0.004695665976032615,0.9930518388748169,0.031375687569379807,0.10275335311889648,0.31633844375610354,0.03972481861710549,0.20011072903871535,0.028410224243998528,0.7113984584808349,0.4176103711128235,-4.066538067659319,181.3348043764009,118.27988284249075,34.88071842411815,-5.986049475714597,2.3783788652784983,3.3540885686276254,85.06448142919358,-4.1106551459959935,9.138787045363216
6cf5e2941a031081d700eafbeacdcefa,OC(=O)c1cc(O)c2C(=O)c3c(O)cccc3C(=O)c2c1,284.223,1.5714000000000001,5.0,3.0,4.0,0.6249995898568739,0.0,111.9,0.6456632971763611,0.04028700874187052,0.5413281917572021,0.38180696666240693,0.03395592402666807,0.03627448920160532,0.1883004993200302,0.004797457891982049,0.0861371723935008,0.12519295141100883,0.02783657005056739,0.06054954715073109,0.056620896840468046,0.9793551445007325,0.9824940919876098,0.014335103926714509,0.043565538339316846,0.6481513857841492,0.01398223415017128,0.2142348825931549,0.4963783144950867,0.005839038989506662,0.13877599462866783,0.019065825454890727,0.7666673302650452,0.047042461857199666,0.010782643128186465,0.6901828169822692,0.034604943543672564,0.8536579132080078,0.054920416604727504,-5.0474766310799435,36.76555728707267,10.153295761182054,18.4775745836613,-12.51453494143297,2.010726020123698,-0.20262410449786034,92.13930213445258,-3.307651325042415,10.23734327449426
10fb92496660f7df109c430b12f0ab61,FC(F)(F)c1cccc(NC(=O)Nc2cc(ccc2-c2ccsc2)S(=O)(=O)NC2CC2)c1,481.5210000000002,5.518600000000004,4.0,3.0,3.0,0.43338038352309904,0.0,87.30000000000001,0.07378559969365597,0.8690860033035278,0.8263116121292114,0.8967857837677002,0.9110220074653625,0.6358507156372071,0.8378973722457885,0.19520676434040068,0.5885124802589417,0.47157046794891355,0.9216833353042603,0.5165216207504273,0.17362206280231476,0.946281099319458,0.9996098637580871,0.037687138095498084,0.038497819751501086,0.07043524719774723,0.13121028989553452,0.013405433669686318,0.11824931204319,0.12135170623660088,0.6365933954715729,0.6153404176235199,0.5773353099822998,0.038216854073107244,0.09842761456966401,0.8909319519996644,0.3291620463132858,0.187326580286026,0.8046250700950622,-4.950586035553894,59.10079610632893,54.60810606322474,70.78259712595498,-8.65350534604083,3.7891184149739217,3.6133431627695516,103.7600130613533,-5.789501528862287,-3.8939183555778287
b7bd073713a24bc484f8381f97136a98,CC(=O)Nc1nc2c(Oc3cc(ncn3)-c3ccc(cc3)C(F)(F)F)cccc2s1,430.41100000000006,5.522800000000002,6.0,1.0,3.0,0.4611613101186221,0.0,77.0,0.37329835891723634,0.882506275177002,0.9317704319953919,0.7947419166564942,0.8334146022796631,0.46658494472503664,0.5314192712306977,0.11786464750766754,0.038930675573647024,0.5614782333374023,0.34668414294719696,0.4092021107673645,0.1440025746822357,0.9833693385124207,0.9997917175292969,0.02015302926301956,0.07746622525155544,0.6677290797233582,0.2925093799829483,0.0312785230576992,0.27403485476970674,0.14307695776224136,0.9209554076194764,0.8381320595741272,0.8388364911079407,0.18214333057403564,0.10786394849419594,0.7922443985939026,0.456463885307312,0.16039196401834488,0.7469668984413147,-4.899756918295242,41.506130054788514,68.12830916424541,21.766509163537293,-8.575826122330465,3.031690228430896,3.8599628867758975,102.9019540980534,-5.952462912387107,-4.773754733169617
b15b1f7a77868cfd6d76e5473827bf49,COc1ccc(C(=O)CCC(O)=O)c2ccccc12,258.273,2.895900000000001,3.0,1.0,4.0,0.8374091744783276,0.0,63.6,0.20299367010593414,0.7309394836425781,0.9490763664245605,0.30898964405059814,0.05537211187183857,0.6055865585803986,0.04684256911277771,0.09341247454285621,0.018907899409532546,0.25091829597949983,0.013275483343750238,0.19679166972637177,0.20799747854471207,0.9475467324256897,0.9968077421188355,0.04890705458819866,0.05965945273637772,0.248882432281971,0.015772053506225348,0.02977786846458912,0.12461480349302292,0.21811794340610505,0.5123417496681213,0.060740490444004536,0.2403487741947174,0.06587240844964981,0.013414051430299879,0.021007031155750155,0.08724969550967217,0.217365163564682,0.02000492662191391,-4.560247555600094,37.322457157416,16.490356795696115,7.388729273678942,-10.951787071059936,2.415237378854684,-0.5461391277549429,100.30349683252425,-3.386235990080936,4.403622897610967
e48ad548b7ab06852b6c1bb5eed6c3b8,CC(=O)Oc1cccc(C)c1,150.177,1.92032,2.0,0.0,4.0,0.45128381192661615,0.0,26.3,0.06481374464929104,0.9842021822929382,0.9252135753631592,0.8985884547233581,0.5931527495384217,0.3262170433998108,0.06713172420859337,0.3188207119703293,0.009961814805865287,0.4272776246070862,0.020915459282696246,0.24220883548259736,0.005520942248404026,0.5276076972484589,0.9999879598617554,0.0008569279656512663,0.022467700950801372,0.012851298786699772,0.0007758271007332951,0.005896368576213717,0.08722009733319283,0.0007247820198244881,0.993012797832489,0.00997169096954167,0.0031680844724178312,0.002539466774032917,0.0035661127185449004,0.0015376339462818578,0.00043786473834188654,0.5579550802707672,0.031696831621229646,-3.830247292139359,103.82029692759349,69.8019712735484,-15.387837702492154,-3.58412516793456,1.7794782876776025,2.1686737202679884,80.86349615234599,-2.0612353126254326,0.9444488035906705
bbdcfa0d4ae130f5ed00db8b34c535d9,CCCCOCCOc1nc(sc1C)-c1ccc(C(O)=O)c(F)c1,353.4150000000001,4.151320000000003,5.0,1.0,4.0,0.6859411970951788,0.0,68.65,0.49588336050510406,0.582772171497345,0.9707458019256592,0.2101025253534317,0.37447777986526487,0.3497916698455811,0.701358950138092,0.05416809879243374,0.00756444213911891,0.31107876300811765,0.05275525040924549,0.4696720838546753,0.08609500527381897,0.9682583093643189,0.9982914566993714,0.008870052453130484,0.11193202584981918,0.5274695813655853,0.17586992979049682,0.04842416495084763,0.2518205106258392,0.23284742385149002,0.707923698425293,0.2191546842455864,0.48300317525863645,0.2599243938922882,0.07290725037455559,0.2857534378767014,0.126150956004858,0.2442791521549225,0.11035065650939942,-4.599822781133513,77.94458517395461,47.484842771894414,0.9278246214821599,-6.835467153072095,2.597327809197633,1.7826709989136962,90.77328636335622,-4.11866775002966,6.956174976398065
9f51a35153e80c894fa8ed3be2987ab7,[H]n1c(C)nc2ccc(cc12)C(=O)N1CCC2(CC1)Cc1cnn(C(C)C)c1C(=O)C2,405.50200000000007,3.7002200000000025,5.0,1.0,4.0,0.7045687207062564,0.0,83.88,0.2302742063999176,0.9186178922653199,0.8347263097763061,0.16667718924582003,0.44464264065027237,0.1999865934252739,0.6150349766016007,0.425395530462265,0.14009078815579415,0.8522488236427307,0.5759262621402741,0.10815653279423713,0.5077313661575318,0.6147085189819336,0.9999473094940186,0.02342658406123519,0.033563940040767196,0.1636165801435709,0.0863337941467762,0.0142986228922382,0.15462011396884917,0.006039408268406987,0.9614553570747375,0.7260395526885987,0.5298336267471313,0.08070900812745094,0.06069169864058495,0.15943696722388268,0.051581700518727305,0.19434507936239243,0.8570478677749633,-5.3818426543555615,31.221878276507947,16.604316984602946,6.462711388464847,-11.547758682130954,3.0552336371095903,2.4284137620511452,77.12938477436373,-3.012968376522685,0.8497017483639719
3b433e21f53f4c898b9adfbaafca0f7c,CCOC(=O)c1ccc(OC(=O)CCCCCNC(N)=N)cc1,321.37699999999995,1.8121699999999998,5.0,3.0,4.0,0.21002610259021393,0.0,114.5,0.19994830787181855,0.4349697917699814,0.6988852024078369,0.3870602369308472,0.19087952077388765,0.05012948475778103,0.03121679276227951,0.432625550031662,0.742581057548523,0.30771971940994264,0.07767772898077965,0.14023093618452548,0.1149150587618351,0.12797936648130417,0.8801178216934205,0.029046245291829108,0.049812177941203115,0.035027858801186085,0.009653684683144093,0.1341366797685623,0.23891932070255278,0.005585318757221102,0.5652922034263611,0.05628906339406967,0.029716730862855912,0.016671326383948325,0.010043648071587086,0.00854941364377737,0.020039826259016992,0.4645747482776642,0.3951626420021057,-5.76382258945023,77.18275210420504,10.341173806673968,-0.14997874404907846,-11.019989263531672,2.28148325859834,0.21910046930981264,48.15522736597167,-2.0181759045353465,4.728864325309099
8338996b775bef4e8a3c886fb18eef5c,[H][C@@](CCNCS(O)(=O)=O)(NC(=O)CCCC(C)C)C(=O)N[C@@]([H])([C@@H](C)O)C(=O)N[C@@]([H])(CCNCS(O)(=O)=O)C(=O)N[C@@]1([H])CCNC(=O)[C@@]([H])(NC(=O)[C@]([H])(CCNCS(O)(=O)=O)NC(=O)[C@]([H])(CCNCS(O)(=O)=O)NC(=O)[C@]([H])(CC(C)C)NC(=O)[C@]([H])(CC(C)C)NC(=O)[C@]([H])(CCNCS(O)(=O)=O)NC1=O)[C@@H](C)O,1611.883,-8.84059999999997,28.0,23.0,1.0,0.0199323483938528,12.0,692.56,0.34770877808332445,0.026513005793094634,0.11502763107419015,0.000985023762768833,0.011556456005200744,0.02363972468301654,0.00310039131436497,0.04169422928243875,0.025325908046215772,0.5184616416692733,0.055668854340910914,0.25845574885606765,0.13032086715102195,0.38598212897777556,0.015103265491779894,0.03684539254754782,0.10429236590862274,0.00286835475708358,0.004530065669678151,0.10206294581294059,0.16776702404022217,0.0060883457073941825,0.08187582641839981,0.09067938700318337,0.26937692165374755,0.019843734707683323,0.01789399147965014,0.029787632264196874,0.15359812676906587,0.25321747064590455,0.2930908799171448,-6.374994518572824,17.11083462277275,49.60631783211589,132.88094472287952,-12.8014266994119,3.231373649759991,0.5923986354933948,71.86367818142291,-1.9449392638356717,-0.7652239153645489
f21c5bf764f4ab97c93985fb59b3b332,CCc1nc(C)cn2nc(cc12)-c1cc(=O)n2cc(cc(C)c2n1)C1CCN(C)CC1,416.5290000000003,3.392640000000002,7.0,0.0,4.0,0.5121034058923826,0.0,67.8,0.2891343295574188,0.8500683903694153,0.8818937182426453,0.04723139740526676,0.025732867512851955,0.16573268473148345,0.061323686875402926,0.4006315588951111,0.029575846367515625,0.836973226070404,0.13655331805348397,0.21659818291664124,0.7267499208450318,0.8057998418807983,0.9943800687789917,0.030260915122926235,0.06405195370316505,0.04219033867120743,0.043746089190244676,0.018039244413375854,0.06822381690144538,0.004894000990316272,0.9693661689758301,0.8145709037780762,0.29469855427742003,0.029164182394742964,0.017875972483307124,0.02026055781170726,0.0282514126971364,0.22435715645551682,0.9030422687530517,-5.193062295929977,-3.545019953886019,12.688095973302602,9.625134338607834,-8.996633437436858,2.8552302903261086,1.8421555131830978,73.21383301013678,-2.87011810860196,4.221546468705338
a9b32de6e75510f80165a643eaa97ac3,CNc1ncnc2n(cnc12)[C@@H]1O[C@H](CO)[C@@H](O)[C@H]1O,281.272,-1.5205,9.0,4.0,4.0,0.5342275014319904,4.0,125.55000000000001,0.7693880259990692,0.586867344379425,0.747846496105194,0.005662753083743155,0.0019165865669492632,0.0750473003834486,0.0026950828556437044,0.013886818895116448,0.00238480916300432,0.08154940009117126,0.0007951862658956088,0.05157392136752605,0.21232406795024872,0.955320394039154,0.9680027842521668,0.011740648187696934,0.009895184962078928,0.21737984120845794,0.07324478700757027,0.014972206857055425,0.07904277294874192,0.003739219636190683,0.10348807573318482,0.00357900969684124,0.33607420399785043,0.03614772148430347,0.014134909957647324,0.010523144295439124,0.5451420217752456,0.4531649172306061,0.12993006259202958,-5.620202749895723,16.811745110999183,-1.6910316571099273,23.812826251238974,-19.924399943866455,2.2923167299085887,-0.5965735053881035,34.8724968078455,-1.4994014014202737,-2.09855995740584
9b0f21b45bb69dd3e8d63f7196cfbef7,O\N=C1/C(/Nc2ccccc/12)=C1/C(=O)Nc2cc(Br)ccc12,356.17900000000003,3.4163000000000006,4.0,3.0,4.0,0.38477623939536587,0.0,73.72,0.5798722058534622,0.8595853567123413,0.7935627698898315,0.9838611483573914,0.7382372200489045,0.23792649060487747,0.7416860342025757,0.14359289333224295,0.21696614176034928,0.6356678009033203,0.7736562013626098,0.3310091942548752,0.05284606963396073,0.9636826992034913,0.9998532295227051,0.047581258602440356,0.0243816657923162,0.9041985392570495,0.2440812110900879,0.02971170349046588,0.22468194663524627,0.16560378968715667,0.9180202960968018,0.580018937587738,0.8544281005859375,0.14817514270544052,0.45836928486824036,0.9481550812721252,0.5767695248126984,0.9128854990005493,0.755724060535431,-4.663754862307099,37.60828100931825,33.30437616271708,118.67745861970104,-9.724123794225278,2.96635000467179,3.680438309239574,101.09719223717647,-6.7986232322463085,-5.577380006026805
2cabfa7615f52104cd98797a9f861fc2,O=C1NC(=O)c2c1c1c3ccccc3[nH]c1c1[nH]c3ccccc3c21,325.32700000000006,3.839200000000001,2.0,3.0,4.0,0.3782916855399328,0.0,77.75,0.7192184567451477,0.8305371165275574,0.6408106863498688,0.9947294116020202,0.3547385036945343,0.1755661964416504,0.26187746673822404,0.1693466581404209,0.11728698834776878,0.46244707703590393,0.5625283062458039,0.09634186215698719,0.10519399419426918,0.9956424713134766,0.9998841404914856,0.2717119172215462,0.013251374661922454,0.9152102828025818,0.18826260417699814,0.0705772764980793,0.08563019037246704,0.12379415687173605,0.8620670676231384,0.6400310635566712,0.8580583691596985,0.0650363728404045,0.335109743475914,0.8944257020950317,0.7792239427566529,0.9052316784858704,0.6592266619205475,-4.800563987388827,-17.62193268511873,2.429034577125028,189.54250317472867,-12.273945943646908,2.0576619026351204,3.534186669660052,102.1333174368846,-7.077958865459385,4.23119156093283
747d002d0f4b928e08a8671bbfb61cf6,CC\C(=C(\CC)c1ccc(OP(O)(O)=O)cc1)c1ccc(OP(O)(O)=O)cc1,428.3140000000001,4.3604000000000065,4.0,4.0,4.0,0.3600305737273551,0.0,133.52,0.051600550394505264,0.2490011692047119,0.4387671947479248,0.1618355529382825,0.24919270500540733,0.38946624398231505,0.19091934859752654,0.05800974927842617,0.3524176076054573,0.42806209325790406,0.06041899612173438,0.5145553290843964,0.3114888995885849,0.5571434319019317,0.3380680665373802,0.02103980565443635,0.03871533870697021,0.058198578748852016,0.08043661713600159,0.41617177575826647,0.4273777544498444,0.013963963091373443,0.3764806993305683,0.2137194335460663,0.3076004534959793,0.005610882327891887,0.03688006456941366,0.2719690456986427,0.07783619165420533,0.3439985454082489,0.3812720775604248,-5.241614549831208,-0.7870753378633765,12.469203563041233,104.17598348366009,-7.819241116725912,2.7483971848532813,2.0735538133025004,97.08690477764861,-2.5544678891242847,-0.9547783394924387
7a5983533eb699b40691d4dbd65f1f2a,CNc1ncc(cc1C)-c1ccc2c(c1C)n(cc(C(O)=O)c2=O)C1CC1,363.41700000000014,3.7551400000000017,5.0,2.0,4.0,0.7373244990908864,0.0,84.22,0.5079517364501953,0.35691413283348083,0.9609450221061706,0.20683678537607192,0.022560137137770653,0.1982895702123642,0.042893691547214986,0.05744933970272541,0.09181892573833465,0.17387710511684418,0.10496221333742142,0.32565079629421234,0.39245795011520385,0.974145257472992,0.990129029750824,0.10209870859980583,0.09471917152404785,0.3203754037618637,0.07234894670546055,0.04338010288774967,0.1651222288608551,0.02864693719893694,0.521377420425415,0.0485255416482687,0.28800981044769286,0.0801334597170353,0.02454856289550662,0.1985952541232109,0.16798471808433532,0.16027720868587494,0.181786347925663,-4.938601483024329,19.645098315456018,7.331676970985302,14.15640204157586,-11.194814894327632,2.6470180272797625,0.8101363948034365,84.38020515379264,-4.671018930982674,3.379855490888846
34e7e47db91934e70c2194b76c77eb95,CC(C)(C)c1cc(O)c(cc1O)C(C)(C)C,222.32799999999997,3.6928000000000027,2.0,2.0,4.0,0.6571154806975309,0.0,40.46,0.0016752376279328019,0.5686671376228333,0.32552661597728727,0.9149055123329163,0.486639016866684,0.20533499345183373,0.18591658473014833,0.3405586086213589,0.03772455435246229,0.8386148571968078,0.23419642671942711,0.46967227160930636,0.00032664067948644514,0.11706889271736146,0.9999806642532348,1.099782635947122e-05,0.0003128729593299795,0.029036431526765227,0.22252914309501648,0.14704191461205482,0.17956564724445342,0.006224017316708341,0.9903160929679871,0.015519482363015414,0.4037197232246399,0.00032943783917289694,0.05922927781939506,0.9891914010047913,0.015528628183528782,0.9091168403625488,0.38043615221977234,-4.4938521293665605,123.641187397828,93.54107832054683,3.8276423217063273,-5.799793670284083,2.058489269568117,4.199226035905335,96.0699257425292,-3.4844371755325803,5.713450629331609
0d6a41e0f76fa73aefd3aecf969b86aa,Cc1ccc(cc1)S(=O)(=O)NC1c2ccccc2Oc2ccccc12,351.42700000000013,4.168620000000003,3.0,1.0,4.0,0.7704606501886246,0.0,55.400000000000006,0.12146702408790588,0.6135967135429382,0.9204601287841797,0.6884040474891663,0.9659183025360107,0.7778707385063172,0.922830069065094,0.284142005443573,0.17653188854455948,0.7340444564819336,0.7899478673934937,0.6421337366104126,0.05144971869885921,0.9485406875610352,0.9999321103096008,0.006730032712221145,0.041824211552739146,0.14661975055933,0.10107817351818085,0.07751475404947997,0.29604689180850985,0.08304823487997055,0.9554377913475036,0.36978921890258787,0.3948459506034851,0.018842487409710885,0.01800047969445586,0.7860050916671752,0.041702956333756445,0.18196834176778792,0.7623976588249206,-4.840915108644872,88.67322898077323,73.48989888893148,0.3946922556514238,-5.5855316554407795,3.167016882144436,3.747750157445232,102.85333423059728,-5.834210393296258,-0.9296907501009102
ae737b49511b129aa1c0806f050d4678,CCCN(CCC)C1Cc2cc(OC)c(OC)cc2C1,277.408,3.293000000000002,3.0,0.0,4.0,0.7631107366681035,0.0,21.700000000000003,0.2567550092935562,0.9950194239616394,0.9156956791877746,0.25992015898227694,0.034708358347415924,0.23626455068588256,0.0037071241997182367,0.8883806824684143,0.6997694790363311,0.7237390041351318,0.005473928950959816,0.07407697476446629,0.17987903356552123,0.0520990926772356,0.9982129573822022,0.0009995194559451193,0.009094665944576263,0.06091354712843895,0.005692669004201889,0.003916941117495298,0.052239551395177844,0.0006325866208499065,0.9638880372047425,0.07487594410777092,0.029369623772799967,0.004875944345258176,0.0027778634103015065,0.01703170407563448,0.003603709186427295,0.8179834365844727,0.8901359796524048,-4.344744539417204,66.3790290216587,45.846785852348845,-1.8068627162945,-5.126828400517149,2.609100850607439,1.4166098081023937,57.85954315580415,-2.55359952340989,1.6034170157012149
4728415a335e249fa898f559644a8839,CC(C)(C)c1ccc(cc1)C(=O)CCCN1CCC(CC1)OC(c1ccccc1)c1ccccc1,469.6690000000001,7.217600000000008,3.0,0.0,3.0,0.30994100504194527,0.0,29.540000000000003,0.052254294604063035,0.8516077995300293,0.6018128752708435,0.027282215468585492,0.1254277639091015,0.10392612218856812,0.08882317170500756,0.4156340479850769,0.7491853594779968,0.7243835091590881,0.14471375718712806,0.11104136370122433,0.18750961031764746,0.09136126339435577,0.9970039248466491,0.009902131929993629,0.0023715558694675566,0.033403166197240354,0.04140902943909168,0.01596782747656107,0.07297060787677764,0.005648261541500688,0.9203333616256714,0.9949621558189392,0.4689531683921814,0.0018076509237289428,0.16912709921598434,0.11951835304498673,0.006875955639407039,0.6481220364570618,0.9651395082473755,-5.050047420651024,82.71002661050952,52.008923138976556,43.723338724770855,-5.7317416268934505,2.6451911521465576,4.423904986377271,104.03422827354275,-5.112699340183787,3.4501086267248624
e5eed703e6a657e2996aa1ccc6007e48,CN(C)Cc1c(oc2ccccc12)C(=O)NCCOc1ccc(cc1)C(=O)NO,397.4310000000001,2.4221999999999997,6.0,3.0,4.0,0.3063905201256838,0.0,104.04,0.8809278130531311,0.7061866223812103,0.7004694938659668,0.36269529163837433,0.2840131431818008,0.19824141263961792,0.11479633674025536,0.24688868522644042,0.5066440343856812,0.6455616116523742,0.2858493059873581,0.4103640764951706,0.7459354162216186,0.742961835861206,0.9440198540687561,0.029038779716938735,0.027476736903190614,0.2059423565864563,0.12197784259915352,0.055251986160874365,0.09532854557037354,0.017515415977686643,0.8017430424690246,0.702024519443512,0.39410070776939393,0.061324252560734746,0.043630729988217355,0.09998171627521515,0.08778224065899849,0.4641024112701416,0.9218296408653259,-5.475590762097948,17.31689984644663,10.029898714781115,77.96208847924306,-12.022750998002133,2.7111528727974115,1.9391020005296693,94.49448292036962,-2.9056356679117794,-1.818688278193454
c861a9da20fb98de5c54881e046dc061,CCCc1c2oc(cc(=O)c2cc2c1n(CC)c(cc2=O)C(O)=O)C(O)=O,371.3450000000001,2.4766999999999992,6.0,2.0,4.0,0.6596073160141976,0.0,126.81,0.43786110281944274,0.23853633403778077,0.6687088787555695,0.040170015208423136,0.03743711579591036,0.10919272750616074,0.07044201269745827,0.011456191772595048,0.0382659999653697,0.08336486257612705,0.008890359522774815,0.2755481690168381,0.26999680399894715,0.9579284906387329,0.5068616747856141,0.06726736221462488,0.08288071304559708,0.07189749926328659,0.041445547714829445,0.0729931078851223,0.15740820318460463,0.02865199651569128,0.15388668328523636,0.11552561894059181,0.21656513959169388,0.030439451150596143,0.018296675570309163,0.08784842491149902,0.08308074586093425,0.4604556977748871,0.09747480563819408,-5.199487566275444,21.300486075399515,-8.487359745940058,65.51816531023489,-11.765943658076885,2.0171532571958184,-0.3636714933224375,73.2172586520696,-3.5487647181305535,7.25323361683612
cc145943de2b66c7d00c8cd40fb488d4,OCc1ccc(CO)o1,128.12699999999998,0.26420000000000005,3.0,2.0,4.0,0.6004453890853025,0.0,53.6,0.5348693579435349,0.5396673560142518,0.8242954730987548,0.004712400620337576,0.005962615594035015,0.10224928632378578,0.0025007292453665285,0.06416422044858336,0.0006754443103091035,0.1555187612771988,6.615394289042343e-05,0.4052015706896782,0.007323604659177363,0.1557144731283188,0.9866660952568054,0.0056209987960755825,0.01065541123971343,0.0031061724992468955,0.005079686781391502,0.0024026439990848304,0.034228375367820266,0.001994338526856154,0.4506096988916397,0.009431772353127598,0.2666628614068031,0.0007333798886975274,0.00980188874527812,0.002334134210832417,0.0030610110610723496,0.6619095742702484,0.028924823086708785,-4.689778998148498,30.334196852148363,-12.310886093345054,25.851035761663837,-10.43133137417937,1.974106519461119,0.35799487312908684,38.56644561377187,0.09193853614462251,-4.9128090040312475
8fe22aab66ea1d5ef1d3c69a86b14c14,O[C@@H]1[C@@H](COP(O)(=O)OP(O)(=O)OP(O)(=O)OP(O)(=O)OC[C@H]2O[C@H]([C@H](O)[C@@H]2O)n2ccc(=O)[nH]c2=O)O[C@H]([C@@H]1O)n1ccc(=O)[nH]c1=O,790.3070000000001,-4.190199999999994,21.0,10.0,1.0,0.08110784342661771,12.0,404.45,0.02846517050638795,0.0983256496489048,0.11538155302405358,0.003052239926637412,0.023155887657776476,0.0409347522072494,0.008641225576866418,0.018010774906724692,0.1419145015068352,0.09558471832424402,0.0023240045931743223,0.01675403325352818,0.2501561209559441,0.5249492317438126,0.002281496527575655,0.012283324578311295,0.04694953821599483,0.0010742183250840754,0.004519030571100302,0.13324791342020034,0.44781553745269775,0.00025229795866152924,0.012062579207122327,0.01505205687135458,0.08297199252992868,0.005528200382104842,0.0019172796692146221,0.014454696147004143,0.050047604274004696,0.09248076863586903,0.2823458479717374,-6.9828649328038805,-7.770278228008799,-0.05674277457687538,93.54005344624453,-18.885802640695143,2.2128021801372846,-0.008570219158895932,65.73233848158067,0.3804359950416929,-1.7356038655309667
b0452803a36cae1175f1ac5288c0fd4b,C[C@@H](O)[C@H](NC(=O)[C@@H](C)[C@H](O)[C@@H](C)NC(=O)[C@@H](NC(=O)c1nc(nc(N)c1C)[C@H](CC(N)=O)NC[C@H](N)C(N)=O)[C@@H](O[C@@H]1O[C@@H](CO)[C@@H](O)[C@H](O)[C@@H]1O[C@@H]1O[C@H](CO)[C@@H](O)[C@H](OC(N)=O)[C@@H]1O)c1c[nH]cn1)C(=O)NCCc1nc(cs1)-c1nc(cs1)C(=O)NCCCNCCCCN,1440.5850000000012,-8.252980000000008,33.0,22.0,1.0,0.018453299212730704,19.0,665.12,0.508658555150032,0.09808902740478516,0.24918169975280763,0.0016126605012686923,0.013935780758038164,0.02375516891479492,0.01959662288427353,0.025314155593514444,0.05653792843222618,0.6036678373813629,0.35277982652187345,0.032946831360459325,0.4915874063968658,0.5951419532299042,0.16069596037268638,0.06939375400543213,0.2019084185361862,0.010956861451268196,0.030570563301444052,0.07904307916760445,0.16953003406524658,0.007198620587587357,0.05815941970795393,0.17689921110868453,0.15812448412179947,0.15274667292833327,0.008525924128480255,0.05060662366449833,0.4247346162796021,0.08672351986169816,0.8202351450920105,-6.745677005869484,42.40480090703689,49.755622193402374,-23.43357388110743,-18.39166800630205,2.001668963605172,0.6400383874548059,62.939306838297526,-2.248280498311256,-1.5110664670123273
dd8b8f3c39c028a14df74c10d2569707,Nc1ccc(C(=O)Oc2ccccc2)c(O)c1,229.23500000000004,2.1936,4.0,2.0,4.0,0.4700844073028581,0.0,72.55000000000001,0.22870681285858155,0.5445596516132355,0.6849265933036804,0.8920512080192566,0.7865406632423401,0.184585103392601,0.7080939650535584,0.1099841296672821,0.3034785270690918,0.3871646046638489,0.29382349252700807,0.1373961254954338,0.006884709745645523,0.7969643473625183,0.9999587535858154,0.002989522786810994,0.08759303838014602,0.8303482294082641,0.1273937851190567,0.33413333594799044,0.6911578893661499,0.030815019831061365,0.8770496249198914,0.019959103874862195,0.35717313885688784,0.2744640648365021,0.055012724921107294,0.7211720705032348,0.03138025961816311,0.56544788479805,0.29783805906772615,-4.908744568369959,142.66070388452772,53.0013513538928,-22.244719072670712,-11.2519045915259,1.7142203600934949,2.065947950151241,79.35906932137799,-3.395654162481974,-0.12766916204518486
5a48938d05793d2112d98bad8ce544ce,CSCC[C@H](N)C(O)=O,149.215,0.1513999999999998,3.0,2.0,4.0,0.596996208092774,1.0,63.32,0.19246562272310258,0.7761324405670166,0.9783302783966065,0.009007973666302859,0.0071055102860555054,0.260542967915535,0.003479375771712512,0.18974709510803223,0.004497425782028585,0.12350632548332215,0.0014352321857586503,0.31046018153429034,0.11491101160645485,0.1460747890174389,0.9956583976745605,0.0017666663537966088,0.02509202202782035,0.028759710444137453,0.0006889764568768442,0.0024540930055081843,0.021567432768642904,0.003949115087743848,0.250505664665252,0.000725305407831911,0.00963102251989767,0.0011638551761279814,0.0011613169852353166,0.0006249182391911745,0.0008560459595173597,0.41203940361738206,0.009777552541345358,-5.3730008810983065,16.83372887780248,-21.947719650993214,-8.726971445832936,-12.057037726643362,1.0778780700708679,-1.5150091840450837,38.324490195560706,-0.8573649104785213,2.991625018561919
f2ddb2d9625c5c303ecc4c38ccd728d1,CCCCC[C@H](O)\C=C\[C@H]1[C@H](O)CC(=O)[C@@H]1CCCCCCC(O)=O,354.48700000000014,3.475100000000002,4.0,3.0,4.0,0.34761269542578893,4.0,94.83000000000001,0.045495505817234515,0.564847332239151,0.6175657451152802,0.026530453749001027,0.04539770297706127,0.176642344892025,0.05209963396191597,0.11751273423433303,0.06802383521571756,0.4341548174619675,0.036708715930581094,0.05965276397764683,0.14161124490201474,0.11762868463993073,0.9846975564956665,0.03694997914135456,0.058536996319890025,0.012850142701063305,0.02160196886397898,0.030220781080424787,0.1815389320254326,0.15962022840976714,0.40300965309143066,0.33197217285633085,0.1683557376265526,0.005585368722677231,0.06786553338170051,0.04539207993075252,0.03652311209589243,0.21589829698204993,0.04910139981657267,-5.230310207665305,69.9653860955523,-6.828284447661846,-12.126225587007221,-9.5058241721172,2.926855541122375,0.9240980941113103,83.55323063714383,-3.173778492822954,1.8383702717454349
abe927c9f0e637d763c230ecbd979a70,Cc1c(cc(-c2ccccc2)n1CCCN1CCOCC1)C(=O)Nc1cccc(c1)C(F)(F)F,471.5230000000001,5.456920000000005,4.0,1.0,3.0,0.4980829777860264,0.0,46.5,0.35971746146678923,0.9475877285003662,0.8366109251976013,0.45687173008918763,0.5467823803424835,0.19721587896347045,0.3437162548303604,0.4542608082294464,0.4734702527523041,0.6496213018894196,0.9402217030525207,0.49667739272117617,0.8362510204315186,0.6543193101882935,0.998933470249176,0.021772336959838868,0.020181285589933394,0.20175437480211258,0.19290487766265868,0.037028199061751366,0.06127660050988197,0.032317827269434926,0.835053277015686,0.9679248690605163,0.6167052984237671,0.029969315603375436,0.10961142405867577,0.6449343264102936,0.22498505264520646,0.33824399709701536,0.9731384754180908,-4.647113474650181,35.45977412721669,40.38957719014926,53.619317475598415,-7.944753277908016,3.6850403662339724,3.5789362396923914,99.59496288459991,-5.431498857483286,-1.4494750906346168
4cd5d9fa9d3a60415198f95064bcf05c,C[C@H](Cc1cc2CCN(CCCO)c2c(c1)C(N)=O)NCCOc1ccccc1OCC(F)(F)F,495.5420000000002,3.0711000000000013,6.0,3.0,4.0,0.36983125998632094,1.0,97.05000000000001,0.4923780858516693,0.8269363403320312,0.762613308429718,0.17673319727182388,0.1945951908826828,0.07436381690204144,0.059093885496258734,0.5510915994644165,0.7938285112380982,0.6938854813575744,0.7174696683883667,0.47353544533252717,0.491197794675827,0.1532526895403862,0.9959660410881043,0.027046554535627366,0.0720391646027565,0.021104274690151213,0.031145510822534563,0.00736207002773881,0.038515530154109,0.007447199965827167,0.6869353413581848,0.8896229028701782,0.09114726074039936,0.004964699200354516,0.008916251920163631,0.19718213528394699,0.03615421950817108,0.15170430094003678,0.9817342162132263,-5.420157733601041,22.047390457722237,53.56212474437594,33.755553825487,-8.926306247498086,3.295023067363323,1.901275722845925,82.20412669698703,-3.473856201294866,5.93070277221224
84c42e8ce16d94f6fa96e95c063283d7,OC(=O)c1c(O)c(Cc2ccc(Cl)cc2)nc2c3CCCCc3ccc12,367.8320000000003,4.761600000000003,3.0,2.0,4.0,0.6996452812674512,0.0,70.42,0.05786092132329941,0.21381780207157136,0.9228422045707703,0.5198471128940583,0.5228497445583343,0.45749205350875854,0.7231459856033325,0.019908345863223077,0.08637695368379354,0.3180654376745224,0.040547989308834076,0.3712643444538116,0.03690455369651317,0.9004090666770935,0.9996408581733703,0.014261091779917478,0.03395342603325844,0.25558859705924986,0.28188354074954985,0.1580998033285141,0.40260738134384155,0.707773745059967,0.746305501461029,0.23942684829235078,0.5699104011058808,0.05020336881279945,0.21511799097061157,0.8810528159141541,0.21654335409402847,0.3469435453414917,0.13303530514240264,-4.977706600500572,-1.6219865093494235,12.187501998068658,16.596325668363715,-10.194218697021237,3.09830068471718,1.0654557667520599,96.83576065295162,-4.627037331014287,0.16370614101639455
5eb17d5011f4a859b9993c34a8bfdbbd,CC(=O)N[C@@H](C=O)[C@@H](O)[C@H](O)[C@H](O)CO,221.209,-3.234999999999999,6.0,5.0,4.0,0.29995584914552287,4.0,127.09000000000002,0.3845119774341583,0.30741765797138215,0.40336608290672304,0.0006958971207495779,0.0052308960584923625,0.026589727494865656,0.0005084472126327455,0.038531894446350634,0.0005294822716678027,0.07857222370803356,1.0104298689839198e-05,0.08197163343429566,0.02007094998843968,0.05528797581791878,0.12010825052857399,0.028918930515646934,0.03089956883341074,0.00021531025122385473,0.00028235166100785134,0.010964006558060646,0.12494364380836487,0.00019481392082525416,0.04038982966449112,0.0013014635420404374,0.018365126056596636,0.0003316457034088671,0.0004879325279034674,0.0011229745854507201,0.013195021310821176,0.3028413772583008,0.01359890034655109,-5.7835414062913895,26.369937142860472,-0.03466079168799041,13.341988804817607,-21.64728829273714,1.0842860141062984,-1.5434408156097021,16.2374809612765,-0.02683740642884631,-5.4647074903486486
32414ca60252f59a6789f1a13cebddc1,COc1ccc(nn1)[C@@H](O)c1cc(c(F)cc1Cl)-c1ncnc2cc(ccc12)N1CCOCC1,481.91500000000036,3.8062000000000022,8.0,1.0,4.0,0.4597488303616768,1.0,93.49000000000001,0.23086778372526168,0.2361385777592659,0.9409524083137513,0.030537328124046324,0.043556058779358864,0.12663352489471436,0.05433035716414451,0.028526883013546465,0.003324750275351107,0.6069088399410247,0.47829518020153045,0.17874273657798767,0.285338294506073,0.9895829319953918,0.9985940098762512,0.029141565412282945,0.12187410593032837,0.4737618625164032,0.37805994153022765,0.02609563171863556,0.08397561125457287,0.05258944109082222,0.8679043769836425,0.3210884347558022,0.48717392683029176,0.07912920117378235,0.01743006594479084,0.3760887891054153,0.3673416316509247,0.041534864157438275,0.5643693506717682,-4.778908587301909,11.784694294214912,50.473624736700614,14.782507712652674,-11.874182704316832,2.511062511198131,3.2427424487354535,97.36190039420778,-4.876625573550989,9.730349202744398
6f56ef88aee6dcf6afe7fcccd1d6113a,CC1(C)[C@@H](N2[C@@H](CC2=O)S1(=O)=O)C(O)=O,233.24499999999998,-0.7949999999999999,4.0,1.0,4.0,0.5988163606060163,2.0,91.75,0.03491007853299379,0.2798091694712639,0.4916888952255249,1.8050432890959202e-05,0.000825727566552814,0.1212594173848629,0.0001970207405747715,0.0046279242960736156,0.00013047620309407647,0.2887792527675629,3.1483561087952694e-05,0.0920776154845953,0.005428043659776449,0.6945586323738098,0.2806593421846628,0.0034856437472626568,0.024613672122359275,0.0004397910088300705,0.0024492855387507006,0.0033086663170251995,0.03451419994235039,0.004057630710303783,0.14132884717546404,0.0013509606360457838,0.17117407023906708,0.00020301566619309596,0.0020890951273031533,8.098871403490193e-05,0.002524950509541668,0.6222557961940766,0.0007721592322923243,-5.464269437200314,-6.858870467936564,14.398679923491642,-10.349792462706983,-14.255618055029137,1.5082343245810617,-3.5533478910990666,52.47147309591261,-1.3111317106823928,-0.819047547715806
b3ed0ef5e430f7d2d489f9fe136ab28f,Cc1ccc(NC(=O)c2ccnc(c2)C(F)(F)F)cc1-c1cc(OCCO)nc(c1)N1CCOCC1,502.4930000000004,3.9308200000000033,7.0,2.0,3.0,0.5054374600826907,0.0,96.81,0.42373921275138854,0.4181534290313721,0.9164210438728333,0.05213622990995646,0.3158683001995087,0.26511788964271543,0.4672205448150635,0.08819303810596466,0.020325318910181522,0.7487008571624756,0.619332754611969,0.4231820464134216,0.46341145038604736,0.9726858854293823,0.999236011505127,0.007600036077201366,0.031106687150895596,0.30836485624313353,0.19439148306846618,0.007351436093449593,0.06558033935725689,0.04215211197733879,0.8927006125450134,0.8301116943359375,0.6894197463989258,0.040901498310267924,0.041926047578454015,0.8141007900238038,0.4451730936765671,0.06170479208230972,0.8664808750152588,-4.765591758840872,21.200731399989323,49.45358934006343,4.56902405780102,-11.271826417525503,3.422535008116239,3.224811555321886,93.77567511549584,-5.111219018211822,3.0842935811611816
c338f5d8feb466dc7b171ddbc1a52fe6,CC(C)SC(N)=N,118.20500000000001,1.02147,2.0,2.0,4.0,0.3987248144483232,0.0,49.870000000000005,0.08853955821832642,0.8371852993965149,0.6977397382259369,0.00272768646646,0.01356597195554059,0.1019299566745758,0.003986439068103209,0.22479122653603553,0.04632928930222988,0.15984062477946281,0.002026756020472931,0.27027584314346315,0.009798682294785976,0.02528105704113841,0.9745329141616821,0.0008061826461926103,0.003965771850198507,0.004363153284793952,0.0012900616882689064,0.01713577820919454,0.06499956399202347,0.00014738081918039825,0.38995846509933474,0.016783209051936865,0.016693288297392427,9.311628623436264e-05,0.005941854021511972,0.0039064061020326335,0.00019030957155337093,0.5389306336641312,0.046186541020870206,-5.835071386030043,-15.56341394500912,-26.397929591489298,18.18755621234673,-7.2686388239407025,2.466196037839898,-0.7699130583595024,7.203076216526102,0.6700350272667548,12.06560025770485
ab7241e982a54bde6dbe06f411f524e2,COc1ccc(Cl)cc1C(=O)NCCc1ccc(cc1)C(O)=O,333.7710000000001,3.019300000000001,3.0,2.0,4.0,0.8516762607497181,0.0,75.63,0.20595911368727685,0.396584489941597,0.9772441148757934,0.27334158420562743,0.37158273458480834,0.4402803719043732,0.48275070190429686,0.057647600397467615,0.11269275918602943,0.3006181061267853,0.16478421837091445,0.4603478014469147,0.10811945647001267,0.938975727558136,0.9964072704315186,0.004083072976209223,0.035980016365647315,0.15878999680280687,0.031171197444200514,0.015974763408303262,0.13279919773340226,0.10991791039705276,0.5297104239463806,0.03655208293348551,0.06362077668309211,0.05173963457345963,0.028350727632641792,0.06189732775092125,0.0358820041641593,0.22481099218130113,0.08079062700271607,-4.825784866254912,48.924366543945084,15.870883226918627,-8.312217625970566,-11.947128832786404,2.207960395007331,0.7960017925927801,92.15158604669178,-3.6430991555351087,-6.002245364605378
6afc73821785eefd4cb6a2bdebcdf697,CCn1c2ccccc2n([C@H]2CCCN(C2)c2nccc(n2)-c2cc3ccccc3o2)c1=O,439.5190000000001,4.867600000000005,7.0,0.0,4.0,0.3997055585817317,1.0,69.09,0.3428413689136505,0.9023070454597473,0.76525319814682,0.7766486763954162,0.8751872539520263,0.20344951748847961,0.8041373133659363,0.1907029114663601,0.3425852805376053,0.7260230898857116,0.8592432141304016,0.08008363135159016,0.3887465000152588,0.8933839082717896,0.9999444603919982,0.027329525165259837,0.040297838300466536,0.4216488540172577,0.5078745484352112,0.026235051453113556,0.14124223440885544,0.08798216506838799,0.9810487866401673,0.9827318549156189,0.9173092603683471,0.05977992415428161,0.19482070505619048,0.42019153833389283,0.137546606361866,0.40232107043266296,0.975345230102539,-5.088145947655798,84.373027876863,72.51949468057138,65.72363049542749,-7.769268719800769,2.8068678767569812,4.842711436631203,105.34045576134986,-5.098410389282592,4.791302197393858
0d0910259df7e83f0af8490552232996,CCOC(=O)c1cnc[nH]1,140.142,0.5864,3.0,1.0,4.0,0.6113305427979423,0.0,54.98,0.012231573835015297,0.879921269416809,0.7150060415267945,0.8671205043792725,0.4064880982041359,0.08210751079022885,0.23687367141246796,0.04226134549826384,0.1258388923481107,0.08913511633872986,0.2908339500427246,0.0029760631266981365,0.010762646642979235,0.7660674095153809,0.9999975442886353,0.00014129321571090258,0.0008889660253771581,0.14588937610387803,0.0053468066267669204,0.0008000206536962651,0.004211234755348414,0.00011575546905078227,0.8782323122024536,0.006144579511601478,0.0025001778383739294,0.0008681031256855931,0.016136015101801605,0.0006911076852702536,0.0005233929501628154,0.4594429075717926,0.03551822723820806,-4.323737572788501,83.58103299684839,57.009077802573344,-3.787499503266377,-10.853691771415722,1.940943583823557,1.0193224803384566,61.422805737970556,-1.0297492474711851,-2.5243700062122594
e13f6f5318d3b5bd00a9cabc51f03c77,CN1C[C@@H](c2cccc(c2)S(=O)(=O)NCCOCCOCCNC(=O)NCCCCNC(=O)NCCOCCOCCNS(=O)(=O)c2cccc(c2)[C@@H]2CN(C)Cc3c(Cl)cc(Cl)cc23)c2cc(Cl)cc(Cl)c2C1,1145.0699999999997,6.156600000000009,12.0,6.0,0.0,0.03374988986499664,2.0,217.99999999999997,0.2177908390760422,0.5225045323371887,0.6041277885437012,0.16787087991833688,0.7860323548316955,0.24342678040266036,0.5541732490062714,0.22876280397176743,0.6204737424850464,0.8949863314628601,0.9558510541915893,0.3405821055173874,0.23373358845710754,0.769280982017517,0.9718257784843445,0.00947309541516006,0.02330254539847374,0.034260178171098235,0.027323970943689345,0.009504496166482568,0.04307724311947823,0.03914504237473011,0.592134165763855,0.7038746476173401,0.192741459608078,0.009757776092737914,0.024279209226369856,0.3254771620035172,0.11388658285140991,0.2260437622666359,0.8853617668151855,-5.462166564557638,26.183059203724714,53.30932780894491,157.12850493616958,-10.6337360609398,3.0960774002204667,3.112130763608895,96.09586531399069,-4.825131472032962,-4.744825619145827
97814df83f794a81ff2b5448ce78fd97,C[C@@H](OC(=O)Nc1c(C)noc1-c1ccc(cc1)-c1ccc(cc1)C1(CC1)C(O)=O)c1ccccc1,482.53600000000023,6.742920000000006,5.0,2.0,3.0,0.30232743297976605,1.0,101.66,0.13679671585559844,0.3235767066478729,0.9429267764091491,0.07615603320300579,0.16599199920892715,0.5316125869750976,0.31238471865653994,0.01270030289888382,0.01511845299974084,0.4278716206550598,0.04648850560188293,0.5493632555007935,0.21300289481878282,0.9778138518333435,0.968588125705719,0.017295573046430944,0.02966526560485363,0.17793716937303544,0.20680224895477295,0.062016439624130726,0.22425161004066468,0.597066056728363,0.4795555830001831,0.6214641153812408,0.8056106448173523,0.16323360204696655,0.12513838484883308,0.5280835092067718,0.201133394241333,0.20001900792121888,0.32863451540470123,-5.403566103443252,19.544743503696342,12.369551444082969,42.99199314063605,-9.142380545506953,3.744331818593608,2.0929413391535996,97.79948970339179,-4.952527984630251,0.675626051439254
0e201359c3cdb07bafe3a35ee8dbd2fa,CC(=O)N1CCC[C@H]1C(=O)N[C@@H](Cc1cnc[nH]1)C(=O)N[C@@H](CO)C(=O)N[C@@H](CS)C(=O)N[C@@H](CC(N)=O)C(N)=O,597.6550000000001,-4.814899999999999,10.0,9.0,2.0,0.08761456143292036,5.0,271.8,0.2549073725938797,0.04712482914328575,0.21944967955350875,0.00024455341799693996,0.009943243698216975,0.024798629991710185,0.007452138414373621,0.03004806935787201,0.013976710045244544,0.45917561650276184,0.08235820382833481,0.05769850946962833,0.08068804778158664,0.4435643404722214,0.1655842985957861,0.018956016935408115,0.0215389646589756,0.0035435077152214944,0.003931769891642034,0.044438515603542325,0.10265134274959564,0.0009350785927381367,0.036482967203482985,0.025510579347610474,0.05803211703896523,0.0036503404611721636,0.019424878433346747,0.001907908439170569,0.08672899678349495,0.17445407509803773,0.1729356199502945,-7.099622196189228,-7.022777659936068,34.536343062252726,14.114605114589972,-19.495626571332046,2.0828265744613317,-0.2321724139689636,36.28611246819749,-2.558534461700662,5.228759168072122
bded94ae1b9210d1e545c753a9da0ecb,OC(=O)CCCc1ccc(cc1)N(CCCl)CCCl,304.217,3.377900000000002,2.0,1.0,4.0,0.7110607782360152,0.0,40.54,0.8629051923751831,0.6938710987567902,0.9315285205841064,0.2618344157934189,0.42588708400726316,0.34544757604598997,0.2352733552455902,0.15179147720336914,0.2148303896188736,0.36234604120254515,0.08878360465168952,0.727136617898941,0.38197640478610995,0.46047724932432177,0.9440649271011352,0.05330585651099682,0.021505554765462877,0.06578039918094873,0.029566965624690057,0.13930656686425208,0.34795330464839935,0.4238752812147141,0.46877657175064086,0.041509760171175004,0.6720509052276611,0.47902614772319796,0.187633915245533,0.07392307259142399,0.5294305831193924,0.7037262439727783,0.26951542794704436,-4.768552054646124,63.65402174963947,27.027046923857938,16.62250550623916,-7.561904647905374,3.159874397998317,1.2406238064401753,79.82877244977482,-3.3914894748784903,-0.877251379241013
e25f779e3d41a93f922f2c2f0e552693,CCc1ccccc1OC[C@@H](O)CN[C@H]1CCCc2ccccc12,325.452,3.6559000000000017,3.0,2.0,4.0,0.8162137950264647,2.0,41.49,0.4651208519935608,0.8855476021766663,0.8968882441520691,0.8405402302742004,0.7453671216964721,0.27866964042186737,0.07264363374561071,0.8719188213348389,0.9661383986473083,0.7218640804290771,0.5849458038806915,0.17039715647697448,0.22658345699310303,0.07634022235870361,0.9999632835388184,0.0019836184568703175,0.013811378460377454,0.3064435005187988,0.12384088933467866,0.014537038374692201,0.10032252967357635,0.007774542551487684,0.9595752000808716,0.891912579536438,0.14316960126161576,0.0025057613383978605,0.05989864692091942,0.3786620140075684,0.011318494565784931,0.5208536684513092,0.9565322279930115,-4.847149454783098,63.1778900019252,56.20396286862501,13.334829495740545,-8.86390031941421,2.796303299329088,2.9939671893482855,92.16082477552528,-3.5133857767422,2.3337250836866743
99558f980c45824e0d7aa2569c82df93,O=C1c2ccccc2-n2c1nc1ccccc1c2=O,248.24099999999999,1.9300999999999997,4.0,0.0,4.0,0.47751600838093333,0.0,51.96,0.701631498336792,0.9073818325996399,0.8902233362197876,0.983656907081604,0.27003258615732195,0.2999457836151123,0.10928725898265838,0.1248473882675171,0.09800098538398742,0.4986933708190918,0.26995025128126143,0.05127563364803791,0.053009236603975295,0.9916595578193664,0.9999550104141235,0.12551725655794144,0.09557080492377282,0.7336497187614441,0.10735782831907273,0.0692201241850853,0.21182467341423034,0.03867728570476174,0.9800720095634461,0.34702024757862093,0.5603009164333344,0.2146158680319786,0.0428202573210001,0.3986615538597107,0.24907934963703154,0.7740101218223572,0.28493847548961637,-4.010529206486643,37.81522160317974,56.202931720229,7.888329961395129,-9.680532449368204,2.37869795982491,2.0566690943519417,76.65562214235919,-4.733440789809672,5.17288541655365
0085efb5ea9b2b94458c15385dfc23e8,Nc1nc(N)nc(n1)-c1cc(Cl)ccc1Cl,256.096,2.0098,5.0,2.0,4.0,0.8138095128696988,0.0,90.71,0.15934643037617208,0.859223484992981,0.9869322896003723,0.7140085101127625,0.13108502626419066,0.12792827636003495,0.00902628602925688,0.11286939978599549,0.029450690373778343,0.4183477878570557,0.05148815307766199,0.23010848462581635,0.03378971740603447,0.9646015644073487,0.999939227104187,0.01767587149515748,0.06193655095994473,0.8074848532676697,0.07939358111470937,0.03958042170852423,0.27288261353969573,0.0017361729289405048,0.9304180383682251,0.014243216556496918,0.25640569180250167,0.221642005443573,0.003762072161771357,0.16697058230638503,0.034196102805435655,0.2950866684317589,0.07318397015333175,-4.449259579276411,52.892890466495544,25.70276539836731,35.13515169399314,-10.593372041996568,2.5584048436880837,2.2726294656754815,79.18405691841144,-4.063346887222717,1.3229909573988943
a68bb046bff9b8b7d323670027519285,CCCCCC[C@@H]1[C@@H](OC(=O)CC(C)C)[C@H](C)OC(=O)[C@@H](NC(=O)c2cccc(NC=O)c2O)[C@@H](C)OC1=O,548.6330000000002,3.4804000000000013,9.0,3.0,3.0,0.11690172594745143,5.0,157.32999999999996,0.7637875497341156,0.3372538298368454,0.5901237189769745,0.016049086139537393,0.22734671831130981,0.07581952884793282,0.2113647699356079,0.045355360582470895,0.07466948367655277,0.7659147500991821,0.7929526925086975,0.3333552539348602,0.3319524824619293,0.7808407664299011,0.9182054162025451,0.029075758066028357,0.04924061745405197,0.033653631899505855,0.2222374901175499,0.11663900464773178,0.1575767695903778,0.07943870276212692,0.5866433620452881,0.7741000890731812,0.4309625029563904,0.07996113188564777,0.16746906340122222,0.6254532098770141,0.4826118230819702,0.627742350101471,0.5935718536376953,-5.467689497382609,102.14285087770085,82.08010983714287,-18.427796208847745,-6.977684300967662,2.8377461817479475,2.569778903211995,100.23300605961624,-5.478957555578029,3.4843404650569267
334dd06556d08aef4c23d28279ee056b,CCCCCCCCCCCCCCCCCCCC(=O)N[C@H]1CC[C@@]2(C)[C@H](C[C@@H](O)[C@H]3[C@@H]4CC[C@H]([C@H](C)CCC(O)=O)[C@@]4(C)[C@@H](O)C[C@H]23)C1,702.118,10.614299999999995,4.0,4.0,2.0,0.07935089111842644,11.0,106.86,0.05320303924381733,0.47076026201248167,0.48778252601623534,0.01690753884613514,0.012056986009702087,0.08875811733305454,0.02130180336534977,0.08040189892053604,0.0418409067671746,0.700237488746643,0.1265183389186859,0.051393289444968106,0.06104713417589665,0.19700099229812623,0.9155985951423645,0.045000452920794486,0.06906906962394714,0.009669312462210655,0.039515791833400725,0.04116824194788933,0.20242668986320494,0.19039705097675325,0.4498243033885956,0.9132404923439026,0.3493150666356087,0.007237437553703785,0.10483558923006057,0.10245220959186555,0.1251753143966198,0.38206139802932737,0.5510312587022781,-5.744354232001868,47.1728358916303,47.27184628053213,20.90133213620828,-5.542057336887194,2.701350368939539,2.9363640291650723,109.37511799418971,-7.605240292776671,-5.52710033817874
3c41b6eaf053d1248df3888c990e1a3c,OCC(CO)N[C@H]1C[C@](O)(CO)[C@@H](O)[C@H](O)[C@H]1O,267.278,-4.492399999999994,8.0,8.0,3.0,0.24788620199052747,5.0,153.64,0.012686231359839439,0.08714935444295406,0.3510968670248985,0.00037316666057449763,0.012732354691252112,0.02540896397549659,0.0016037710309319663,0.04072962757200003,0.000632421890986734,0.11567194750532508,4.224622161927982e-05,0.007973579247482121,0.010705053416313604,0.009107683459296823,0.057968419324606654,0.019182633608579636,0.0349397849291563,0.0023654785531107337,0.0002666307038452942,0.018201316241174936,0.11035893559455871,4.589792314391161e-05,0.03263057408039458,0.0003262608552176971,0.02350670963351149,0.00019482454176795728,0.0002255188363051275,0.00033354329971189143,0.0018865042831748724,0.18808235228061676,0.020213731797412038,-6.0004546287998695,54.53644984217334,-12.395219324108703,-19.71564672274513,-21.98736490850191,1.151211234027563,-1.308513748801659,7.631052885025946,0.26653096466184517,-8.92093725727698
44c1fce08b7444b27118d3996a4ad3b5,Cc1c(Nc2ncccc2C(O)=O)cccc1C(F)(F)F,296.248,3.850620000000002,3.0,2.0,4.0,0.9027246508301305,0.0,62.220000000000006,0.13615969568490982,0.5683082699775696,0.963264274597168,0.27334095239639283,0.14405968487262727,0.2790172159671783,0.10674721226096154,0.04674876369535923,0.09858091846108437,0.21041918098926543,0.06969847604632377,0.5196434497833252,0.1320517271757126,0.9344372749328613,0.9986105561256409,0.05623098313808441,0.06153093725442886,0.3317982479929924,0.13100860491394997,0.044921564683318135,0.21115870475769044,0.10821036994457245,0.5113308012485505,0.06488471403717995,0.41244361400604246,0.10669117271900178,0.07616522945463658,0.36178655698895457,0.19041344560682774,0.12953648641705512,0.11082792058587074,-4.857153530179604,41.918453784335796,15.937665938212206,4.420580437206579,-8.45632857181749,2.9171161654988205,0.9870170038704906,88.47672064240389,-4.172849697983668,3.188734672160629
bb55027f27bf91c4ce1827eeab2fc3f4,CC[C@@]1(O)C(=O)OCc2c1cc1-c3nc4ccc(O)c(CN(C)C)c4cc3Cn1c2=O,421.45300000000026,1.8468,8.0,2.0,4.0,0.4865420212105026,1.0,104.88999999999999,0.6088553190231323,0.3563358187675476,0.6443414568901062,0.1092747550457716,0.04383911802433431,0.06219756118953228,0.06259492747485637,0.05910201892256737,0.07447909265756607,0.5545283555984497,0.1827550694346428,0.08310087546706199,0.48979243636131287,0.5062286853790283,0.9104961037635804,0.23034510314464568,0.07362292781472206,0.08175227344036103,0.3745227843523026,0.15396685004234315,0.230494824051857,0.05009186416864395,0.6712617397308349,0.37263681292533873,0.09564275369048118,0.14053409770131112,0.0817118190228939,0.4235408067703247,0.5835287630558014,0.35781863927841184,0.709204089641571,-5.3177998031915426,12.89548027829152,18.223538703095194,-3.0799709104917374,-12.01686634941581,3.2731732964279403,0.38555263038607185,71.11510262638932,-2.9327111705579534,2.562639369782327
4efc468ed26e64f6bbb3ee38da9783e1,O=c1ccc2ccccc2o1,146.14499999999998,1.793,2.0,0.0,4.0,0.5302216682110639,0.0,30.21,0.03471484277397394,0.953774917125702,0.8300860166549683,0.78784339427948,0.2779968112707138,0.4618671596050262,0.06003271378576756,0.2037176877260208,0.027305810898542403,0.348022797703743,0.0072233934421092275,0.061151853576302526,0.031025115773081778,0.880126166343689,0.9999383807182312,0.011625162977725267,0.08948170989751816,0.10592205375432968,0.008964227791875602,0.015795538760721685,0.1692154124379158,0.015638188645243644,0.9495875120162964,0.0406655065715313,0.04347570315003395,0.027497255057096482,0.01592874126508832,0.021887801960110663,0.006616721069440246,0.3864078760147095,0.05158680900931358,-4.0143570225777365,70.99526711892732,65.92513562849153,6.175359385195576,-6.704358920430418,2.062831928055928,2.1368247723812788,79.36799277666151,-1.8780782268752354,2.7176480486065957
a9fd6c1f1c9db1fc35dafa96f8baac7d,COc1ccc(CNC(=O)c2cc(cnc2-c2ccccn2)-c2cncc(Cl)c2)nc1OC,461.90900000000016,4.201200000000003,7.0,1.0,4.0,0.4399213544930686,0.0,99.12,0.1005749061703682,0.42752647399902344,0.92605961561203,0.4652812659740448,0.7915459394454956,0.41666038036346437,0.7854388117790222,0.12212403118610382,0.06054745502769947,0.7905179977416992,0.9830145955085754,0.09140103161334992,0.22360475212335587,0.9685029029846192,0.9996908187866211,0.0033367702388204636,0.00502042630687356,0.3516067564487457,0.17929955571889877,0.007056960626505316,0.0252012699842453,0.041591497138142586,0.9732338666915894,0.801066541671753,0.4413769245147705,0.012840057071298362,0.08164437972009182,0.09267148151993751,0.03098597712814808,0.13906414359807967,0.757118308544159,-5.283039932994149,34.4580237733266,60.02433323425746,16.511127908499574,-10.987817177499135,2.5470812122935076,2.814347870743989,93.53915608945059,-4.5569056517604025,-4.305400852100474
3ef428e431f25e1b3184b99b94dc2a3f,CCCNC(=O)NS(=O)(=O)c1ccc(Cl)cc1,276.745,1.7379,3.0,2.0,4.0,0.8794576573550539,0.0,75.27000000000001,0.0019318876671604811,0.5769166767597198,0.8857293009757996,0.018366302084177732,0.1099295325577259,0.661754310131073,0.02991834655404091,0.035754152201116086,0.0026205555885098876,0.20975604951381682,0.002499021019320935,0.5092046916484833,0.006517117051407695,0.9589105486869812,0.999052619934082,0.007992005348205567,0.019560225773602724,0.0011055642273277045,0.0002838294021785259,0.0006819605696364306,0.029420438408851623,0.0004237500033923425,0.6879566550254822,0.019431724585592745,0.012734449282288552,0.0001378619061142672,0.002943398128263652,0.013332366943359375,0.0006942737265489996,0.19519057050347327,0.006860527233220637,-4.584438242329374,-15.4880582015661,-5.432738678989767,34.571377470009466,-11.409114906866511,1.978092598571179,0.36415918729534075,89.54916813043698,-3.026249138529868,-0.3856607134277354
7744329a675e6bd1b78426db8f4e933f,C(CCc1ccccc1)CN1CCC(CC1)c1ccccc1,293.4539999999999,4.888900000000005,1.0,0.0,4.0,0.6854784689791693,0.0,3.24,0.165987541526556,0.9936646819114685,0.8462583661079407,0.16651865616440772,0.3511819809675217,0.06166645362973213,0.015127098932862282,0.6540780067443848,0.9815809488296509,0.38955397605895997,0.01401522612432018,0.02743090093135834,0.2813735846430063,0.018870861548930407,0.9990850687026978,0.0014613865176215767,0.009210499282926322,0.014914258755743504,0.027705839835107327,0.0030544747598469256,0.08913367465138436,0.0010767781248432584,0.9468941569328309,0.762197744846344,0.19418063163757324,0.0008505869278451428,0.015862160082906484,0.02705087885260582,0.0009860962716629728,0.9439754843711853,0.9898106098175049,-4.632284218555812,90.20153196036009,4.604847923082435,-22.89363595830146,-4.777437303258703,3.052378869609772,3.0447653766976432,88.22331179720808,-3.7927198255544874,1.7897322515071026
c9037978d074e58159957d35aa29af1f,CNC(=O)c1cc2c(cn1)[nH]c1ccccc21,225.251,2.0757,2.0,2.0,4.0,0.6657464945613242,0.0,57.78,0.6800392746925354,0.9479793548583985,0.9257986903190613,0.9910611391067505,0.07169678714126348,0.38910459280014037,0.028311098646372556,0.44354750514030455,0.02476001800969243,0.5586735129356384,0.11943888906389474,0.06943181827664376,0.061297041922807695,0.9725881099700928,0.9999806642532348,0.05903427600860596,0.01938676256686449,0.9058604955673217,0.0290208350867033,0.019510071165859698,0.12219228893518448,0.021781668346375228,0.9614102721214295,0.0387691680341959,0.23560207784175874,0.16354240328073502,0.0773717999458313,0.3738537847995758,0.33299851715564727,0.6685643672943116,0.2745356112718582,-4.8118398081196005,65.10525451707097,70.22011620748209,18.597374066874476,-14.919541562325978,2.391726783868458,2.5498045466054995,79.76132126502858,-3.457049230871354,3.194965211535927
61925930c56509ee6785084b78583891,Cc1ccc(cc1)-c1c(cnn1C)-c1nn(C)c2ncnc(N3CC[C@@H](C3)N3CCCCC3)c12,456.5980000000004,3.8038200000000026,8.0,0.0,4.0,0.46530934228498544,1.0,67.89999999999999,0.33817256391048434,0.9477242350578308,0.8355429410934448,0.1355803519487381,0.05106387138366699,0.10145446211099625,0.032972159795463085,0.47746744751930237,0.35526670813560485,0.791642141342163,0.5371349692344666,0.18115075677633286,0.7501226544380188,0.7031407594680786,0.9985617518424987,0.017206690926104783,0.03850402198731899,0.18021638989448546,0.19292639195919037,0.023356351628899576,0.054838740080595014,0.0021584762260317804,0.9676530599594116,0.9208952188491821,0.41349437832832336,0.02068077903240919,0.026539608463644983,0.05360065326094628,0.034339972957968715,0.3096550852060318,0.9753031253814697,-5.344014299623508,19.059819366686092,43.214221632427,-4.867717423095725,-7.958934192307223,2.77427285726215,3.170345048397748,91.87556627436405,-3.4155839795530816,6.4006317673873
1d544a4ea5beb2d17d1b346efce690f0,CC(C)C[C@H](NC(=O)[C@@H](COC(C)(C)C)NC(=O)[C@H](Cc1ccc(O)cc1)NC(=O)[C@H](CO)NC(=O)[C@H](Cc1c[nH]c2ccccc12)NC(=O)[C@H](Cc1cnc[nH]1)NC(=O)[C@@H]1CCC(=O)N1)C(=O)N[C@@H](CCCNC(N)=N)C(=O)N1CCC[C@H]1C(=O)NNC(N)=O,1269.4330000000002,-2.8960300000000183,16.0,18.0,1.0,0.010404123907554262,9.0,493.3899999999998,0.6418400943279267,0.0813601404428482,0.3229139864444733,0.002574313324294053,0.07018607910722494,0.08529889285564422,0.06870248229242862,0.11686447188258171,0.15862048380076885,0.7609527945518494,0.43086967766284945,0.11991149559617043,0.3518952697515488,0.42301177978515625,0.7383808016777038,0.005074889911338687,0.019197926856577396,0.015010891575366258,0.008755804784595967,0.031020719837397338,0.06320365034043789,0.0014334172825329005,0.21520804166793822,0.40100315809249876,0.07273105457425118,0.008787124790251255,0.010933832777664066,0.0321643179282546,0.04352311883121729,0.1049146980047226,0.8200964450836181,-6.877656043217748,29.833437561718945,54.74682036181692,-17.132792732151472,-16.291822724526405,2.6238066906741446,0.3668652319141545,67.09752138823744,-3.3388415254664046,-6.482452692502028
6523c38cc7afaf43efcd82bfbc394fc0,COc1cc(ccc1Nc1ncc2N(C)C(=O)c3ccccc3N(C)c2n1)N1CCN(C)CC1,459.55400000000026,3.3385000000000016,8.0,1.0,4.0,0.6367544100058594,0.0,77.07,0.32665609419345853,0.6791917443275451,0.891609787940979,0.22015685588121414,0.07300971113145352,0.4759658217430115,0.06774120330810547,0.3695611447095871,0.046548185870051384,0.753908348083496,0.595369353890419,0.16934245303273202,0.544828474521637,0.9824161887168884,0.9934363722801208,0.03173395060002804,0.03827411979436875,0.42527928948402405,0.1271856278181076,0.011774731520563363,0.03362559713423252,0.018083876557648183,0.9339633822441101,0.6203976750373841,0.5464395701885223,0.10247615575790406,0.02267473079264164,0.4542570024728775,0.46421892642974855,0.19728948473930358,0.951807975769043,-4.918509605060357,35.528168839026186,58.40536856854466,57.719121110028254,-10.715733488781957,2.9499671346281255,3.035803954646867,88.08890778965053,-4.510033828484005,9.546592782821454
254e7f5dedc7889bcb30cc8973027061,Oc1cc(O)cc(\C=C\c2ccc(O)c(O)c2)c1,244.24599999999998,2.679400000000001,4.0,4.0,4.0,0.4833453356254836,0.0,80.92,0.5932740449905396,0.08346558809280395,0.42222085893154143,0.9051111459732055,0.45937360525131227,0.08990497142076492,0.4493115901947021,0.09547860771417618,0.1960998609662056,0.5044838428497315,0.7306050062179565,0.08409728482365608,0.013593944953754544,0.637999427318573,0.9983975529670716,0.02528307307511568,0.10359630957245827,0.8316794514656067,0.32515581548213957,0.7255048394203186,0.7073789000511169,0.06530575230717658,0.6665383815765381,0.09968776479363442,0.8956069946289062,0.3503169149160385,0.29655002653598783,0.9392210721969605,0.2807531476020813,0.9295941352844238,0.42118901908397677,-5.4132526236737455,92.89099343034277,7.748373922950686,-16.922885096722524,-10.990177106244763,1.9524276114312429,2.3437146345730406,78.34703989492077,-2.332093950729191,-1.4300197753763226
751b3a267c7d16a041bc1973cc2ad8f0,CN1CCN(CC1)c1ccc2nc([nH]c2c1)-c1c(N)c2c(F)cccc2[nH]c1=O,392.4380000000001,2.5445,5.0,3.0,4.0,0.4874373998840835,0.0,94.03999999999999,0.7947481989860534,0.45524618625640867,0.8142037153244018,0.36694231927394866,0.141119547188282,0.19975039213895798,0.10082783252000808,0.2899530425667763,0.12247110679745674,0.3965726375579834,0.4273412525653839,0.4145830273628235,0.7665398001670838,0.967297887802124,0.9855404376983643,0.06810873746871948,0.04154061712324619,0.5496609151363373,0.21616582870483397,0.055352579802274704,0.07856164574623108,0.020870417775586247,0.5418730080127716,0.3541382893919945,0.2880677580833435,0.10670570582151413,0.020402588043361904,0.2545988529920578,0.28773839473724366,0.34655301570892333,0.9381982445716858,-4.878883132348577,-6.538869621937683,-18.182817479303594,3.9598229527509985,-15.51402144879527,2.508410365954107,2.712728158794846,84.13739948992905,-3.773749904147544,5.4498889714363274
1e976afcfe992daf113d169b49818cb5,ClC=C1Nc2sc3CCCCc3c2C(=O)N1,254.74199999999993,2.8199000000000005,3.0,2.0,4.0,0.7475840463177237,0.0,41.13,0.8588680982589721,0.9786515831947327,0.8929607152938843,0.9961115121841431,0.7485663652420044,0.22869869470596313,0.6749529957771301,0.23387439623475076,0.1574414111673832,0.6509049236774445,0.3760051727294922,0.19498251676559447,0.04314278177917004,0.9306508064270019,0.9999885320663452,0.02532681692391634,0.0386888662353158,0.8852867841720581,0.2137075126171112,0.02495207153260708,0.39172754883766175,0.07826210260391235,0.9760533690452575,0.2681946218013763,0.8668213605880737,0.4922551393508911,0.40157832503318786,0.9482330679893494,0.6823754608631134,0.9102491140365601,0.44993785619735716,-4.493478383333535,70.33006063593845,45.271828669743506,71.16693604945756,-10.660836295118617,2.6300364602308735,3.147500923114076,88.2057021236758,-4.307993759829405,-4.941726134705053
17ea28a7e3d3c59e2f7b4cd0349ceb1e,CC(=O)O[C@@H]1C[C@]2(C)O[C@H]2CC[C@]2(C)O[C@H]2C[C@@H]2CC(=O)C(=C)[C@@H]1C2(C)C,376.49300000000017,3.5947000000000022,5.0,0.0,4.0,0.39732752060484466,7.0,68.43,0.5768566429615021,0.9485475301742554,0.8747175574302674,0.0074889360461384055,0.1727801203727722,0.05040609650313854,0.09313610196113586,0.10973239243030548,0.017945506842806935,0.8333558678627014,0.21797886341810227,0.036168921552598474,0.14354818016290666,0.3934184730052948,0.9994678020477294,0.05972848162055015,0.19647904634475707,0.01328658265992999,0.2008931189775467,0.0776771480217576,0.15352360755205155,0.0783057015389204,0.9634895086288452,0.5093967318534851,0.5022015273571014,0.06857002563774586,0.09446363002061844,0.28696867972612383,0.16851701885461806,0.44728337675333024,0.21586281061172485,-4.790975367957609,100.23739399526235,49.803883492713695,0.8839527123100872,-4.62175499040403,3.255306642213358,2.9356747383535433,85.35554914009009,-4.091006323216457,2.7502444785758806
5a6d4aab036220847fcf0dc211eb33c2,COc1cc(cc(OC)c1O)C(=O)OCCCCNC(N)=N,311.3379999999999,0.8294699999999999,6.0,4.0,4.0,0.24222434084132816,0.0,126.88999999999999,0.13995131254196166,0.3387158393859863,0.4723862767219543,0.39998785555362704,0.0972589910030365,0.03261190168559551,0.026633163541555406,0.4524618864059448,0.4712518334388733,0.29122005999088285,0.07143729701638221,0.036235406645573676,0.035814240016043185,0.08091756738722325,0.9539705872535705,0.011126782465726136,0.022762876097112895,0.07635266352444887,0.0036484540440142156,0.12388186156749725,0.07360708490014076,0.0023765471123624593,0.34155669808387756,0.02673363536596298,0.020677368342876434,0.013964515062980354,0.011132878065109254,0.00672868792898953,0.031128166988492013,0.4418648362159729,0.2586302548646927,-6.232332449673927,106.94228487536311,14.020950918562786,-9.649363186098892,-12.707486337794514,1.7618437204219728,-0.33530750841874857,36.090290392231836,-1.5112192359939898,3.546434627479607
614105ff52c0ac25bfc43f3fc58cfbdc,Cc1c(Cl)c(ccc1N1C(=O)[C@@H]2[C@H](O)CCN2C1=O)C#N,305.721,1.4218999999999997,4.0,1.0,4.0,0.7952727757702823,2.0,84.64000000000001,0.13840809911489488,0.8591581225395203,0.9020955920219421,0.05389679931104183,0.026265039574354887,0.3654227614402771,0.0175158683443442,0.04023464545607567,0.0005194845769437961,0.3688797175884247,0.005140367103740573,0.11776165217161179,0.24585700184106826,0.9584034442901611,0.9992133021354676,0.05516502410173416,0.18487800359725953,0.03645346704870463,0.10541953966021538,0.004084353125654161,0.04052465464919806,0.021611442184075715,0.7736492037773133,0.026208787132054566,0.07069602198898792,0.008733164961449802,0.004949785792268813,0.07125129429623485,0.19792238175868987,0.3624070458114147,0.16703682988882065,-4.390877981077906,23.246683162897263,7.801651444663632,26.69093225368252,-15.918719201267104,2.1143299942731497,0.86888934604219,79.75123752362248,-3.9571697183031986,1.8349673239714945
21398f71f1b7017e66324b342448a092,COc1cccc(CN([C@H]2C[C@H](N(Cc3ccc4OCOc4c3)C2)C(=O)N2CCNCC2)C(=O)CC(C)(C)C)c1,550.7000000000005,3.263600000000001,7.0,1.0,3.0,0.5403168400801706,2.0,83.58000000000001,0.06491264142096043,0.6201980233192443,0.5559954404830932,0.029855118319392204,0.8250151872634888,0.2136952370405197,0.574357658624649,0.44756914377212526,0.6279263317584991,0.9593505978584289,0.9955168008804322,0.052157869935035704,0.3351286083459854,0.46208156943321227,0.9993860125541687,0.003604427701793611,0.008698776504024864,0.08921922445297241,0.01485918965190649,0.013933419762179256,0.044512834027409555,0.006004223681520671,0.9720303893089295,0.830101203918457,0.49141477346420287,0.0050688702147454025,0.01941072233021259,0.06376538574695587,0.016863941587507723,0.17372427135705948,0.930626368522644,-5.128448759233518,43.852427763697406,95.72966584920206,2.6679986520869927,-7.6532348768584395,3.1725101780592224,2.294757208165256,87.015384159693,-3.5017009183904846,3.198350047654002
e63a7731e22ead745100734660d7eec9,O=S(=O)(c1ccccc1)c1cnc2c(cccc2c1)N1CCNCC1,353.4470000000001,2.4772,5.0,1.0,4.0,0.7837443172696564,0.0,62.300000000000004,0.03215819150209427,0.8695806384086608,0.7905301570892334,0.11635641381144524,0.47352107167243956,0.6715989708900452,0.32076280415058134,0.345191103219986,0.05057090111076832,0.49439366459846495,0.6152644872665405,0.21948644518852234,0.25540914833545686,0.9050147056579589,0.997601854801178,0.013792859949171543,0.03460930287837982,0.07866276353597641,0.02396327257156372,0.010591654572635889,0.032747801020741464,0.006620785151608288,0.8334035396575927,0.17883233353495598,0.17958282828330993,0.0029358504805713894,0.0082177824806422,0.1274912491440773,0.018272227607667446,0.17292734682559968,0.6156934261322021,-4.789460369800098,64.41216314181298,15.820674413686746,13.90713354174776,-10.918984886786088,2.5612845299503606,1.3266716395735867,76.1524471363072,-3.368086878357354,-3.6636415629997416
c04c8c3f7d0238232cd3c769b2ee9b9a,OC(=O)c1cc(ccc1O)\N=N\c1ccc(O)c(c1)C(O)=O,302.242,2.9096,6.0,4.0,4.0,0.6399634717122534,0.0,139.78,0.40270037651062013,0.035846448875963687,0.7294351100921631,0.29232015609741213,0.03490280229598284,0.12686324380338193,0.0995958998799324,0.020942258450668307,0.01771821400616318,0.09900864064693451,0.008492924505844712,0.49359382688999176,0.028724304027855398,0.9657958745956421,0.9754589676856995,0.00342622677962936,0.07726507633924484,0.8464837193489074,0.0059666673885658385,0.09576352201402187,0.4739086747169495,0.00671175965690054,0.08800389096140862,0.007990296417847275,0.5742923676967621,0.13525041192770004,0.005521132878493517,0.4087242603302002,0.009353837743401528,0.552849966287613,0.11618978977203369,-5.023370283673593,19.13344363074985,-21.044672066615064,17.969206984332043,-12.024418433535235,1.8334558210160232,-0.2960018721861554,94.21424246541116,-4.170059683488884,7.364900840987818
573b8133e08b3969fde46ab2bbc994e3,COc1cc2c(NC3CCN(CC3)C(C)C)nc(nc2cc1OCCCN1CCCC1)N1CCC(F)(F)CC1,546.7070000000003,5.023300000000005,8.0,1.0,2.0,0.4168932000709752,0.0,65.99000000000001,0.7719035506248474,0.9585017561912537,0.767982816696167,0.11257852464914322,0.020574381668120624,0.017469452787190677,0.014970297948457301,0.48132453560829164,0.5305838525295258,0.7038649916648865,0.13390942364931108,0.356958968937397,0.7407036185264587,0.5255858063697815,0.9839092135429383,0.02466920679435134,0.015667750872671603,0.20812032818794252,0.15706532150506974,0.030010040290653704,0.06487198621034622,0.002005558548262343,0.8766749620437622,0.7117282629013062,0.42265584468841555,0.10948068872094155,0.028784926608204843,0.2036803588271141,0.21066809445619583,0.40165886878967283,0.9885215163230896,-4.977159968542919,7.284328883453796,36.70889645121311,29.31693275122128,-7.934935620664608,3.655018632315534,1.972675869547509,81.91806620333026,-3.53194438913914,13.019205283050166
6237371d4fd732b4f1b861530485a2c4,NCCCNCCCCNCCCN,202.34599999999995,-0.35659999999999775,4.0,4.0,4.0,0.3452806057714905,0.0,76.1,0.31403049230575564,0.48168625235557555,0.7733681499958038,0.00764930946752429,0.009731481550261378,0.010432950663380324,0.001607533613423584,0.5856760680675507,0.010611778823658824,0.0296562391333282,0.0001500303922512103,0.6785868525505065,0.03223588317632675,0.001224472071044147,0.6994352273643016,0.009000029880553484,0.015487850084900856,0.004270628280937672,0.0005013825677451678,0.005285947280935943,0.059345672652125356,0.00018839073677554553,0.24207810889929532,0.0007314073882298544,0.11931242272257805,0.0028647440951317547,0.001533335543354042,0.00024819973714329535,0.0012565594399347902,0.9821744441986084,0.5132574558258056,-5.633530582494074,-12.753765460864017,-115.65300746024766,47.23955292616673,-9.958325677291262,2.3090379550605937,-5.488816021899774,-63.77694303495953,1.1057185985714402,42.026760642503135
bb39a4a3f48465a6dfada6cc33df8c10,[O-][N+](=O)c1cc2[nH]c(=O)c(=O)[nH]c2cc1[N+]([O-])=O,252.142,0.03279999999999972,6.0,2.0,4.0,0.43651715554567766,0.0,151.99999999999997,0.9729180335998535,0.6950414955615998,0.7645914018154144,0.43129673302173616,0.07322345338761807,0.07688363939523697,0.11614313013851643,0.08581024017184972,0.021205549687147142,0.44847060441970826,0.09047669768333436,0.19485384821891785,0.03703053835779428,0.9846488952636718,0.9905025601387024,0.03513429444283247,0.007539829052984714,0.5857219457626343,0.021004888880997896,0.14314518570899964,0.14214536994695665,0.01685622651129961,0.4350064188241959,0.06168119553476572,0.8914663672447205,0.13631411716341973,0.15607492178678511,0.7796209812164306,0.5431577920913696,0.971682870388031,0.14605229683220386,-4.793978043487569,-5.567398432826967,1.5085797304282387,44.463352372533116,-14.351798309842527,2.48633021356102,0.8420150259467698,81.73849300314906,-4.179408611838568,-10.432306373617497
16be627480bfe01a73fde5199784f2fa,Cc1cccc(C)c1NC(=O)CN1CCCCCC1,260.381,3.1179400000000017,2.0,1.0,4.0,0.9053276418823546,0.0,32.34,0.18851034045219422,0.9961593747138977,0.9100415587425232,0.20903886966407298,0.5381078720092773,0.24079098999500276,0.047377013601362705,0.47242226004600524,0.36232522428035735,0.6220215022563934,0.07698917798697949,0.17027387395501137,0.4125555917620659,0.13968838155269622,0.9997914671897888,0.002105693274643272,0.012678795866668225,0.053898756951093675,0.006545008951798081,0.0025651179254055022,0.04496850743889809,0.0014037115237442777,0.9744144439697265,0.05164975412189961,0.054117098450660706,0.001936353393830359,0.007927739433944226,0.008359402231872082,0.006287041399627924,0.8552185893058777,0.8388705253601074,-4.401097080282763,51.15376991593629,21.834668079036923,-13.7214015491461,-8.930863081508788,2.9045006035048515,1.608874627488623,55.447166807201484,-2.1579598685785273,-1.5121106347079045
4f5010ca6253a9ad18fba7a37086539e,CC(C)OP(F)(=O)OC(C)C,184.147,2.9140000000000015,3.0,0.0,4.0,0.6298693189390489,0.0,35.53,0.43359008729457854,0.9948611378669738,0.9857797861099243,0.015699166664853693,0.5011291801929474,0.38209633678197863,0.08144571185112,0.09320192676968872,0.00010734932384366402,0.6935172915458679,0.001388642575693666,0.793406218290329,0.0009733532193422434,0.4435401916503906,0.9999800205230713,5.1187146939923875e-05,0.0013148545695003122,0.059390731435269115,0.0029965735273435714,0.004686741018667817,0.11294146813452244,0.0005326899863348445,0.995248556137085,0.0019504653238072932,0.0030193142883945256,0.0005492826898262137,0.0012688065820839257,0.00757683995179832,0.0002652862106515386,0.3101831942796707,0.04944455702789128,-3.7996390771687403,0.2848079693193867,19.536724771371123,-4.4485552741176715,-5.456042138528401,4.246947807798825,2.1726727995018003,51.226297331587446,-0.40984026866428547,-2.5384345681170544
0e4a08856489f0ac8353267761171a33,Clc1cccc(\C=N\N=C\c2cccc(Cl)c2)c1,277.154,4.446400000000002,2.0,0.0,4.0,0.5847494133954585,0.0,24.72,0.25339585542678833,0.8069993257522583,0.9357553839683532,0.9730620145797729,0.5875032246112823,0.2040561020374298,0.22405914664268495,0.08935501351952553,0.025160735379904507,0.45746076107025146,0.028547568758949638,0.6038209617137908,0.006301722768694162,0.9002104043960572,0.9999711513519287,0.010763656441122293,0.05399053953588009,0.6589912950992585,0.13913660496473312,0.17914725989103317,0.6228793978691101,0.033785668388009074,0.9575995445251465,0.03413036754354835,0.6378070414066315,0.3055915832519531,0.11765334606170655,0.7746644973754883,0.1403471976518631,0.8073229312896728,0.20295507609844207,-4.266060392886759,75.60819119365993,17.204831593286833,37.43220989226892,-4.252160636442375,2.055858705849303,3.7921295385496583,98.32228370034116,-6.090330418210529,6.2851087149406
f21c5bf764f4ab97c93985fb59b3b332,CCc1nc(C)cn2nc(cc12)-c1cc(=O)n2cc(cc(C)c2n1)C1CCN(C)CC1,416.5290000000003,3.392640000000002,7.0,0.0,4.0,0.5121034058923826,0.0,67.8,0.2891343295574188,0.8500683903694153,0.8818937182426453,0.04723139740526676,0.025732867512851955,0.16573268473148345,0.061323686875402926,0.4006315588951111,0.029575846367515625,0.836973226070404,0.13655331805348397,0.21659818291664124,0.7267499208450318,0.8057998418807983,0.9943800687789917,0.030260915122926235,0.06405195370316505,0.04219033867120743,0.043746089190244676,0.018039244413375854,0.06822381690144538,0.004894000990316272,0.9693661689758301,0.8145709037780762,0.29469855427742003,0.029164182394742964,0.017875972483307124,0.02026055781170726,0.0282514126971364,0.22435715645551682,0.9030422687530517,-5.193062295929977,-3.545019953886019,12.688095973302602,9.625134338607834,-8.996633437436858,2.8552302903261086,1.8421555131830978,73.21383301013678,-2.87011810860196,4.221546468705338
dec1a20746263519def2c119a11df791,OC(=O)CSc1nnc(Br)n1-c1ccc(C2CC2)c2ccccc12,404.28900000000016,4.2371000000000025,5.0,1.0,4.0,0.6447720583090041,0.0,68.00999999999999,0.11750727817416191,0.8688957571983338,0.9496432304382324,0.22620069310069085,0.1879604145884514,0.5782689213752746,0.0951048918068409,0.04697962924838066,0.036150431260466576,0.3286227762699127,0.11114951819181443,0.23930183947086334,0.37721394896507265,0.967247474193573,0.9965861678123474,0.012847435101866722,0.02709759958088398,0.1452585682272911,0.028049278445541857,0.02491032937541604,0.0983951061964035,0.3387970611453056,0.5789832711219788,0.11746558099985123,0.588068038225174,0.030301590077579023,0.03765928484499455,0.03247485775500536,0.03447993732988834,0.41874451041221616,0.012369638122618199,-5.082760783096466,19.74870703220909,16.390703833486356,5.092698882781187,-8.864541937012195,2.577811630206003,1.3649594460392485,99.83969299019914,-4.276392052214817,-6.311126709097373
4ad3cc3b876453e4addd5732b0668c78,O=C1c2ccccc2-c2[nH]nc3cccc1c23,220.231,2.774300000000001,2.0,1.0,4.0,0.4949511667218594,0.0,45.75,0.6743321895599366,0.8777568459510803,0.8323068022727966,0.998491895198822,0.5335057377815247,0.22290026545524597,0.5485834777355194,0.3655505120754242,0.2858379125595093,0.41556673049926757,0.7865224003791809,0.05626338738948107,0.054739825800061225,0.9765382170677185,0.9999904870986939,0.0729325458407402,0.0398771483451128,0.9388996839523316,0.18533311784267426,0.13582442402839662,0.2612473160028458,0.044352329522371295,0.9503407835960388,0.6040898561477661,0.7375657200813294,0.3964391529560089,0.09356516972184181,0.9144429445266724,0.44819082617759703,0.8087526798248291,0.47685237526893615,-4.379215035476707,10.646621555626332,19.774737382068597,49.08796652066152,-11.272944104859134,2.3389839678844453,2.868374297124899,89.5519087001577,-4.542126176093663,-2.7233059690007315
76b7a9423326873b6f063a36045c095e,Cc1c(Oc2cc(C)c(C#N)c(C)c2)c(nn1CS(C)(=O)=O)C1CC1,359.45100000000014,3.351840000000002,6.0,0.0,4.0,0.8170836598135871,0.0,84.97999999999999,0.20378817319869996,0.9205845475196839,0.881771719455719,0.2926694735884666,0.8457113623619079,0.5011839032173157,0.6566757917404175,0.2611861854791641,0.03722010441124439,0.894498860836029,0.8615155458450318,0.244282004237175,0.14423983544111252,0.7147752642631531,0.9998068809509277,0.007822066661901772,0.020972189120948316,0.03021614160388708,0.21354117542505263,0.05711643546819687,0.03622627258300781,0.042894558422267436,0.9871162056922913,0.513891014456749,0.5124893844127655,0.016985518299043177,0.0518977589905262,0.2066929295659065,0.04223561845719814,0.21648350358009338,0.39084349423646925,-4.475731615257616,-18.57631418852833,0.6821609689831775,17.05102183881323,-7.938159546059898,2.8216485871545833,1.8830075224685383,92.32546443639175,-4.6463397813519105,3.0981968698712317
cf84db17df6ea3bfe83db47991bf572e,CCOc1cc2ncc(C#N)c(Nc3ccc(OCc4cccc(F)c4)c(Cl)c3)c2cc1NC(=O)\C=C\CN(C)C,574.056,6.676580000000005,7.0,2.0,2.0,0.1931174708760313,0.0,99.51,0.4611340880393982,0.3449915826320648,0.8119091510772705,0.06778397001326084,0.5409519731998443,0.2792383134365082,0.40656575113534926,0.19482234567403794,0.166545058041811,0.8732811450958252,0.7077945351600647,0.5679142296314239,0.4131127119064331,0.9429538130760193,0.9823320150375366,0.014000497199594975,0.011843149131163955,0.5212285280227661,0.26221253275871276,0.02257445380091667,0.03775228690356016,0.054415828362107274,0.7074496746063232,0.9693845510482788,0.642806327342987,0.04418066553771496,0.1641881838440895,0.7320751309394836,0.5686944097280502,0.19700866639614106,0.9285262107849122,-5.235274526366472,68.35684862316214,92.7997059509211,164.76646205747096,-11.846215951626082,3.5555892401642963,3.722242749773656,98.50681940041947,-5.933267532925727,15.811636043428873
ba8b27225585d6b90d622c33c09ff46e,CC(C)Nc1nc2cc(Cl)c(Cl)cc2n1[C@H]1O[C@@H](CO)[C@H](O)[C@@H]1O,376.24000000000007,1.7748999999999993,7.0,4.0,4.0,0.6493088431254908,4.0,99.77000000000001,0.5915146052837372,0.7379767775535584,0.8349136590957642,0.11903301402926444,0.14426252022385597,0.07790603823959827,0.10166682563722133,0.04195521082729101,0.07285574162378908,0.45480142533779144,0.026218107412569226,0.13305276595056056,0.3705920249223709,0.9055980324745179,0.9891081690788269,0.05063965879380703,0.028922827169299125,0.4561424285173416,0.5100535035133362,0.03318679947406054,0.10498939082026482,0.03412239328026771,0.7779001593589783,0.10875457376241685,0.586753648519516,0.09253615699708462,0.03475271314382553,0.18263967633247374,0.5180923819541932,0.30842494070529936,0.5273230791091919,-5.246783865136041,33.957551536485205,4.953487849788122,65.52199475822603,-15.583982729862512,2.8465948271281114,2.0723267769318725,79.67488928266916,-3.557886951333051,20.554850163168393
b064e18ac90a80766bee56ab9232098d,CC(=O)N[C@@H](CC(O)=O)C(=O)N[C@@H](CCC(O)=O)C(O)=O,304.25500000000005,-1.5999999999999979,5.0,5.0,4.0,0.33875205779381606,2.0,170.1,0.3646479845046997,0.5404541850090027,0.45481079518795015,0.0004738130257464945,0.009123795060440898,0.04400472240522504,0.001355030038394034,0.021548792161047457,0.009647908643819392,0.0768141858279705,0.00011335766748743481,0.11143090277910232,0.08930829465389252,0.29197466373443604,0.030738311260938643,0.013890738599002361,0.040989837422966954,0.0013133621017914266,0.00036571900272974744,0.023879463970661163,0.19874098002910615,0.0003991098468759446,0.007153701981587801,0.000982294336427003,0.05282474681735039,0.0009416336455615237,0.0019343345949891955,0.00026911344830296004,0.010401878645643592,0.322874116897583,0.009142106061335652,-6.6509690525386755,-40.57291442758208,-24.057341258829872,-4.174789980968681,-16.4492273724861,1.4966198760154386,-3.0269368616496974,41.57639061739849,-0.3562389723951612,6.297798950480969
76e925762f9a490cd7146afabea1b151,O=C(CN1CCNCC1)NC1CCCCC1,225.33599999999996,0.34050000000000047,3.0,2.0,4.0,0.7278447294735325,0.0,44.370000000000005,0.08017202354967594,0.9619215250015258,0.7080510318279266,0.004069757764227688,0.25523177683353426,0.16136778742074967,0.010148219380062074,0.40607579946517947,0.02256014458835125,0.20238080769777297,0.004511878383345902,0.11642326824367047,0.09317235052585601,0.03777643889188766,0.9956754446029663,0.0008815340450382791,0.003046989580616355,0.008676334610208869,0.0011050547895138153,0.0005713854858186096,0.017686078790575266,0.0005891426857488113,0.5640696287155151,0.002141756232595071,0.0348873358219862,0.00038656256947433576,0.004874772345647216,0.0013630274857860058,0.001734271872555837,0.9130918145179748,0.15399388074874878,-4.616915319215502,9.718364958048102,-25.871750592416117,-2.676904238135161,-10.000496020682016,2.102919431499981,-0.183032195480117,11.399892484227298,-0.5385453648635273,-4.726817323448932
596116c2891167e78f6bef9980ef5640,Cc1ccc(cn1)-c1ncc(Cl)cc1-c1ccc(cc1)S(C)(=O)=O,358.8500000000001,4.175920000000003,4.0,0.0,4.0,0.7044044148957774,0.0,59.92,0.12941982895135878,0.8784817218780517,0.9527098059654235,0.8051114439964294,0.6994561910629272,0.6282093346118927,0.20085054486989976,0.2579169303178787,0.06543529108166694,0.7288668155670166,0.7728928685188293,0.3974933326244354,0.2771209865808487,0.9359428524971009,0.9996583938598633,0.02536515537649393,0.022218030411750078,0.09487786628305912,0.12135335430502892,0.03394507728517056,0.06763070151209831,0.02917794240638614,0.9775277614593506,0.43075481951236727,0.24785627871751786,0.016101441974751652,0.03552291039377451,0.06080179587006569,0.020002775453031064,0.15435288548469545,0.3117253318428993,-4.831167677374895,18.217120133646056,21.45432016823977,23.08766878451535,-8.538787338454014,2.138350990089478,2.5024641891664556,91.55532609618315,-4.74171336415254,-0.31823764409969363
fc0d9703b56f685d1c5b6730ea21443b,CC(Oc1ccc(O)cc1)(P(O)(O)=O)P(O)(O)=O,298.12399999999997,0.8001,4.0,5.0,4.0,0.5131450706161858,0.0,144.52,0.01668994016945362,0.3188668429851532,0.277820298075676,0.012788368450492272,0.05163703095167875,0.16905249394476413,0.02164443237707019,0.06863684477284551,0.03886424896772951,0.3306343793869019,0.0005569323486056988,0.0808101512491703,0.05999127104878425,0.11918154302984477,0.04753096401691437,0.008499490200483706,0.011519911338109524,0.004542431990557816,0.0012426175395376048,0.15388547871261835,0.10522811934351921,0.0009075981822263656,0.050875095068477094,0.006691293092444539,0.06043955693021417,0.0020226810185306476,0.006116875924635679,0.046449954784475264,0.022582664526998995,0.1508014664053917,0.0941015399992466,-5.723859545841828,21.633125976329048,8.538945533771763,64.96498848223483,-10.287927587073094,1.964990002921041,1.2909711635393997,74.72010576041819,-1.2533901167606782,-2.1810767419515456
ee6b2856db251238ef7aa186af8b360c,O[C@H]1CCN(C1)C(=O)Nc1cnn2ccc(nc12)N1CCC[C@@H]1c1cc(F)ccc1F,428.4430000000002,2.9475000000000007,6.0,2.0,4.0,0.6700804338306232,2.0,86.0,0.113608118891716,0.6586534917354584,0.8510472774505615,0.07456491440534592,0.1393527328968048,0.29303503036499023,0.11965224444866181,0.21805236339569092,0.026055824756622315,0.37550082206726076,0.30996533036231994,0.09028336778283119,0.5084601163864135,0.9360953569412231,0.9990138649940491,0.03660304620862007,0.10564246401190758,0.19506630450487136,0.053152742236852644,0.0018246144405566155,0.045799854770302774,0.005725415563210845,0.830492377281189,0.3750077664852142,0.23305743634700776,0.04398045390844345,0.00410033039515838,0.20425554662942885,0.07588196471333504,0.055594262480735776,0.8024082660675049,-4.933892035230999,14.454539277947628,40.32328274860615,62.77010947807469,-13.547724102460284,3.406477365444175,3.054900657261805,83.6425202082869,-4.478780063768262,5.8800089300339975
f5d77e67c8180e003346438655b5bfe7,CN1CCN2[C@H]3CCN(CCCC(=O)c4ccc(F)cc4)C[C@H]3c3cccc1c23,393.5060000000001,3.9165000000000028,4.0,0.0,4.0,0.7198069073904806,2.0,26.79,0.2279200240969658,0.9981199502944946,0.8167431473731994,0.15794970691204072,0.21601838767528533,0.2006846308708191,0.03183791115880012,0.8581210851669312,0.9245457053184509,0.7761556029319763,0.32591372132301333,0.06083513163030148,0.6266844213008881,0.3150648057460785,0.9998249530792236,0.007964484952390194,0.028294730931520462,0.2294980488717556,0.022368031833320857,0.0018630906706675887,0.029286795854568483,0.0016760569415055215,0.9757414102554322,0.9293692708015442,0.1612426146864891,0.004325421410612762,0.008020885102450848,0.027205707039684057,0.012316461466252804,0.2859050914645195,0.9821332335472107,-4.72372632608205,78.64423438299164,34.22011945859366,25.315723138389906,-7.7589640134664135,3.011840107122747,3.353463731456478,94.53336973165912,-3.675774313710508,11.620053072760024
f9492d14e10fbf02c9777024b096f224,Nc1ccc(cc1)S(=O)(=O)Nc1ncccn1,250.28300000000002,0.8596000000000001,5.0,2.0,4.0,0.7871395577774678,0.0,97.97,0.011921638622879982,0.6737795233726501,0.8903950929641724,0.0008887826807040256,0.003637089510448277,0.4119350969791412,0.0024057793023530396,0.017238089814782143,0.0023154500871896745,0.13991714566946029,0.0011052569723688066,0.3445800930261612,0.03227610643953085,0.9746533989906311,0.9470709800720215,0.01221427982673049,0.02618975527584553,0.00349357423838228,0.0011356654475093819,0.002351459552301094,0.06108055710792541,2.5089080190809908e-05,0.1414634669199586,0.007051168370526284,0.005760420532897115,0.00016561884258408098,0.0015819267835468053,0.003521789546357468,0.0013377487659454346,0.08798106014728546,0.015026820939965546,-5.09679817023544,-1.7713047972056544,3.237552612814464,8.805072125835379,-13.605455129345586,1.5026691260373828,-0.6441548411600976,73.24514049434305,-2.6201990430522293,-3.453412296847617
f31e4437ac236841165931f2e76824d8,OC(=O)COc1cccc(c1)-c1ocnc1-c1nc(c(o1)-c1ccccc1)-c1ccccc1,438.43900000000014,5.794000000000005,6.0,1.0,3.0,0.34308298971079315,0.0,98.59,0.01973411552608013,0.23676456809043883,0.871382474899292,0.17922878339886666,0.37371106147766114,0.4711283028125763,0.5049753606319427,0.015977513045072556,0.03193260997068137,0.2624160796403885,0.04800032824277878,0.3018651783466339,0.16397490799427034,0.9896171808242797,0.9687574982643128,0.01121643981896341,0.029075491428375243,0.27571736872196195,0.20898476988077164,0.0584528723731637,0.18530014157295227,0.6504771649837494,0.6368756651878357,0.6263984501361847,0.7118295907974244,0.03190493658185005,0.09636169895529748,0.20022885799407958,0.05519488640129566,0.2153676375746727,0.38891365826129914,-5.318309149258748,12.837740984745887,-6.830366189215009,-61.18168799238621,-8.011944866307712,2.46520767488121,1.9722915870922093,104.57338704913032,-5.7455614017446095,4.578186832875785
7363eaace28dcadf24965a7923138161,CNCc1ccc(cc1)-c1[nH]c2cc(F)cc3C(=O)NCCc1c23,323.3710000000001,2.979300000000001,2.0,3.0,4.0,0.6939222125348533,0.0,56.92,0.7434219479560852,0.9377110123634338,0.9108404874801636,0.9555222988128662,0.4374546468257904,0.41643805503845216,0.25552287697792053,0.5972466468811035,0.39242437183856965,0.6505370140075684,0.45282859802246095,0.39604162573814394,0.48475137650966643,0.9053779125213623,0.9993042349815369,0.0704498052597046,0.056489570438861846,0.6113237738609314,0.1157311424612999,0.03207306787371635,0.1365651749074459,0.025314363464713097,0.8759001612663269,0.6557742893695832,0.22618452906608583,0.10697746947407723,0.06706975772976875,0.33129281401634214,0.24982252418994905,0.4330519735813141,0.8348788380622864,-4.976839810230636,2.885821394348855,-5.208487486917519,34.112943051200396,-12.776121361218603,3.019185652473054,1.7585501502961507,79.48551533088649,-3.7964399399960698,4.1371320844482025
688a783ce1021fd6cf9e37e4c50e4e4e,CNCC\C=C\c1cccnc1,162.236,1.7043,2.0,1.0,4.0,0.6815674124639686,0.0,24.92,0.12146436721086502,0.8731557726860046,0.8778175234794616,0.17094653025269507,0.02334035448729992,0.08939889222383499,0.0069123509805649515,0.2549453467130661,0.020303773786872627,0.15153887160122395,0.04646132085472345,0.11102786660194397,0.1106050506234169,0.12364162057638169,0.9998024106025696,0.004179649124853313,0.009712022542953492,0.034712841361761095,0.005058141332119704,0.0017697504023090004,0.016471946984529494,0.00026591337482386737,0.7773731589317322,0.004812276747543365,0.03589316215366125,0.0004957866614859086,0.012939918879419565,0.0011499291518703102,0.0011263159569352866,0.8625784873962402,0.1390681505203247,-4.394007061191071,51.956311188390465,-5.11133981900357,19.57788574442392,-8.187327353678986,2.660412473345727,-0.7458312875592548,12.806209215323145,-0.3016932477907216,8.860706518147357
86227f3a0d5f3baa8a08ca40825823a7,CCOc1nc2cccc(C(O)=O)c2n1Cc1ccc(cc1)-c1ccccc1-c1nc(=O)o[nH]1,456.45800000000014,4.191800000000002,7.0,2.0,4.0,0.37629475381700994,0.0,123.24000000000001,0.1118214413523674,0.23984374701976777,0.8528507947921753,0.1512017861008644,0.5926581621170044,0.4256665050983429,0.8204891204833984,0.030631524603813888,0.08240396473556758,0.2292055979371071,0.2620577484369278,0.278231643140316,0.35511224567890165,0.9723221302032471,0.9531577825546265,0.004824676457792521,0.029077457264065742,0.20479990690946578,0.12202074602246285,0.017443438293412328,0.0646759245544672,0.17433073967695237,0.28939356207847594,0.42510749995708463,0.34160917401313784,0.034661997482180594,0.03959813304245472,0.2714127987623215,0.05457521080970764,0.26520273089408875,0.6246553480625152,-5.444154735215055,24.94706840853511,-10.726270154786967,-12.297664530052725,-11.053685517776717,2.0101672168589415,0.5992116076021083,98.81699251308626,-5.732154057744793,-0.957775920831071
23dacbbfa0ff980f317e70c5a0c5455f,CCCCN(CC)c1c(cc(cc1[N+]([O-])=O)C(F)(F)F)[N+]([O-])=O,335.28200000000004,4.148200000000004,5.0,0.0,4.0,0.5514127435955851,0.0,89.51999999999998,0.3973586469888687,0.9884557962417603,0.8463966846466064,0.9070289492607116,0.9615254640579224,0.14749404042959213,0.6735437750816345,0.20389337241649627,0.2171958714723587,0.6909289956092834,0.5505613088607788,0.7306328535079956,0.051560173835605384,0.7234132051467895,0.9999248385429382,0.014251840207725764,0.01684241835027933,0.0350346690043807,0.2520608723163605,0.024486294575035573,0.11587067991495133,0.006920611672103405,0.9900074481964112,0.441884246468544,0.26980882585048677,0.005663156323134899,0.038137485086917874,0.8880768179893493,0.05420641079545021,0.8847188830375672,0.7985265493392945,-4.426230155954864,62.29601392234396,53.094591445795416,37.964415579521464,-3.323738276384307,2.1043208122342,3.2128040683383383,101.52452371039986,-6.022831017918945,9.464144943557407
2bff79f40cd0853e1537f2fd2357c559,COC[C@H](NC(=O)[C@H](COC)NC(=O)c1cnc(C)s1)C(=O)N[C@@H](Cc1ccccc1)C(=O)[C@@]1(C)CO1,532.6190000000003,0.4130200000000037,9.0,3.0,3.0,0.2965124004131454,4.0,148.25,0.7826978325843811,0.11366133466362953,0.8736417055130005,0.002589735749643296,0.12057289611548186,0.0821496419608593,0.062370891124010085,0.02918217293918133,0.011373181827366352,0.7067981600761414,0.8257096529006958,0.3004025250673294,0.35864480435848234,0.8687169194221497,0.9723572492599487,0.016934951581060887,0.00798817230388522,0.04893469903618097,0.09318172484636307,0.03441237099468708,0.08199354410171508,0.1108642764389515,0.6426662027835846,0.6895501971244812,0.7001449704170227,0.13161522671580314,0.14877890571951866,0.0687062494456768,0.24172838479280473,0.3129734665155411,0.25310949683189393,-5.639220843153793,77.14285179077805,71.89722365572291,40.03070902853924,-11.830537222223153,2.8277461466556417,1.3876646683734812,80.76518360090364,-3.3325373697768392,8.480597260831113
d43249555359a9c8bee0c8828d47a0ef,CC(C)[C@@](O)(c1cn[nH]n1)c1ccc2cc(OC(F)F)c(OC(F)F)cc2c1,399.34400000000005,4.052600000000002,5.0,2.0,4.0,0.5861475090657893,1.0,80.26,0.22863271236419677,0.8035137772560119,0.9654659271240235,0.8300376296043396,0.6718398094177246,0.4413108766078949,0.7616714835166931,0.3684380978345871,0.09157064780592919,0.6071192264556885,0.8700395464897156,0.5021873891353608,0.3612746804952621,0.8550086259841919,0.9997427701950073,0.005871790135279298,0.012501010857522487,0.6176549255847931,0.38454659581184386,0.016570766037330032,0.03079352844506502,0.0393633309751749,0.8335755705833435,0.49513068199157717,0.214213091135025,0.05500065628439188,0.0259767584502697,0.7164712309837341,0.11383211836218834,0.12816424071788787,0.8394923686981202,-4.990057581465829,4.983531416129866,5.323715108053728,19.028325116190974,-6.983104076999348,3.3688320285736735,3.449613662482842,97.18711485210565,-6.143789889433178,2.476033529958419
715dde3be0d8c92ad44776901ee67c4f,Cc1cnc(c(C)c1)-c1cc(ncc1Cl)N1CCN(CC1)C(=O)CCS(C)(=O)=O,436.9650000000003,2.497140000000001,6.0,0.0,4.0,0.7155951284968651,0.0,83.47,0.30602291226387024,0.9103131055831909,0.7849976778030395,0.08281413279473782,0.3110544964671135,0.4976365566253662,0.24602363407611846,0.2814531266689301,0.01392736453562975,0.9283352851867676,0.590849083662033,0.2966502785682678,0.46549923717975616,0.9150620222091674,0.9970803737640381,0.028706790879368782,0.038282476365566254,0.06067653503268957,0.07549002021551132,0.04068109169602394,0.07572470940649509,0.04423367902636528,0.9832216024398803,0.40553309619426725,0.6671925902366638,0.01828859783709049,0.0243143267929554,0.023109084321185948,0.07228143736720086,0.1404472641646862,0.6853603482246399,-4.78846951959336,32.69456734959149,44.13678707893079,-15.620924920400025,-10.588372444285447,2.6537949503481064,2.7473967430766053,85.85390063397335,-3.293840057224591,-2.3277054707706624
b301f3e4f591511e4bb7c65298242568,Cc1ccc(\C=N\NC(=O)c2ccccc2Oc2ccccc2)o1,320.34800000000007,4.1442200000000025,4.0,1.0,4.0,0.5673143087311138,0.0,63.83,0.5175125777721405,0.742430591583252,0.9680454730987549,0.9807961106300354,0.9608090996742249,0.5859496235847473,0.8906712293624878,0.15350285768508912,0.025243218615651132,0.7394579172134399,0.325379741191864,0.48734269440174105,0.018102719448506832,0.9502421259880066,0.999989914894104,0.0017697572213364765,0.03285810761153698,0.8218453407287598,0.3809118986129761,0.062304697930812836,0.4880558609962463,0.07966504991054535,0.9847247958183288,0.3679046526551247,0.7522328972816468,0.37543613016605376,0.23210565149784088,0.859957218170166,0.057470500469207764,0.4233540415763855,0.6917704939842224,-4.801628734688284,68.18229247331745,44.00687928760806,37.71110316617787,-7.683243301295008,2.494182022716304,4.0027280317172185,105.1541254456748,-5.931414299251071,1.9037874675077582
861c07fc431c9dee9f84592b6ec5829e,CCCCCCCCCCCCC[N+](C)(C)Cc1ccccc1,318.56899999999996,6.574000000000007,0.0,0.0,3.0,0.26852094533831367,0.0,0.0,0.0038825649302452804,0.7113198518753052,0.2558922652155161,0.18666935265064238,0.06069922102615237,0.11095551028847694,0.003168201618245803,0.5865815937519073,0.69727623462677,0.5384979546070099,0.005191208561882377,0.21823328882455825,0.0008888002391813643,0.006833679450210184,0.20974859744310378,0.0005602639328571967,0.001855305687058717,0.0014874925720505417,0.6217745661735534,0.05572200566530228,0.11873856484889984,0.001983732313965447,0.8380804538726807,0.8439318895339966,0.7170788288116455,0.0002986866211358574,0.045506964437663555,0.8590725302696228,0.004522743241977878,0.9900512218475341,0.9843862295150757,-4.7662885783496325,110.27199114234261,61.99841069162956,74.52735972051332,-1.9611462583909849,2.6817324882448172,2.6975005210498306,84.86473474109556,-4.602442955549522,33.34004725099612
56cdc30b6259e22ab87b7a9ecbaefbb1,CC(C)C(=O)OCC\C(SS\C(CCOC(=O)C(C)C)=C(/C)N(Cc1cnc(C)nc1N)C=O)=C(\C)N(Cc1cnc(C)nc1N)C=O,702.9039999999999,4.687840000000002,14.0,2.0,2.0,0.11616302411205784,0.0,196.82000000000002,0.2802077278494835,0.7278502106666564,0.5550146579742432,0.0035470770817482844,0.19401345402002335,0.11104624792933464,0.20140032321214676,0.05123026520013809,0.04439044580794871,0.8996134161949157,0.9032989501953125,0.12414965219795704,0.19326729997992514,0.6968285322189331,0.9026685953140259,0.01917687729001045,0.020445728534832598,0.04209535475820303,0.07439790368080139,0.07039776723831892,0.041840226575732234,0.007934551313519477,0.8682134747505188,0.7181378245353699,0.3017150640487671,0.02763377532828599,0.05639538057148456,0.030310108070261778,0.05513436235487461,0.19420553147792816,0.6827481508255004,-5.526285535577433,86.82604068848336,122.5625881628617,27.7436082147207,-9.633599205277559,2.840453858874062,2.34103711034341,83.07046882916185,-3.9207132057510714,-4.9954095622468575
8750e8c5d94867d521ba44df5fe608b2,[O-][NH2+]N(CCCl)C(=O)NCCCl,216.06799999999998,-0.5482000000000005,2.0,2.0,4.0,0.279930840901004,0.0,72.01,0.9794313907623291,0.8267987728118896,0.8666685104370118,0.05144213987514377,0.10710629485547543,0.1347435623407364,0.0062196466606110334,0.25274409502744677,0.005945366917876527,0.30875302851200104,0.012783454498276114,0.9325645923614502,0.004102885359316133,0.20049412921071053,0.9662821769714356,0.0046041849127504975,0.0006645265762927011,0.00967289216350764,0.0006772276304218394,0.00386204507376533,0.05899852365255356,0.002495933408863493,0.4229622037149966,0.0005485032227625197,0.16048407629132272,0.006302235927432775,0.008543317159637808,0.0009768767697096337,0.015906351432204247,0.9695087432861328,0.06580421328544617,-4.7055562791220575,37.56960335196671,23.698814561610074,-26.658226291325768,-11.717786908936194,3.267772898693483,0.9533039791002575,36.1623672214756,-0.3267458023038963,2.1023798654550796
ae7ad27a534fe3d591571ff8c395008d,C\C(CO)=C/CNc1ncnc2nc[nH]c12,219.24800000000005,0.7034,5.0,3.0,4.0,0.6589185505431489,0.0,86.72,0.3474656492471695,0.5444390118122101,0.7599550962448121,0.07149077840149402,0.003492104704491794,0.13598268553614618,0.0012068425548932282,0.0730124855414033,0.008340735257661436,0.08156393319368363,0.022447892709169536,0.09836681410670281,0.052653833478689197,0.79908686876297,0.9992773175239563,0.004378391336649657,0.0043251151568256315,0.23922073543071748,0.004064197232946753,0.0027390885166823863,0.042367681581527,0.00032946276041911915,0.15969052240252496,0.008418653998523951,0.043431954085826875,0.007079629134386778,0.009853343898430466,0.0066750668687745925,0.019675419386476278,0.411849445104599,0.07547539547085762,-5.472457863427662,9.288140848210977,1.2958668324636264,27.013473061563758,-17.077495066514565,2.249065842126591,1.1800078900412956,66.96885648800004,-1.9906774290388642,24.33091275782174
0c71d0722401d3da8f8dd76ed15e0fce,Cn1nc(N)c2cn([C@@H]3O[C@H](CO)[C@@H](O)[C@H]3O)c3ncnc1c23,320.3090000000001,-1.8870999999999987,10.0,4.0,4.0,0.5030837169270522,4.0,142.25,0.6469530433416366,0.5619750529527664,0.8410871982574463,0.07318770736455918,0.018562014494091273,0.1120071953162551,0.030193771328777076,0.03231211509555578,0.0047288487141486256,0.10759603008627891,0.015575674921274185,0.09608620479702949,0.2648854747414589,0.9492048144340515,0.9960367798805236,0.04003037661314011,0.02290101572871208,0.4737236350774765,0.5383625708520412,0.020412866957485676,0.0890536479651928,0.01800642479211092,0.3999957025051117,0.030086048878729343,0.38794308379292486,0.09249522127211093,0.027083906065672635,0.30304796164855363,0.5987199306488037,0.338638973236084,0.4507071077823639,-5.913624324030184,-16.6015302426795,-15.061007657464472,28.065266435233053,-19.742913703687936,2.6681830455748465,-0.8669689442346928,31.24654693162149,-1.5664011301320613,0.4498378702832171
4481eab7773eb1bdfd59f1fd2101c7c9,CCCCOc1ccc(cc1Cl)-c1cncc(c1)C(=O)NCc1cccnc1N1CCOCC1,480.9960000000003,4.742500000000005,6.0,1.0,4.0,0.44554982701422774,0.0,76.58,0.28145454823970795,0.5784380912780762,0.8702264904975892,0.2409605599939823,0.9012074589729309,0.34100916385650637,0.8553825974464416,0.16941986978054047,0.10529266074299812,0.8143608808517456,0.8944002389907837,0.333109188079834,0.49529783725738524,0.9382010221481323,0.9997203588485718,0.002571636810898781,0.009125901572406291,0.44042805433273313,0.2493068814277649,0.01166223529726267,0.06630782932043075,0.055744337290525435,0.9364121675491333,0.9008055448532104,0.7885512948036194,0.02075423989444971,0.13373692855238914,0.3648917227983475,0.13527719378471376,0.21126409471035004,0.8764513373374939,-4.851533638984468,70.39619917207385,71.09623978302874,32.38413669446004,-10.461952073695366,2.983585140236346,3.703940560367724,103.64782812422159,-4.977990619590699,5.460169596538378
fd4f1b90f7bb291caa75bd3c0178d6c2,Oc1cc(ccc1NC(=O)Nc1ccccc1Br)[N+]([O-])=O,352.14400000000006,3.706900000000001,4.0,3.0,4.0,0.44490817894463464,0.0,104.5,0.7873374700546265,0.6974661588668823,0.9306652426719666,0.7585347533226013,0.545741754770279,0.3502260118722916,0.6756701350212098,0.12215488106012344,0.20380893349647522,0.6295993983745575,0.3909308463335037,0.41584224700927735,0.02147327223792672,0.9629355072975159,0.9998985171318054,0.005106104258447886,0.010434383898973465,0.8492403388023376,0.04957599639892578,0.016738849505782128,0.2096107304096222,0.028470179066061974,0.8185203552246094,0.05330817624926567,0.79038907289505,0.02992269666865468,0.2373724490404129,0.980673325061798,0.18437484055757522,0.9267531633377075,0.34012726992368697,-5.094513057564379,95.09031775755372,25.087417918245457,18.877709575079148,-10.701381618082314,2.7254415833527847,3.3127711134384077,93.95858424550343,-4.790536556867861,-7.440524325153675
55bb9cd7849333eadd3c62c5e2dbe3a1,CSc1nc2ccc3nc(NC(=O)C(c4ccccc4)c4ccccc4)sc3c2s1,447.6100000000001,6.398500000000004,6.0,1.0,3.0,0.3168492956054802,0.0,54.88,0.21985627263784407,0.5757988870143891,0.7758792042732239,0.42610793113708495,0.8301137208938598,0.4083462983369827,0.8294491648674012,0.03773546442389488,0.07271548993885517,0.36676225066185,0.36109197437763213,0.5104809284210206,0.032851595990359785,0.9749860286712646,0.997364628314972,0.025407521054148674,0.033724384009838106,0.6731128096580505,0.2833730071783066,0.04554320052266121,0.29747089743614197,0.2621621757745743,0.651694369316101,0.8778096675872803,0.8428805947303772,0.22246372252702712,0.43724959492683413,0.9219702363014222,0.32657440900802615,0.5086911022663116,0.5944219350814819,-5.047797330278636,66.58250615294207,77.91239525654687,83.2520290852002,-9.472504101142325,2.1531956116059954,3.873025902654809,102.06934038749908,-5.741167351807457,-1.0739084265185699
f389e562038db0203e15997ed8f8b952,OC(=O)CNC(=O)c1c(O)n(C2CCCCC2)c(=O)n(C2CCCCC2)c1=O,393.4400000000002,1.5403999999999989,7.0,3.0,4.0,0.695475581902389,0.0,130.63,0.04459895826876163,0.5913646519184113,0.8992246150970459,0.009199157124385238,0.11192899942398071,0.6376157760620117,0.21808744072914124,0.027316279709339142,0.010967570450156927,0.2762688010931015,0.03847427200525999,0.23949978947639466,0.23982597887516022,0.9427859544754028,0.8019939184188842,0.009948106470983476,0.027106068469583987,0.005347324511967599,0.016350009106099607,0.026238064374774696,0.08368740193545818,0.08537392765283584,0.29621185958385465,0.0766937866806984,0.24560968279838563,0.014382412005215884,0.04174916073679924,0.021227686339989303,0.028276822343468667,0.3156787872314453,0.024200069718062878,-5.3525666878732086,-0.04842591085948271,11.68441537999681,-19.046559435557633,-12.711863734658534,2.4643938249468644,-1.4720617525466946,71.74897519736442,-3.6187515385959643,3.785347728166878
c0d8d0d7e8c4019796cb67c0acbfda7b,NCCCC[C@@H]1NC(=O)[C@H](CCC(O)=O)NC(=O)c2cc(ccc2OCC[C@H](NC1=O)C(=O)NCC(O)=O)[N+]([O-])=O,580.5510000000004,-1.3600999999999934,10.0,7.0,2.0,0.09082383657321223,3.0,269.38999999999993,0.5823497712612152,0.19961979538202285,0.2758199036121368,0.005481476231943816,0.017709258175455034,0.028329186886548997,0.024525214824825524,0.03599728904664516,0.10570067185908556,0.410014408826828,0.08729460034519435,0.10110701024532318,0.34303860664367675,0.49554587304592135,0.02455379841849208,0.05184259675443172,0.09826726913452148,0.024719168385490774,0.02030956596136093,0.216494357585907,0.22380465418100357,0.008818087121471762,0.05192563980817795,0.10220466181635857,0.18946585655212403,0.03397711683064699,0.01555112050846219,0.022617153450846673,0.13312276527285577,0.37253702580928805,0.34799283742904663,-6.725710870415222,9.921896990815233,11.259461429658513,30.84766926760546,-12.436905259028745,3.2825490966895075,-1.111845451247375,54.572969500192094,-2.337302376515854,1.0933632555569939
02155ae1571383427e0e4a9b8e0b7933,Nc1nc(Nc2ccc3CC[C@@H](CCc3c2)N2CCCC2)nn1-c1cc2CCCc3ccccc3-c2nn1,506.6580000000003,4.882000000000005,8.0,2.0,3.0,0.38071760532600396,1.0,97.78,0.29836432784795763,0.8128057003021241,0.8330869197845459,0.10252506472170353,0.25878152549266814,0.08628687039017677,0.11172990649938583,0.2528832733631134,0.3700656399130821,0.8101426720619201,0.27534420043230057,0.2524517968297005,0.5617861866950988,0.7999328970909119,0.9863477110862732,0.028405022248625754,0.03443600796163082,0.36069912314414976,0.15744518637657165,0.03246374074369669,0.0947204202413559,0.013937080465257167,0.7454535961151123,0.7753442287445068,0.39767520427703856,0.15839827060699463,0.05207864120602608,0.3187842398881912,0.2820299118757248,0.2592839539051056,0.9283090949058532,-5.38425022052037,1.9682809750746018,38.063705218078404,1.7490446059796974,-8.698782305030294,3.2650506311936396,3.4705944199496725,93.06407156693231,-4.753893199844751,4.860092481809239
9a2eef63b2695c3870d1c0b4fe3375f3,CC(C)c1cccc2c(cc(nc12)-c1ccc([nH]1)-c1ccc(cc1)C(O)=O)-c1ccccc1,432.52300000000014,7.385500000000007,2.0,2.0,3.0,0.3042913829915841,0.0,65.97999999999999,0.11661302521824837,0.16676701754331588,0.7871508002281189,0.3867138624191284,0.20188492238521577,0.34737608432769773,0.19427234157919884,0.036244888603687284,0.03979240525513887,0.22355730533599855,0.023376279417425393,0.5598272800445556,0.22762199640274047,0.9467229008674621,0.9778441786766052,0.031518055126070976,0.026894765719771386,0.4940748691558838,0.22435113787651062,0.1858028680086136,0.24218931645154954,0.5134887278079987,0.3913670003414154,0.5078184247016907,0.5378420412540436,0.12269412390887738,0.26750283539295194,0.5626632094383239,0.1819856971502304,0.366255858540535,0.43487766981124876,-5.343780705354117,15.506667251949832,10.488496003988946,-32.96095452870915,-8.713172639742995,2.4319500802718452,3.0675630166754937,106.31517536965437,-6.58436588306048,4.814820704034058
c6c5c67bf498c8bfe6fba2c0a4fb7d12,Oc1c(Br)cc(C=C2C(=O)Nc3ccc(I)cc23)cc1Br,520.9460000000001,5.014500000000002,2.0,2.0,2.0,0.4099401317299728,0.0,49.33,0.4423573076725006,0.6960485398769378,0.8463393211364746,0.9459181070327759,0.47578324675559996,0.32114708721637725,0.7884327292442321,0.26997153759002684,0.1914084732532501,0.7324262261390686,0.40725653767585757,0.5003938257694245,0.021971662435680626,0.9707582712173461,0.9997340559959411,0.027056368719786405,0.031131486222147942,0.8598280429840088,0.08363157659769058,0.024423349276185037,0.2304627537727356,0.15090267807245256,0.8363600850105286,0.3863584578037262,0.9011520385742188,0.09253422394394875,0.6519776701927185,0.9663683176040649,0.7909239649772644,0.8830596089363099,0.6648819267749786,-5.0227120240914,51.812172793007335,43.5379373808165,58.35868248656944,-9.86899608699731,3.134803375475206,3.7268626568908396,105.14192195152768,-6.3476106281243405,-5.269705596125829
8d1e1aefa7fe0dd345ec3fcd715e8cc3,CC[C@H](C)[C@@H]1NC(=O)[C@H](Cc2ccc(OC)cc2)NC(=O)CCCSC[C@H](NC(=O)[C@H](CC(N)=O)NC(=O)[C@H](CCC(N)=O)NC1=O)C(=O)N1CCC[C@H]1C(=O)N[C@@H](CC(C)C)C(=O)NCC(N)=O,988.1789999999995,-2.5009000000000112,13.0,10.0,1.0,0.0728474283778534,8.0,362.50999999999993,0.14727414399385452,0.04473164565861225,0.5965014696121216,0.0009220021296641789,0.024976584664545953,0.07425641622394323,0.00794569028657861,0.0849441260099411,0.00797064983053133,0.7971174955368042,0.6820635557174682,0.08719386458396912,0.0776710718870163,0.5533922374248504,0.3102459631860256,0.037186600267887115,0.0488623857498169,0.002819838110008277,0.005529863433912397,0.13877349421381951,0.16930257976055146,0.0400249969214201,0.3049803480505943,0.2752439945936203,0.20801861584186554,0.03725119810551405,0.01942453198134899,0.015466560132335872,0.16846171021461487,0.09211017787456513,0.18019557520747184,-6.24367346867267,25.686789650589787,87.5254620073737,9.624317140988898,-11.786775889514207,3.2577056515144753,1.048055732069614,72.78460808310606,-4.365481111800874,4.222848383846862
7f0c7cc1e5c73bf9bc2631e913940cb0,OC(=O)[C@@H](Cc1ccc(O)c(O)c1)OC(=O)\C=C\c1ccc(O)c2O[C@H]([C@H](C(=O)O[C@H](Cc3ccc(O)c(O)c3)C(O)=O)c12)c1ccc(O)c(O)c1,718.6200000000005,3.334500000000004,14.0,9.0,1.0,0.05768790213222814,4.0,278.03999999999996,0.3775701612234116,0.2195483583956957,0.3011042922735214,0.08611383475363255,0.21697283014655114,0.09050779938697814,0.273151396214962,0.012677433947101236,0.1448949409648776,0.3837048500776291,0.13536905646324157,0.08594510108232498,0.19361938685178756,0.9097384810447693,0.4574103124439716,0.060610099136829375,0.0690163180232048,0.07044395431876183,0.15274016857147216,0.18645440936088561,0.2239856541156769,0.17115078419446944,0.10736725628376007,0.38074679374694825,0.363682159781456,0.08469958379864692,0.11264221593737603,0.1549072280526161,0.15150875896215438,0.4024509102106094,0.5234426528215408,-6.988376924656424,15.10767680270215,26.698454357407844,49.55032861696349,-10.753207352655247,2.5961892617446987,0.4638274295013137,86.11339172655235,-2.6741284459390795,3.8992346807248017
614eb2da33e665bc000eaa4e041f6696,C[C@@H]1O[C@@H](O)[C@H](O)[C@H](O)[C@H]1O,164.15699999999998,-2.1938,5.0,4.0,4.0,0.32621578128889733,5.0,90.15,0.22908724695444108,0.7999976873397827,0.5614986896514893,0.00032123431155923755,0.013559629197698087,0.03638847781112418,0.001429738489241572,0.02308674386003986,0.0010405081520730164,0.13285332125378774,6.616151678429105e-06,0.0027518482122104613,0.010400060936808586,0.05126770818606019,0.13198753241449596,0.013731712568551302,0.023658313136547805,0.0006009116783388891,0.0013447669647575823,0.04673320800065994,0.13295729756355285,4.378614978577389e-05,0.1500079576857388,0.0012875265609181951,0.015206742298323661,0.0001580028235366626,0.00011839020562547376,0.0007102038132870802,0.006415686453692615,0.3089988201856613,0.04209883842268027,-5.444584432998331,62.21453263689186,11.093266228183145,15.658415429991317,-22.679178853267246,0.7099082588556505,-0.8434989265769619,16.876456865015314,0.5919007013807069,-12.494247068449539
eb9cc09edb1c4d2297253ea6dc3c73d9,Fc1cccc(\C=C\C(=O)NC2CC2)c1,205.23199999999997,2.1174999999999997,1.0,1.0,4.0,0.7522513705158141,0.0,29.1,0.47770615220069884,0.9921738624572753,0.9698781251907349,0.8938441395759582,0.6307326674461364,0.3593374311923981,0.10998800918459892,0.23617185950279235,0.02432572524994612,0.5645489692687988,0.11667433530092239,0.14578528925776482,0.05207024738192558,0.7233884692192077,0.9999817609786987,0.01856340803205967,0.0690921775996685,0.18460507392883302,0.03882480524480343,0.009424078185111285,0.15534709095954896,0.007158396579325199,0.9725806474685669,0.019503584410995246,0.3405969738960266,0.13710603192448617,0.05396441146731377,0.07524493299424648,0.037295247241854665,0.5705509901046752,0.07623778693377972,-4.224981285976767,72.00739394440134,38.351272290129565,0.07374593381607539,-9.838152703516451,2.6420079612392384,2.3638632236809114,67.04276830908762,-2.6701581910609535,0.6340259391411254
b99e89511a7e09a2aae9643362db0bf0,CCc1oc2ccccc2c1C(=O)c1cc(Br)c(O)c(Br)c1,424.088,5.456800000000003,3.0,1.0,3.0,0.568938382393165,0.0,50.44,0.049216849729418755,0.4142386347055435,0.6679505407810211,0.9756888747215271,0.9372674465179444,0.43920624256134033,0.9698601365089417,0.13099213019013406,0.11779421865940094,0.6051358878612518,0.25209945291280744,0.15798602849245072,0.002470222895499319,0.849758505821228,0.999982213973999,0.015613393019884824,0.03805547058582306,0.4378727376461029,0.3806720972061157,0.15663985311985015,0.46414589285850527,0.531513261795044,0.9426299929618835,0.8317931652069092,0.931859040260315,0.08806047067046166,0.729575264453888,0.971160352230072,0.6330522894859314,0.6646491646766662,0.6357403039932251,-4.6425263112520145,70.03841032559701,64.27233323183374,201.57031288791222,-8.00350103422278,3.672098689877486,4.907729056585825,113.49431075939466,-6.23323750184433,6.989172199550367
ee6b2856db251238ef7aa186af8b360c,O[C@H]1CCN(C1)C(=O)Nc1cnn2ccc(nc12)N1CCC[C@@H]1c1cc(F)ccc1F,428.4430000000002,2.9475000000000007,6.0,2.0,4.0,0.6700804338306232,2.0,86.0,0.113608118891716,0.6586534917354584,0.8510472774505615,0.07456491440534592,0.1393527328968048,0.29303503036499023,0.11965224444866181,0.21805236339569092,0.026055824756622315,0.37550082206726076,0.30996533036231994,0.09028336778283119,0.5084601163864135,0.9360953569412231,0.9990138649940491,0.03660304620862007,0.10564246401190758,0.19506630450487136,0.053152742236852644,0.0018246144405566155,0.045799854770302774,0.005725415563210845,0.830492377281189,0.3750077664852142,0.23305743634700776,0.04398045390844345,0.00410033039515838,0.20425554662942885,0.07588196471333504,0.055594262480735776,0.8024082660675049,-4.933892035230999,14.454539277947628,40.32328274860615,62.77010947807469,-13.547724102460284,3.406477365444175,3.054900657261805,83.6425202082869,-4.478780063768262,5.8800089300339975
90a568a874ee51d7e3583cd73ce2b9b3,COCCOc1ccc2n(cnc2c1)-c1ccc2cccc(N3CCC(N)CC3)c2n1,417.51300000000026,3.5264000000000015,7.0,1.0,4.0,0.48376142759155827,0.0,78.43,0.7458020925521851,0.8524792313575744,0.8530744671821594,0.4010757505893707,0.4559242963790894,0.11249523013830184,0.2765202969312668,0.3862181007862091,0.3415448546409607,0.7719975590705872,0.4538618326187134,0.10642268434166909,0.6904399752616882,0.7219500184059143,0.9995009183883667,0.015173489972949029,0.028486513905227183,0.8777023553848267,0.6614276051521302,0.060528383031487464,0.11245952546596527,0.029027561843395232,0.9196605324745178,0.8690580606460572,0.6470015048980713,0.1855461373925209,0.21679564714431762,0.3184427052736282,0.4456873178482056,0.3500917851924896,0.980430293083191,-5.103469190464397,48.304843687908885,21.819517910085455,-38.35782688739783,-10.81616409908843,2.470997544492937,1.600352312291129,89.27010987531247,-2.3886103500314504,5.045674857578123
d2b2cf66180bbe08590407e4b5e3c987,Nc1nc(N)c(N=O)c(OCC2CCCCC2)n1,251.28999999999994,1.998,7.0,2.0,4.0,0.7901907634181753,0.0,116.47999999999999,0.8127904295921325,0.8428713083267212,0.9519376635551453,0.8050382494926452,0.3483221873641014,0.256034129858017,0.3281391739845276,0.2982941284775734,0.1422845317982137,0.4560408115386963,0.15245035886764527,0.5166505128145218,0.04468051344156265,0.7295749068260193,0.9999123930931091,0.0032611079048365356,0.025988937914371492,0.801603639125824,0.14030668810009955,0.08317210972309112,0.42750134468078616,0.016160997934639453,0.8792114853858948,0.04348329417407513,0.35913763046264646,0.3467339649796486,0.10334011986851692,0.6509164154529572,0.1600544795393944,0.6327159345149994,0.3077354431152344,-4.480275310314591,66.54770674873636,27.375149658088667,-15.860388242208625,-8.15765124833504,2.024022029214803,2.449722529979999,85.16489277636768,-4.272049605427071,-2.4536814058461305
82c0bcbd6e031bc76919efa7d4caf593,Cc1ccc(cc1)-c1csc2ncnc(SCCC(O)=O)c12,330.43400000000014,4.233520000000003,5.0,1.0,4.0,0.5599923484010948,0.0,63.080000000000005,0.248865507543087,0.7902690291404724,0.9459333658218384,0.7657367348670959,0.4179031729698181,0.7453384518623352,0.30673364698886874,0.09282511547207832,0.053103025630116464,0.3137317657470703,0.13436557501554489,0.23533390760421752,0.3855213731527328,0.9802984356880188,0.9976990938186645,0.020438011176884173,0.029425965063273905,0.39949878454208376,0.1318062238395214,0.06873082555830479,0.15719892978668212,0.6456696629524231,0.7450592279434204,0.09548640847206116,0.3672226697206497,0.16081174463033676,0.09088045842945576,0.10259058997035027,0.17882903218269347,0.42093064486980436,0.05736289247870445,-5.132387515910713,51.81037462602431,34.438722131240965,4.62843028827132,-8.832687299769134,2.502209589354526,1.1957092410352188,103.61485250233572,-4.602054388607147,-8.539153325358344
5ed467225345597b9a141ec8861bede1,FC(F)(F)c1cc(cc(c1)C(F)(F)F)-c1ncn(\C=C/C(=O)N2CC(F)(F)C2)n1,426.2670000000001,3.930900000000002,4.0,0.0,4.0,0.5523080440936853,0.0,51.02,0.18176152557134628,0.9553622484207154,0.9169354319572449,0.31002528965473175,0.2047770343720913,0.17581022083759307,0.10263907629996538,0.20501511693000793,0.024735035374760628,0.5266763508319855,0.0934497993439436,0.47345262169837954,0.37774718105793,0.8943421363830566,0.9952528476715088,0.02941832095384598,0.06574340388178826,0.0066342419013381,0.06626004129648208,0.007620567549020052,0.08902624920010567,0.0149140989407897,0.9588487386703491,0.5828990042209625,0.5829180121421814,0.04420105777680874,0.015618759673088789,0.025389439053833486,0.06564802546054124,0.2765866547822952,0.624854850769043,-4.764538437631754,-3.715472429293962,8.615564489385937,-11.390381863282347,-5.769001331855371,3.139797146720194,3.0539830472751155,93.3881635863734,-5.252808397087205,2.3627657081782467
43369de665c4cf8dfaf6c2617a564e84,Nc1ccc(\C=C\C(=O)NCc2cc3cc(cc(-c4ccc(F)cc4)c3o2)-c2ccc(cc2)C(=O)N2CCC(F)(F)CC2)cn1,610.6360000000002,7.084000000000006,5.0,2.0,2.0,0.1918405357512058,0.0,101.46000000000001,0.4359543800354004,0.5107611417770386,0.7722398519515992,0.07585201002657413,0.6397112369537353,0.17556977570056914,0.4903610527515411,0.10020028762519359,0.07252446077764034,0.6849594831466674,0.6116108059883117,0.4546740710735321,0.31663084030151367,0.9649011254310608,0.995036244392395,0.01515617435798049,0.013185400515794754,0.36430059373378754,0.3379015952348709,0.029466290213167667,0.17125326544046401,0.04396914578974247,0.7814358830451965,0.8933639049530029,0.8380447149276733,0.08988695740699768,0.15212904512882233,0.6256205320358277,0.16166780441999434,0.23082584142684937,0.9313237190246582,-5.306081650833559,9.679583609804343,31.94503284725102,93.644870936938,-11.131956033531846,3.48750492190178,3.872272718940491,103.53005735417928,-5.672398274883436,8.217890437163117
e1349f105b97fe6a7995bd8d1c9fd52d,CCN[C@H]1CN(CCCOC)S(=O)(=O)c2sc(cc12)S(N)(=O)=O,383.5170000000001,0.08690000000000075,7.0,2.0,4.0,0.6441091760572241,1.0,118.79999999999998,0.6683837234973907,0.7817896366119385,0.7425978541374206,0.013059343677014112,0.06621654015034437,0.2452182412147522,0.013300701277330518,0.1274606019258499,0.04770164792425931,0.7402101635932923,0.1036836862564087,0.44460664987564086,0.22709876149892808,0.8030059695243835,0.9947820186614991,0.008464123075827956,0.012015686742961407,0.01785543663427234,0.03972460059449077,0.016262719966471197,0.034769134037196635,0.0023167467676103114,0.8597726464271546,0.06503370776772499,0.08378822579979897,0.0016975820122752338,0.010309012257494032,0.02287265951745212,0.02670294949784875,0.5317849397659302,0.32146658599376676,-5.72298305458205,112.94022067492085,14.616483647807726,47.355033282357454,-10.064361960457624,2.9058864100102304,0.19632111967433957,52.74088863356285,-2.2200813562010135,4.513354386020473
8e11384191f17acee9af6b167667d375,CC(C)C(=O)SCCCCC[C@H](NC(=O)OC(C)(C)C)C(=O)NC12CC3CC(CC(C3)C1)C2,480.7150000000004,5.440900000000005,5.0,2.0,3.0,0.40674442220830215,1.0,84.5,0.31898186504840853,0.9309457540512085,0.6988646745681762,0.012357582245022059,0.5646839618682862,0.3024332657456398,0.41883422136306764,0.10175310336053371,0.08031742945313454,0.8839072823524475,0.9137369155883789,0.19155825227499007,0.08467579632997513,0.28522121608257295,0.9995454311370849,0.009492192300967872,0.01613561250269413,0.009304506983608008,0.060611387342214586,0.03890008796006441,0.10862182267010212,0.04454913176596165,0.9472514510154724,0.8451854109764099,0.5495341420173645,0.011983643425628543,0.12461421266198158,0.45398654937744143,0.06295925974845887,0.4222268223762512,0.6514217138290406,-5.05698648388057,98.33915443058565,133.97147868765066,3.2624267216843754,-4.998462972857723,3.048300045081424,4.562124672327944,100.77411672153666,-5.322705510760529,10.841783860313056
28b12a256aa75788f71c88784b31c382,Cc1[nH]c(=O)c(cc1-c1ccc2nccn2c1)C#N,250.26100000000002,1.8697,4.0,1.0,4.0,0.7160441632656432,0.0,73.94999999999999,0.6697832703590393,0.4218612492084503,0.9289509654045105,0.8809653282165527,0.1263799861073494,0.275738824903965,0.11823551431298256,0.2616313278675079,0.09347547255456448,0.48063926100730897,0.3589827135205269,0.07924486249685288,0.22157815992832183,0.9283103585243225,0.9998430967330932,0.042799438908696176,0.036364866979420186,0.4738866925239563,0.17869601398706436,0.07635409608483315,0.08887883648276329,0.0149193593300879,0.8691368818283081,0.07522684950381517,0.06905618719756604,0.18393522202968599,0.03637802693992853,0.09692348912358284,0.22492511868476867,0.3919240653514862,0.46197018027305603,-4.787437676762101,29.245699034520776,0.26012950171839505,-2.193599280433962,-15.665952825804467,2.4500189586910643,1.273473617816149,78.61977324830738,-3.4136204556778305,2.589658401250847
0d2a7483a61dc5004b51166158690bae,CS(=O)(=O)n1cc2CN(Cc2n1)[C@H]1CO[C@@H]([C@@H](N)C1)c1cc(F)ccc1F,398.4350000000001,1.1421,7.0,1.0,4.0,0.8340518500891307,3.0,90.45,0.8210441112518311,0.9619023323059082,0.9622682213783265,0.04495782349258661,0.15436097364872695,0.15192097872495652,0.08003979772329331,0.3003640055656433,0.07398089151829482,0.7496426701545715,0.4934289872646332,0.2946461707353592,0.6666892170906067,0.7649473905563354,0.9998453736305237,0.009391058003529906,0.03979603052139282,0.03014150317758322,0.1241978257894516,0.014348702877759934,0.0645939264446497,0.002177114156074822,0.9622697949409484,0.19911005049943925,0.07852229624986648,0.008127192442771047,0.002663494530133903,0.009503228054381908,0.01463115904480219,0.29143212735652924,0.8266618609428406,-5.038758055319503,24.025460929931494,-8.81349900186839,49.33216319542768,-11.969860028689144,2.8127140628520317,0.2863733477993448,54.13541864643978,-2.2618495785857933,-4.033804464065664
63271811cf08119ade61357a759981eb,ClC(Cl)C(=O)NCCCCCCCCNC(=O)C(Cl)Cl,366.116,3.166800000000001,2.0,2.0,4.0,0.43606871287607907,0.0,58.2,0.8951094031333924,0.9624520182609558,0.8175652384757995,0.7748260021209716,0.8143045246601105,0.1881790816783905,0.3007571049034595,0.2511145055294037,0.1764769970672205,0.6384331822395325,0.5482466116547584,0.8798464655876159,0.305551516264677,0.38573954701423646,0.9960646271705628,0.05503896418958902,0.00973818488419056,0.04328294121660292,0.16288169845938683,0.1932418093085289,0.33659849166870115,0.22119661420583725,0.8973255634307862,0.25816055536270144,0.7979797005653382,0.3263000100851059,0.34638705253601076,0.43803703486919404,0.4832125067710876,0.9431577682495117,0.805163311958313,-5.08036418280828,71.43060318289923,39.0860823130337,41.91861333673124,-7.931535411886303,2.0639322934132913,2.6227055758926126,84.67283196201244,-3.9904964453959337,6.546531625609354
0e6b4eca354666e26f63a4513466b5c8,CC(C)[C@H](NC(=O)N(C)Cc1csc(n1)C(C)C)C(=O)N[C@H](C[C@H](O)[C@H](Cc1ccccc1)NC(=O)OCc1cncs1)Cc1ccccc1,720.962,5.905200000000005,9.0,4.0,2.0,0.10624046585910327,4.0,145.77999999999997,0.14276106357574464,0.21328599601984025,0.6471574902534485,0.2483512729406357,0.9681513428688049,0.5542813539505005,0.9756217241287232,0.18419573530554773,0.4216437816619873,0.7298293352127075,0.9961358785629273,0.12923541367053987,0.12395757138729095,0.8812182068824768,0.9993290066719055,0.002644341834820807,0.006374109187163413,0.22914699018001555,0.08994764685630799,0.008011625520884991,0.04808483086526394,0.05920305661857128,0.7102772116661071,0.911450183391571,0.40701972842216494,0.012677694717422128,0.08106493651866913,0.6908267736434937,0.07934886291623115,0.1001291662454605,0.8755335807800293,-5.2109008879677905,63.92579143437463,113.04652917598146,69.39044706085889,-11.23820450652536,2.799896827687669,4.121584563122841,105.04819491301566,-5.550123258496375,-3.5857534794123382
3830a94e8440822676addb3f552ae7d4,N[C@@H](Cc1ccc(O)c(O)c1)C(O)=O,197.18999999999997,0.05219999999999991,4.0,4.0,4.0,0.5125069246930146,1.0,103.78,0.4499723553657532,0.49451092481613157,0.8430655717849731,0.0136033795773983,0.014121981151401997,0.21798159927129745,0.010945223923772573,0.1299527883529663,0.01911006341688335,0.14246488362550735,0.0398676423355937,0.2844250828027725,0.09076082073152066,0.07758520171046257,0.9960970997810363,0.0056528347980929535,0.0383924700319767,0.1973276972770691,0.0033018101647030564,0.022062515025027096,0.029354672390036286,0.004957288526929915,0.0411241814494133,0.0028728360775858164,0.023469745833426713,0.0030354723799973725,0.006727944314479828,0.004519895400153473,0.0034916311909910292,0.5958416402339936,0.01102862535044551,-6.064060511741689,45.218743947057064,-30.160090563081365,8.000789865029683,-13.859022296982886,1.7623314811630362,-0.9502830317831352,54.55329117843719,-1.0025996782869737,3.928129614184227
7e872382b7a47110122c0e72de9ceff3,CC(C)OCCn1c2cc[nH]c2c(=O)[nH]c1=S,253.32700000000003,1.8121899999999997,4.0,2.0,4.0,0.816841910930045,0.0,62.809999999999995,0.36508449018001554,0.8568906664848328,0.8912074089050293,0.5154527872800827,0.1311226323246956,0.2642581135034561,0.05615466348826885,0.2291564255952835,0.006304208561778069,0.481617146730423,0.028936695773154497,0.16115061938762665,0.14128938764333726,0.8730912208557129,0.9993802428245544,0.025972533226013183,0.019885991513729096,0.3227749228477478,0.032303837686777116,0.04201913811266422,0.1595713570713997,0.02372467126697302,0.8364815473556518,0.034103866666555405,0.08661584109067917,0.07326176688075066,0.12997205778956414,0.03860147967934609,0.07440823353827,0.5639703869819641,0.15102695375680925,-4.817614050618337,60.22041265080003,12.721078633142653,29.54809854707155,-13.632671279379101,2.406634544426997,1.020534901579609,63.433148740318146,-3.431410862278624,7.437631249257746
6e23c770e895b80ee695372db40e8d5c,CNCc1cc(-c2ccccc2F)n(c1)S(=O)(=O)c1cccnc1,345.39900000000006,2.645600000000001,5.0,1.0,4.0,0.7720798335370949,0.0,63.99,0.14891486689448358,0.8024022102355957,0.9540556073188782,0.1029630221426487,0.3434822350740433,0.5250951766967773,0.1524164468050003,0.19255999624729156,0.10754203423857689,0.5263041913509369,0.7828252792358399,0.3814657241106033,0.4714154899120331,0.8302715420722961,0.9996219873428345,0.013922510482370854,0.018983820267021657,0.02506104512140155,0.06306172125041484,0.008820907026529313,0.04097593836486339,0.0025721372570842505,0.9521885633468627,0.13723719194531442,0.03591895084828138,0.0007267829030752182,0.0030680065974593163,0.012297093728557229,0.0016600634902715684,0.16631875485181807,0.47042195200920106,-4.7134351616614705,47.968540534946584,9.86423154595268,54.5961620954026,-10.496926079515735,2.873096299967464,0.9620155725613604,77.07630470691663,-3.1464029350278095,-1.4022095994400188
8fe22aab66ea1d5ef1d3c69a86b14c14,O[C@@H]1[C@@H](COP(O)(=O)OP(O)(=O)OP(O)(=O)OP(O)(=O)OC[C@H]2O[C@H]([C@H](O)[C@@H]2O)n2ccc(=O)[nH]c2=O)O[C@H]([C@@H]1O)n1ccc(=O)[nH]c1=O,790.3070000000001,-4.190199999999994,21.0,10.0,1.0,0.08110784342661771,12.0,404.45,0.02846517050638795,0.0983256496489048,0.11538155302405358,0.003052239926637412,0.023155887657776476,0.0409347522072494,0.008641225576866418,0.018010774906724692,0.1419145015068352,0.09558471832424402,0.0023240045931743223,0.01675403325352818,0.2501561209559441,0.5249492317438126,0.002281496527575655,0.012283324578311295,0.04694953821599483,0.0010742183250840754,0.004519030571100302,0.13324791342020034,0.44781553745269775,0.00025229795866152924,0.012062579207122327,0.01505205687135458,0.08297199252992868,0.005528200382104842,0.0019172796692146221,0.014454696147004143,0.050047604274004696,0.09248076863586903,0.2823458479717374,-6.9828649328038805,-7.770278228008799,-0.05674277457687538,93.54005344624453,-18.885802640695143,2.2128021801372846,-0.008570219158895932,65.73233848158067,0.3804359950416929,-1.7356038655309667
a35e25e83a0490cd56b7cf7b596aabcd,CC(C)(O)CC(O)=O.CC(C)(O)CC(O)=O,236.26399999999998,0.46399999999999997,4.0,4.0,4.0,0.5634837438693162,0.0,115.06,0.017977755144238473,0.7368540287017822,0.6285674691200256,0.0006384543528838548,0.09361134376376867,0.26047421991825104,0.018493641819804906,0.028724525962024926,0.020186964329332112,0.25473588407039643,0.0002117701196766575,0.21434613317251205,0.062716347258538,0.13161480613052845,0.6771010994911194,0.0007282463124283822,0.0029060404340270907,0.0007591844710987061,0.00048404740664409474,0.01811908520758152,0.09936113134026528,0.0026730750571005045,0.06853994596749544,0.007494622119702398,0.014033195120282472,0.0002888787716074148,0.01655597877688706,0.003927347203716636,0.0016362515452783555,0.2023027554154396,0.01465602486860007,-5.413866193002375,-16.510747610269654,-14.408842443433803,-16.017903726958938,-11.721419155945547,1.5295611248100078,-1.5126946358039888,46.65755189683472,-0.1346523765034454,-3.2957635222513617
35a43fd2a79b6a5e938ab1c7ec23695d,Nc1ncnc2n(cnc12)[C@@H]1O[C@H](CO)[C@@H](O)[C@H]1O,267.245,-1.9799999999999998,9.0,4.0,4.0,0.49051986767922323,4.0,139.54000000000002,0.7529046833515167,0.6731948494911194,0.6935063242912293,0.0012788325089786667,0.0015318617923185229,0.053743664547801016,0.0022350143146468325,0.009715806506574155,0.0013661299721661635,0.07130398377776145,0.0003819188576017041,0.04969719601795077,0.2157542422413826,0.9579835772514343,0.9168670058250428,0.009987382404506206,0.011874856520444154,0.12889365069568157,0.06887612082064151,0.018372550141066313,0.11103566735982895,0.0017044938576873392,0.04926045499742031,0.002729269000701606,0.2895981639623642,0.01818059179931879,0.008216860378161073,0.004502878710627556,0.4850389868021011,0.46150930523872374,0.09466588348150254,-5.963350917757452,6.682826846345193,-1.5895721947922936,4.91028647974546,-21.006849071032814,2.101066589978438,-0.9224277606320616,25.062340355106244,-1.3720701168086513,-3.4566287063715917
3e5f4d84b205292d4882231c69e88d8f,Oc1c(I)cc(c2cccnc12)S(O)(=O)=O,351.1210000000001,1.7917,4.0,2.0,4.0,0.6043082428204282,0.0,87.49000000000001,0.07130782566964626,0.42751175761222837,0.8440039873123169,0.031918560108169916,0.005359782103914768,0.3257277235388756,0.0064946090336889025,0.05884469533339143,0.005201473910710774,0.3235131144523621,0.001790721200814005,0.5221390128135681,0.0826260620728135,0.9242447257041931,0.9880548596382142,0.009579869499430061,0.009206600906327366,0.07163837943226099,0.0016465985245304182,0.006476179475430399,0.021562180109322072,0.0004929408860334661,0.28477260023355483,0.05350070744752884,0.08814245574176312,0.0011045482387999073,0.005698565160855651,0.0299719360191375,0.009312673797830939,0.21132315695285797,0.01261077489471063,-5.318924601207168,37.73855272771944,7.779647573850232,136.8537210064777,-12.972351311918008,2.0419529481538055,1.0990134276050836,93.67578987331349,-1.887531543375871,-2.1666807387481812
280dd21840e76398a759de1eb54e5dab,[H][C@@]1(Cc2ccccc2)NC(=O)[C@H](Cc2ccccc2)NC(=O)[C@@H](N)CSSC[C@H](NC(=O)[C@H](CC(N)=O)NC(=O)[C@H](CCC(N)=O)NC1=O)C(=O)N1CCC[C@H]1C(=O)N[C@@H](CCCCN)C(=O)NCC(N)=O,1040.239999999999,-4.034700000000013,15.0,12.0,1.0,0.04710119799899647,8.0,405.3199999999999,0.3279904633760452,0.09265390411019325,0.3543457925319672,0.0020001948505523615,0.04961101356893778,0.03776562623679638,0.016486930567771195,0.11214857138693332,0.04016371723264456,0.780738639831543,0.5964653074741364,0.08372785821557045,0.16487953215837478,0.35814269483089445,0.16069788634777069,0.04624219089746475,0.06625481322407722,0.005218054109718651,0.008671233430504799,0.1695929177105427,0.20404527485370635,0.03921126127243042,0.1805999383330345,0.3263693004846573,0.3394844442605972,0.13096718341112137,0.0324888538569212,0.024529775884002448,0.19000064581632614,0.1788632720708847,0.4032383501529694,-6.545927731179461,35.672350742589444,46.26867485517543,48.14570503003573,-12.671972189634065,3.3230838004152305,0.6412052370278498,75.46063148371496,-4.0007467001085395,-2.1163310877455146
420600b888b92db19ed6725fa05bb061,Fc1ccc(cc1)C(CCCN1CCC(CC1)n1c2ccccc2[nH]c1=O)c1ccc(F)cc1,461.5560000000001,5.8570000000000055,3.0,1.0,3.0,0.37471274722994996,0.0,41.03,0.07313802242279052,0.9088837623596191,0.7298430800437927,0.13678012266755105,0.17676784470677376,0.15473029315471648,0.2719891592860222,0.5238747239112854,0.9515727758407593,0.6210997819900512,0.6269683420658112,0.12606087811291217,0.6569998681545257,0.1383411169052124,0.9985127210617065,0.00785584724508226,0.005741999531164765,0.047964814491569994,0.09638712555170059,0.005760498531162739,0.030318126454949378,0.00316620102385059,0.7995720982551575,0.9572834491729736,0.1401338666677475,0.0013702013879083098,0.04039727412164211,0.13737289905548095,0.00810770196840167,0.4909700691699982,0.993195378780365,-5.313198077490279,30.533413024011345,-3.8837379155921665,-1.459713950388894,-9.039180504589387,3.1311683764402938,4.42531467980439,96.72417416384617,-5.0000216987573145,3.2987243087397715
b7a68704c990344d3867f6c7eb3358f6,OB(O)c1cccc(COc2ccc(\C=C3/SC(=O)N(Cc4ccc(F)cc4)C3=O)cc2)c1,463.2950000000002,3.3210000000000015,6.0,2.0,4.0,0.4132063232470569,0.0,87.07,0.4327911972999573,0.6702212691307068,0.8893910646438599,0.3576808571815491,0.7905675768852234,0.646336579322815,0.8075111389160157,0.09797603785991668,0.055930063035339116,0.5374401330947876,0.7532185792922974,0.4281851232051849,0.2420015186071396,0.9758376598358154,0.9974063754081726,0.006522626918740571,0.017502438649535178,0.09333225935697556,0.15645950585603713,0.035912377387285234,0.20124631226062775,0.4749959737062454,0.5953899443149566,0.7180123686790466,0.7452458381652832,0.052919793501496316,0.2814818501472473,0.7002357482910156,0.3253022313117981,0.3728925853967667,0.5786557853221893,-5.20801445249665,38.34222040366059,40.936445315975675,43.22621133212507,-9.199841534964,2.906623099353522,2.8886611145087104,104.39635075066022,-5.7271296664975555,-1.6519373579911736
9de6ef468ad64e2c5f65569ee1520468,Cc1ccc(cc1)S(=O)(=O)NC(=O)NN1CCCCCC1,311.40700000000015,1.77392,4.0,2.0,4.0,0.8915880432277353,0.0,78.50999999999999,0.059171722084283826,0.6229952871799469,0.9495578169822693,0.012502150586806237,0.15080131813883782,0.7484271645545959,0.07948466818779706,0.10613048449158669,0.008651382313109935,0.1487636908888817,0.024330702889710665,0.7096261024475098,0.13833342045545577,0.9245264887809753,0.9942999124526978,0.003160364751238376,0.05475379526615143,0.004722024383954704,0.0009529749659122899,0.001027463545324281,0.1006019152700901,0.0009838393729296514,0.7715039730072022,0.0335427962243557,0.01961500644683838,0.0005613129556877539,0.0018547286745160818,0.02103492971509695,0.000980005122255534,0.3811930060386658,0.07881049513816833,-4.8256482789803625,-11.584257400027866,-19.98066252151792,16.37916015480271,-10.919871218160692,1.6503882533637246,-0.32507109205198353,81.5993289271593,-2.925779472496674,0.23762933010206141
ac47b5530abd4b26a411a66aacd341c4,C\C(=C/C(=O)Nc1ccccc1C(O)=O)c1ccc2ccccc2c1,331.37100000000004,4.580000000000003,2.0,2.0,4.0,0.6877180941351565,0.0,66.4,0.39411216974258423,0.5863058805465698,0.8701321721076966,0.3851411521434784,0.3974598705768585,0.46109004616737365,0.4945804953575134,0.033894213289022444,0.0712946344166994,0.17932363897562026,0.07908149883151054,0.5772338569164276,0.1274698220193386,0.981634259223938,0.9925325751304627,0.03399449847638607,0.1073712483048439,0.6964146733283997,0.11560704484581948,0.1040085144340992,0.45836782455444336,0.38119621872901915,0.3941915571689606,0.10321117453277111,0.7124507546424865,0.26021414399147036,0.16030782461166382,0.6446307539939881,0.21647704541683196,0.5501215159893036,0.18330581486225128,-4.7686891893629895,49.29402126764821,29.28160790291033,5.897339518885173,-9.659471118168277,1.6527717657655763,1.8947764690549378,97.87558914640769,-5.1461664596477865,-6.341507812270097
2452a1dc83694b3322e4d566f3fd11c9,COc1c(C)cnc(Cn2cnc3c(Cl)nc(N)nc23)c1C,318.7680000000001,2.1306399999999996,7.0,1.0,4.0,0.7437245024881429,0.0,91.74,0.5786518335342408,0.8670852541923523,0.9891695141792297,0.5674999058246613,0.22903410643339156,0.08605271801352501,0.04894532524049282,0.07939122021198272,0.0431666272226721,0.7562616467475891,0.4864596039056778,0.06839524582028389,0.07056237645447254,0.9450916647911072,0.9999866724014282,0.004898690828122198,0.01869004387408495,0.7104626655578613,0.23909287750720978,0.01510792514309287,0.09130773767828941,0.005126817489508539,0.9819934129714966,0.06279124803841114,0.37881280183792115,0.10617308020591736,0.008954577054828406,0.009684132458642126,0.04047787301242352,0.2463138997554779,0.36374924778938295,-4.97000997627834,38.12742831211311,16.29787521409144,-10.696651931553397,-12.034643591292598,2.4091827278634206,1.7438043596523698,78.86488145571731,-2.8586996155991673,-1.7319506670628972
1e976afcfe992daf113d169b49818cb5,ClC=C1Nc2sc3CCCCc3c2C(=O)N1,254.74199999999993,2.8199000000000005,3.0,2.0,4.0,0.7475840463177237,0.0,41.13,0.8588680982589721,0.9786515831947327,0.8929607152938843,0.9961115121841431,0.7485663652420044,0.22869869470596313,0.6749529957771301,0.23387439623475076,0.1574414111673832,0.6509049236774445,0.3760051727294922,0.19498251676559447,0.04314278177917004,0.9306508064270019,0.9999885320663452,0.02532681692391634,0.0386888662353158,0.8852867841720581,0.2137075126171112,0.02495207153260708,0.39172754883766175,0.07826210260391235,0.9760533690452575,0.2681946218013763,0.8668213605880737,0.4922551393508911,0.40157832503318786,0.9482330679893494,0.6823754608631134,0.9102491140365601,0.44993785619735716,-4.493478383333535,70.33006063593845,45.271828669743506,71.16693604945756,-10.660836295118617,2.6300364602308735,3.147500923114076,88.2057021236758,-4.307993759829405,-4.941726134705053
56841ac11ad9e4f78de63fdfb92d7a60,CCCCCCOc1cc(C)c(O)c(C)c1C,236.35499999999996,4.276560000000004,2.0,1.0,4.0,0.7470654350449114,0.0,29.46,0.032699283212423325,0.7394051194190979,0.7374918282032012,0.9805097818374634,0.6808326482772827,0.31451734602451326,0.5004713892936706,0.6561401724815369,0.07761991750448942,0.7175257444381714,0.09763066098093987,0.3535188477486372,0.0005369860460632481,0.22444385886192322,0.9999961137771607,0.0001809238863643259,0.021289189253002404,0.18855451568961143,0.06853053569793702,0.11156510412693024,0.46296204924583434,0.011882982822135091,0.978926956653595,0.12951216995716094,0.17322072386741638,0.012250205967575312,0.08045027926564216,0.8372078776359558,0.05129472501575947,0.7568276882171631,0.6166490316390991,-4.795940909253808,181.43135773320768,99.75644755807137,-2.38551083879861,-4.893746313970825,1.786602890819888,4.280425345190595,97.88628260586754,-4.554097631149473,9.031243873307849
bbe9a8d22fe1dd49c1845efa2bfba3f9,CN[C@@H]1[C@H](O)[C@H](NC)[C@H]2O[C@]3(O)[C@@H](O[C@H](C)CC3=O)O[C@@H]2[C@H]1O,332.35300000000007,-2.9255999999999944,9.0,5.0,4.0,0.3608202823251693,9.0,129.51000000000002,0.1529776681214571,0.3213201254606247,0.7757290661334991,0.00023009706692391773,0.005625528475502506,0.016707905451767147,0.00012948391649842962,0.019667742494493722,0.0022608030238188805,0.16572579024359585,7.308823458060943e-05,0.001989289819903206,0.0735297929495573,0.28290954828262327,0.5612979531288147,0.033192562963813545,0.06415261756628751,0.0018285409023519605,0.0028693493804894388,0.005383185378741473,0.13352184146642684,0.00012103488043067046,0.22453220412135125,0.0006817850255174563,0.017886894941329955,0.0017232729820534586,0.0001417593790392857,0.001275677775265649,0.020486772363074123,0.2687419384717941,0.038037143647670746,-6.030394630032631,68.18768465076737,-14.346185805655342,-6.649318907177802,-22.74469687518126,2.372236613065728,-2.1919418985118257,11.504199678635135,-0.03405248205716758,-9.638765356710199
84bc12e4dbdd28ccc0f47c10259db53e,CN(C)C(=N)N=C(N)N,129.167,-1.243829999999999,1.0,3.0,4.0,0.2818737771329878,0.0,91.49,0.061427835328504446,0.6347846865653992,0.807893693447113,0.03242628835141659,0.00794617073261179,0.029962269961833952,0.0012071050587110221,0.24397410750389098,0.04977733227424323,0.10978948883712292,0.0005465397145940187,0.06262883953750134,0.00916318700183183,0.03658349309116602,0.9873902678489686,0.000511368113802746,0.006956200674176216,0.025384655833477154,0.00025465119288128337,0.005411757004912943,0.02405502200126648,2.308963358359506e-05,0.3673398420214653,0.0016247813910013065,0.0025520968716591596,0.0001431000636785029,0.0015130753890844062,0.0011797522529377602,0.00025339732237625865,0.6525168359279633,0.01733512505888939,-5.810700530809939,-31.95637753503455,-9.516790428751325,-10.328271467570662,-11.853592873624004,2.0824783231752644,-1.8148308029408824,-13.60472814466643,-0.8338340228559347,0.6181040811879226
9da5b46b3bc7575f296a1ba42e82198b,COc1ccc(cc1N1CCNCC1)S(=O)(=O)Nc1cc(Cl)cc(Cl)c1OC,446.3560000000001,3.221000000000001,6.0,2.0,4.0,0.7096943896233359,0.0,79.9,0.03195832595229149,0.71541668176651,0.8883675575256348,0.5164654314517975,0.8928857445716858,0.7073872208595275,0.8400649785995483,0.47403963804245,0.2942534998059273,0.6473026037216186,0.951007068157196,0.3645131468772888,0.12837746143341064,0.9675126433372497,0.9995670437812805,0.007602833956480026,0.033457478135824205,0.051965656131505965,0.0358037032186985,0.0042068613693118095,0.02781759239733219,0.03541444521397352,0.9351673126220703,0.515898334980011,0.274722746014595,0.0019711322092916816,0.011884834431111813,0.2491454929113388,0.01362922675907612,0.16763974651694297,0.7709758520126343,-5.08666298985028,3.3041863040385726,-13.473682904250746,18.197187272509016,-9.282568674722349,2.2562743510673045,1.0120101399550103,89.13982008222577,-3.7668493768853453,-1.024479038254064
9c2de6e8ea323c98cca94c853f3497cb,CC[C@@H]1C[C@]1(NC(=O)[C@@H]1C[C@@H]2CN1C(=O)[C@@H](NC(=O)OCC(C)(C)CCCCc1cccc3CN(Cc13)C(=O)O2)C(C)(C)C)C(=O)NS(=O)(=O)C1CC1,757.9510000000002,3.895100000000003,9.0,3.0,3.0,0.3881654637236829,5.0,180.52,0.6704177379608154,0.3932476282119751,0.7863740086555481,0.0057739970507100224,0.22250525802373886,0.15505698323249817,0.2070181652903557,0.04637139029800892,0.028624066850170493,0.8129506349563599,0.9288492918014526,0.22640766128897666,0.4514228105545044,0.850354790687561,0.9791228771209717,0.009342602733522654,0.03245376944541931,0.004580223117955029,0.1241564229130745,0.05642185471951962,0.16736436933279036,0.10494882613420486,0.7953239202499389,0.6406321883201599,0.5779928088188171,0.06638851314783097,0.09763058573007584,0.6962817013263702,0.46546107828617095,0.3740591645240784,0.6301586985588074,-5.291847149919749,37.86322342385962,59.90389620893926,54.36980920350284,-8.742003773031701,4.564890325025877,2.400968077709,88.66146108573017,-4.888684164451696,5.687068928302105
0eb10ce530fb8eac7846d84701982e47,CC(C)NC[C@@H](C(=O)N1CCN(CC1)c1ncnc2[C@H](O)C[C@@H](C)c12)c1ccc(Cl)cc1,458.0060000000002,3.1010000000000018,6.0,2.0,4.0,0.6932733327579151,3.0,81.59,0.14960989803075792,0.6765094339847565,0.7126683115959167,0.029137301631271838,0.3749653875827789,0.2521809160709381,0.2537298798561096,0.30828860998153684,0.26755261421203613,0.838339102268219,0.8124031901359559,0.17902670800685883,0.595323097705841,0.611272132396698,0.9989390015602112,0.008441733289510011,0.040900984313338995,0.1508234918117523,0.0909162513911724,0.010408427473157645,0.05042434819042683,0.002884130901657045,0.932974100112915,0.39266543090343475,0.3545630842447281,0.002805628511123359,0.010956902918405832,0.1316054031252861,0.03529889415949583,0.18230582326650618,0.8880091786384583,-5.321160764388036,2.152286509283595,38.39962230876152,63.00687837467717,-11.486225225436849,3.478960701853361,2.2910080857658808,80.32581774225179,-3.2269563259282052,15.980218636558154
20006336f8b612bdb8aa98c729bb43f9,O[C@H]1[C@H](O)[C@H]2O[C@@H]3O[C@@H](CSCCC(O)=O)[C@H](O[C@@H]4O[C@@H](CSCCC(O)=O)[C@H](O[C@@H]5O[C@@H](CSCCC(O)=O)[C@H](O[C@@H]6O[C@@H](CSCCC(O)=O)[C@H](O[C@@H]7O[C@@H](CSCCC(O)=O)[C@H](O[C@@H]8O[C@@H](CSCCC(O)=O)[C@H](O[C@@H]9O[C@@H](CSCCC(O)=O)[C@H](O[C@@H]1O[C@H]2CSCCC(O)=O)[C@@H](O)[C@@H]9O)[C@@H](O)[C@@H]8O)[C@@H](O)[C@@H]7O)[C@@H](O)[C@@H]6O)[C@@H](O)[C@@H]5O)[C@@H](O)[C@@H]4O)[C@@H](O)[C@@H]3O,2002.1760000000015,-7.681600000000015,48.0,24.0,1.0,0.02534533004966204,40.0,769.7600000000003,0.06941641941666603,0.19006163887679578,0.09242317080497742,0.0007278479766682722,0.009020217414945363,0.005318109627114609,0.0025838563684374093,0.012242540565785021,0.017303245048969983,0.12959545888006688,0.001146857209096197,0.0014772477268707007,0.042939257249236105,0.2094293400645256,0.0038214197105844506,0.04441908728331327,0.10157120227813721,0.0007204544061096385,0.00806378887500614,0.13098799921572207,0.38811171650886533,0.0024027478211792186,0.018534261919558048,0.018130771722644566,0.1903055764734745,0.014832708530593663,0.0012996068384381943,0.005738002926227637,0.04121060282923281,0.2829738385975361,0.2020034294575453,-7.290553312017525,15.036175421703689,6.050090779048701,45.68368468447832,-16.378642048544396,1.8721998986395512,-0.9924051241304849,68.82536419353256,-2.5982001977914884,-2.748162725308802
76181365ca48bdc605ff71df41019109,Cc1cccc(NC(=O)CN2CCC(CC2)c2ccccn2)c1,309.41299999999995,3.208120000000002,3.0,1.0,4.0,0.9430384792704939,0.0,45.230000000000004,0.17810943871736526,0.9935251355171204,0.8333761692047119,0.4707332611083984,0.8338386297225953,0.1313571736216545,0.4371420979499817,0.4555408716201782,0.7722611665725708,0.7089204072952271,0.47579910755157473,0.05082527548074722,0.5973983526229858,0.1234183818101883,0.9999718189239502,0.006215346045792103,0.016459545865654946,0.24155926704406738,0.021234169602394104,0.005624852748587728,0.1630007207393646,0.0019149201398249716,0.975014591217041,0.29991925358772276,0.194991597533226,0.009743032744154334,0.03091105557978153,0.02209253329783678,0.01146752149797976,0.6105355024337769,0.8790075778961182,-4.785086771690993,57.763219319605085,17.177037835429132,3.198831511727014,-10.189790426676248,3.0255363744676664,2.4294919069438263,71.89069079498066,-2.6815018585113726,-0.8571850298548733
b5e35ed8b63431179a87a28fd6b276e6,C[C@H]1CN(C(=O)CC#N)[C@]11CCN(C1)c1ncnc2[nH]ccc12,310.361,1.2987799999999996,5.0,1.0,4.0,0.9028284909836287,2.0,88.91,0.28026841282844545,0.7831547737121582,0.8573432803153992,0.20160360634326935,0.028612486133351923,0.16816824860870838,0.01909233455080539,0.2327047511935234,0.007294035982340574,0.5371340632438659,0.17559072375297546,0.03074257830157876,0.3396197438240051,0.6529045403003693,0.9997556328773498,0.02894802503287792,0.018275274895131588,0.16374562215059996,0.06627577692270278,0.021452813409268856,0.08215970322489738,0.0010663923632819206,0.8325078368186951,0.007368644839152694,0.07633679062128067,0.036801977828145024,0.005098861269652843,0.0067886903416365385,0.10004051104187965,0.24916955828666687,0.6714853167533874,-4.994098109936249,35.719179819309396,22.307818390539,-4.1603279068805294,-15.341035273363124,3.03522156274214,1.447109493628757,70.45999868964634,-3.169361132490669,3.750680822224473
914d0a11cb3bdf9e586b621ab2114011,Cc1c(O)c(=O)ccn1C,139.154,0.39931999999999984,3.0,1.0,4.0,0.5649178764789872,0.0,42.23,0.13487606793642043,0.7850188970565796,0.9246529936790466,0.1577026855200529,0.019353430066257716,0.21393508613109588,0.004953971575014293,0.27085343599319456,0.04396374542266131,0.5355765640735626,0.01681298443581909,0.05452434048056602,0.02052381532266736,0.2892389357089996,0.9996092200279236,0.006562769506126642,0.0342242632061243,0.06703558340668678,0.008601478952914476,0.009100430086255074,0.0176626562140882,0.0012725449400022627,0.7940567970275879,0.017958341306075452,0.01635934989899397,0.004302201326936483,0.007401574729010462,0.0027116545534227043,0.004312526644207537,0.3886126637458801,0.03498187251389027,-4.428732791139356,31.75911679301324,16.2962625896231,-10.091397821957177,-9.86087962700783,2.034899784759633,-0.31710665995254816,40.7210430882977,-0.5603523258951464,-0.8938032760986164
cd3f80399bda8ae2a3c869568ada3520,CC(C)C[C@@H](NC(=O)[C@H](Cc1ccccc1)NC(=O)CNC(=O)[C@@H](C)NC(=O)[C@@H](N)Cc1ccc(O)cc1)C(O)=O,569.6590000000003,0.22590000000000532,7.0,7.0,2.0,0.15792245473586092,4.0,199.95,0.31814426481723784,0.12120722904801369,0.63273606300354,0.017429481074213982,0.05512864477932453,0.22649838626384736,0.038194664660841225,0.14337602853775025,0.08523065969347954,0.6526968359947205,0.42227607369422915,0.22422870397567748,0.17158793192356825,0.23249905854463576,0.2768275022506714,0.023855385184288026,0.05850038453936577,0.02673927117139101,0.00835365615785122,0.10313060358166695,0.14340186044573783,0.019763398356735705,0.1203592672944069,0.05094540528953075,0.06848507598042489,0.011249183816835285,0.015196977555751801,0.006206647516228259,0.008818561001680792,0.23397113978862763,0.20525105744600297,-6.983726762340504,8.82871415942345,30.828895344915964,-16.80330014742487,-11.625424775941557,2.2248578626454156,0.14350247377293784,77.20689690142592,-2.475649174207317,-0.8838302223129538
30822337a776f23dea79795b1b0d9c17,COc1ccc(CNC(=O)Nc2ncc(s2)[N+]([O-])=O)cc1,308.3190000000001,2.3815999999999997,6.0,2.0,4.0,0.6512093777839973,0.0,106.39000000000001,0.9488478779792786,0.8726473927497864,0.9717825651168823,0.9589262247085572,0.9375392079353333,0.37817763686180117,0.6799361228942871,0.12879057750105857,0.08124938681721687,0.4049307942390442,0.6433202981948852,0.22640993744134902,0.07386496625840663,0.9795415282249451,0.9999878406524658,0.008231983962468803,0.010939481854438781,0.869786536693573,0.10128389596939087,0.046038889698684214,0.6579609394073487,0.059623869508504866,0.9621740221977234,0.040569592732936144,0.7975693345069885,0.5679076671600342,0.23643263876438142,0.8510634303092957,0.3780817538499832,0.8488258957862854,0.20560518875718117,-4.811877378260467,84.00008755407175,53.170920464296934,-5.647513021193852,-12.601639088118409,1.9265606083277977,2.53677118814925,97.3884838012114,-4.403397994045251,-11.501723896951146
f96ffae1dc22b54cca874f6b0d72894e,CCCC1(CCC)CCC2(CCN(CCCN(CC)CC)C2)CC1,336.6080000000001,5.571000000000006,2.0,0.0,3.0,0.5142842143147404,0.0,6.48,0.0213917663320899,0.9823500990867615,0.7493940055370331,0.07022055778652429,0.007782561489148065,0.07958167269825936,0.003517081215977669,0.8126988768577575,0.6866922020912171,0.20468172580003738,0.01753643937408924,0.036680549196898934,0.21728408634662627,0.011127701145596802,0.9815324902534485,0.0007391955390630755,0.0034603455453179775,0.00411605560220778,0.021579664293676616,0.0032704957586247472,0.019217931665480137,0.00035261705268112563,0.9014723658561706,0.16916681528091432,0.11597131565213203,0.0008786786820564885,0.007558750954922288,0.02052017692476511,0.0015584149048663675,0.96502525806427,0.9698891520500184,-4.7559825777397435,44.3558041278567,12.082024237920589,27.26972194840036,-2.6244712215667256,2.6085023635621463,1.3265099764525838,53.571594714958586,-3.282570192438255,6.570580967721801
ccddad5ca1e265e342f79df83c25f1ac,CC(C)(Sc1ccc(CCN(CCCCC2CCCCC2)C(=O)NC2CCCCC2)cc1)C(O)=O,502.7650000000004,7.279300000000006,3.0,2.0,2.0,0.23269630855444104,0.0,69.64000000000001,0.04572296850383282,0.6570172190666199,0.8024862051010132,0.046052394434809685,0.18000634014606476,0.5808523833751679,0.15101896673440934,0.1558919556438923,0.3017495036125183,0.5862812459468841,0.7200309276580811,0.2648042380809784,0.08611228093504905,0.35883893370628356,0.9859202146530152,0.0024768023780779914,0.005795457679778337,0.015233746264129877,0.01814683824777603,0.020989278238266705,0.08797124028205872,0.2851714015007019,0.4656547993421555,0.7031466484069824,0.31648795306682587,0.005990842380560935,0.11765023320913315,0.1264936350286007,0.015571838524192572,0.5176403164863587,0.4510809302330017,-5.416809779759329,44.35000279081818,82.56056039844493,-1.760736190670577,-6.102229616424778,2.361271803585924,3.0091322341190088,99.41208776263792,-5.250778335047565,-2.645443602034283
d36da290bdf739d8cf7e217ee8540353,NNc1nncc2ccccc12,160.17999999999998,0.9153999999999998,4.0,2.0,4.0,0.480554166108739,0.0,63.83,0.9362988352775574,0.8961596608161926,0.9715580940246582,0.9646056532859802,0.2957358330488205,0.11234696209430695,0.11999942027032376,0.1478760465979576,0.1583954706788063,0.2720277518033981,0.8702667593955994,0.5790334165096283,0.05182216838002205,0.9170133948326111,0.9999988079071045,0.0033620082249399275,0.011253469716757536,0.9895015716552734,0.11778340190649032,0.009347695205360652,0.15433435812592505,0.0036768134450539947,0.8778831005096436,0.03228804245591164,0.314097997546196,0.048204272799193856,0.09673765450716018,0.1257963202893734,0.030998663697391748,0.8313905954360962,0.31836928576231005,-4.860202971738354,8.000480424588327,-1.6292944335211672,-1.0691238542020443,-10.423799315444947,3.0874506061137574,1.398500470638783,67.81956192393469,-1.6455841663315798,-1.4477617368335887
7e3f22945d8b9452c54caf8559bcc58e,C[C@H]1CO[C@@H]2Cn3cc(C(=O)NCc4ccc(F)cc4F)c(=O)c(O)c3C(=O)N12,405.35700000000014,0.9626999999999997,6.0,2.0,4.0,0.7924971534172238,2.0,100.86999999999999,0.6973308742046356,0.7140647530555725,0.9372928500175476,0.017128072027117015,0.04990009954199195,0.17036429941654205,0.07675436232239008,0.034908263199031356,0.01807251968421042,0.5567434966564179,0.09062151648104191,0.11325515806674957,0.30822685062885286,0.9488972067832947,0.9975720643997192,0.022847655043005944,0.03400088008493185,0.022690982092171907,0.07465879023075103,0.010501082148402929,0.07036154493689536,0.008593236841261388,0.8394617915153504,0.16394190937280656,0.12447277903556823,0.030547442846000195,0.005555492686107754,0.022545324359089135,0.08218939453363419,0.16667052656412124,0.32847065627574923,-4.703774217116416,40.53176177931722,26.181511231581347,-3.248312729562874,-13.424344977045171,3.108553071146442,0.8200508103118,75.71971480268924,-4.05339827175105,-2.2932535712982753
647661da4a79330f29b4a323967c9d93,COc1ccc(cc1)-c1oc2cc(OC)ccc2c1C(=O)c1ccc(cc1)C#N,383.4030000000001,5.219680000000004,5.0,0.0,3.0,0.4418941784493786,0.0,72.46000000000001,0.152661594748497,0.18764233440160752,0.883617889881134,0.5229324460029602,0.4706569790840149,0.26571685671806333,0.5958449602127075,0.12919289842247964,0.00670474354410544,0.6978413701057434,0.5878189146518707,0.1803114116191864,0.02779371850192547,0.973115348815918,0.9985971212387085,0.051847833395004275,0.11371528431773185,0.6769836783409119,0.4116167604923248,0.11353162080049514,0.2552033871412277,0.07372701838612557,0.9259564042091369,0.9676752805709838,0.7392011404037475,0.1995217576622963,0.06711272522807121,0.7316983819007874,0.3169033944606781,0.09995728135108947,0.8652796030044556,-4.498026588630669,64.94082664914978,31.580061601678363,180.0858635384842,-7.6232199112118435,3.612554293815433,4.251052424158434,99.61170495106917,-7.608793919928145,8.579248807188629
76b7a9423326873b6f063a36045c095e,Cc1c(Oc2cc(C)c(C#N)c(C)c2)c(nn1CS(C)(=O)=O)C1CC1,359.45100000000014,3.351840000000002,6.0,0.0,4.0,0.8170836598135871,0.0,84.97999999999999,0.20378817319869996,0.9205845475196839,0.881771719455719,0.2926694735884666,0.8457113623619079,0.5011839032173157,0.6566757917404175,0.2611861854791641,0.03722010441124439,0.894498860836029,0.8615155458450318,0.244282004237175,0.14423983544111252,0.7147752642631531,0.9998068809509277,0.007822066661901772,0.020972189120948316,0.03021614160388708,0.21354117542505263,0.05711643546819687,0.03622627258300781,0.042894558422267436,0.9871162056922913,0.513891014456749,0.5124893844127655,0.016985518299043177,0.0518977589905262,0.2066929295659065,0.04223561845719814,0.21648350358009338,0.39084349423646925,-4.475731615257616,-18.57631418852833,0.6821609689831775,17.05102183881323,-7.938159546059898,2.8216485871545833,1.8830075224685383,92.32546443639175,-4.6463397813519105,3.0981968698712317
09e56c89acd83770b7b9da1da5ac2431,CCCCCCCCCCCCCCOc1ccc(o1)C(=O)OCC(=O)N(C)CC(=O)OCC,481.63000000000034,5.537800000000006,7.0,0.0,3.0,0.17822100683986905,0.0,95.28000000000002,0.05654182489961386,0.8019800186157227,0.4409749865531921,0.23246522694826127,0.6406641960144043,0.1616878926753998,0.5553071558475494,0.08293308662250638,0.08435472957789898,0.7304997146129608,0.4506006002426147,0.1715141087770462,0.024356506764888763,0.7129798293113708,0.9973350524902344,0.0071754987468011676,0.034113767370581624,0.015097997558768839,0.05032041445374489,0.014325111452490092,0.04182025045156479,0.01638808138668537,0.9646331191062927,0.9640767335891723,0.24452916011214257,0.0042286345385946335,0.03487736750394106,0.04792912751436233,0.006861112872138619,0.6088308393955231,0.678239780664444,-4.400504748979989,151.98842403857728,147.3035204099818,56.4257919223106,-5.180211733375865,2.182903788091774,4.386722311455698,106.50793087920627,-5.315139171197977,9.089921388291945
6631c76c0da6608101bd8ca02d046756,Cn1ncc(Cl)c1-c1cc(sc1Cl)C(=O)N[C@H](CN)Cc1cccc(F)c1,427.33200000000016,3.894300000000001,5.0,2.0,4.0,0.6270547192559122,1.0,72.94,0.6758680045604706,0.8793403387069703,0.9119353294372559,0.7831317067146302,0.8570645570755004,0.41047678589820863,0.6835980415344238,0.3207516551017761,0.5574667513370514,0.7942111849784851,0.9766409516334533,0.5092285871505737,0.6163010537624359,0.7602838277816772,0.9998138785362244,0.01677413247525692,0.013447554409503936,0.35046039819717406,0.4667335867881775,0.03528084866702556,0.08463992401957512,0.06042646020650864,0.9341723442077636,0.7525705575942994,0.403028267621994,0.07959798872470855,0.1196610152721405,0.5016292870044708,0.15474218875169754,0.43875120878219603,0.858541738986969,-5.175443915378025,48.00765539019983,33.05254932353172,37.739359394681316,-10.472927838712137,2.985760077630311,2.498180476666578,90.92946772905421,-4.274424422549517,-3.617460713029481
5b5d6d6e5c7846b8b64083510e19eddb,CC#C[C@@H](CC(O)=O)c1ccc(OCc2cccc(c2)-c2ccc(cc2)C(F)(F)F)cc1,438.44500000000005,6.533000000000005,2.0,1.0,3.0,0.42661278017701704,1.0,46.53,0.17468928545713425,0.3567458242177963,0.9224319696426392,0.18188200555741788,0.1789642848074436,0.47185891270637514,0.20790407210588455,0.07474820837378501,0.027032370027154685,0.6653923273086548,0.15413353368639945,0.8038626194000245,0.079905279353261,0.8230023860931397,0.9936213850975036,0.007163068116642535,0.014462131820619107,0.09797818213701248,0.1512185126543045,0.10938433408737183,0.31731472313404085,0.5902095556259155,0.3528484106063843,0.6975025057792663,0.511136668920517,0.021516548283398152,0.11611660569906235,0.4173004925251007,0.14033391028642656,0.20891020745038985,0.5936937808990479,-5.0693052320689915,22.288448594350022,9.692644388359124,-13.98960348185103,-4.962915580200124,3.016752826032751,2.9704854050496885,106.44210046331705,-6.308123444261001,5.466952461839943
e300dcc913db810f63a0a25d69b91b56,CN(\C=N\c1ccc(C)cc1C)\C=N\c1ccc(C)cc1C,293.41400000000004,4.871880000000004,2.0,0.0,4.0,0.5834394447063072,0.0,27.96,0.34583185613155365,0.950108003616333,0.9468490481376648,0.7643335580825805,0.8308628797531128,0.5167700350284576,0.2713847875595093,0.329762214422226,0.11482746675610542,0.6429947495460511,0.2977177605032921,0.4135778546333313,0.027784603647887707,0.7219059109687805,0.9999337315559387,0.0015342722239438445,0.024321231245994567,0.6454814791679382,0.10384679511189461,0.027473431080579758,0.17150634080171584,0.007059513824060559,0.9614066481590271,0.29629048705101013,0.2326682761311531,0.14633918628096582,0.09724232405424119,0.5086864709854126,0.02553400993347168,0.6678289532661438,0.7764296770095825,-4.595680716527841,67.99122662426296,47.27565568388026,-10.978098491504506,-4.302243347192259,2.3894278243281946,3.891587058003495,103.13451742919251,-5.577518228635368,8.856339065858338
09af5440f59e64ec94c29e9ee08a1f7d,COc1cc(NC(=O)Nc2cccc(CNC(=O)O[C@H]3CCOC3)c2)ccc1-c1cnco1,452.46700000000027,4.009300000000002,7.0,3.0,4.0,0.4947373090421914,1.0,123.95000000000002,0.3280798405408859,0.7677460312843323,0.9133833289146424,0.5243992418050766,0.8745957136154174,0.41752232909202575,0.7526968479156494,0.16397298872470856,0.24035809338092803,0.4974739611148834,0.973586642742157,0.08107156381011009,0.5871065557003021,0.9799557089805603,0.999757182598114,0.0038926783250644802,0.01369877504184842,0.4636921942234039,0.13721707761287688,0.008047331171110273,0.07444230765104294,0.05797139666974545,0.8400484323501587,0.6333374381065369,0.6517198801040649,0.031574586778879164,0.048607686534523964,0.23139977157115937,0.17824165672063827,0.1866013824939728,0.7622706294059753,-5.171141345504185,43.63706818544376,79.66680145601634,25.789588173257545,-12.248734945692664,2.2950014754277612,3.2446323372378614,93.40113051909663,-5.066543814240269,-2.421363444925172
ea1d286c46f320de6ed3aa445b6b5c61,COc1ccc(F)c(F)c1C(=O)c1cnc(NC2CCN(CC2)S(C)(=O)=O)nc1N,441.4600000000003,1.4125,8.0,2.0,4.0,0.6444372200934387,0.0,127.50999999999999,0.5204217791557312,0.8852378129959106,0.9206610083580017,0.14374382197856903,0.4909565210342407,0.17263015359640121,0.49129587411880493,0.15370690524578096,0.08731858097016812,0.5938156843185425,0.6623920261859894,0.17191074043512344,0.47691919207572936,0.9532394289970398,0.9995752334594726,0.030086564272642134,0.043542730063199996,0.12854123264551162,0.27956832349300387,0.03701508492231369,0.08442848324775695,0.023064287006855012,0.9344969868659974,0.158071918040514,0.3375586807727814,0.06335562691092492,0.010400141775608062,0.09538401439785957,0.14541799798607827,0.18784838020801545,0.7334052681922912,-4.9970599428884785,22.26502851829876,33.7397687048545,-11.681900637353994,-10.332924715159923,2.30054703648429,2.158354931153696,78.66870057733088,-4.010524778391714,5.8905693939126795
6de68bba4f529c4585f7b8a5064c6712,COC(=O)Nc1nc2ccc(Sc3ccccc3)cc2[nH]1,299.355,3.892400000000001,4.0,2.0,4.0,0.7695961013290725,0.0,67.00999999999999,0.5807528853416443,0.9420352458953858,0.8501734256744384,0.978717303276062,0.750305449962616,0.26621975302696227,0.5440506339073181,0.23244315683841704,0.3573234796524048,0.5294970393180847,0.39461208283901217,0.08999480027705431,0.0886874996125698,0.9763515830039978,0.999974536895752,0.04844826553016901,0.07602801732718945,0.9895167469978332,0.18233206272125244,0.07125373259186744,0.6158061742782592,0.04561612531542778,0.9428377747535706,0.29434142261743546,0.7849017381668091,0.7645392656326294,0.3173687756061554,0.8773263573646546,0.7924078822135925,0.4381517171859741,0.589322817325592,-4.641555971432196,50.143137967609434,59.45929142294254,-20.747034312849525,-13.333719867500577,2.258042730845562,3.666839101795854,110.76583837980824,-5.282854592903602,-9.537224128098833
a2789764ab360bd8b14ed611f9f659fb,CN1CCC(CC1)OC(c1ccccc1)c1ccccc1,281.399,3.8868000000000036,2.0,0.0,4.0,0.8428209643790592,0.0,12.47,0.16236896067857742,0.9861464262008667,0.9067666292190552,0.013206169800832867,0.1796474426984787,0.09406325072050095,0.014742709696292877,0.5336209237575531,0.6735062837600708,0.3566387414932251,0.002267333312192932,0.02251417264342308,0.2857066173106432,0.021883432660251854,0.9966910719871521,0.001986325555481017,0.010570800304412842,0.006204955372959375,0.013990715332329273,0.008746471023187041,0.10853582620620728,0.0009635714261094109,0.940931212902069,0.17231009155511856,0.05724058970808983,0.001045716949738562,0.006575446669012308,0.010870747780427337,0.0010276923538185656,0.8576961994171143,0.9228181838989258,-4.4470322181562,74.6530644286204,-6.539877742281057,6.7464860036895615,-6.611158599716672,2.7091420228760996,2.0110838296369353,58.68848277966795,-3.0556019467912563,-4.607031749254729
06466a646b6c7aac1453b3430218aa63,CCCOc1ccc2nc(NC(=O)OC)[nH]c2c1,249.26999999999998,2.5300000000000002,4.0,2.0,4.0,0.8725109720202993,0.0,76.24000000000001,0.7232280611991883,0.8581055283546448,0.8738030552864074,0.975960111618042,0.2478557974100113,0.25572931095957757,0.15389084368944167,0.38838583827018736,0.17763763144612313,0.4943404316902161,0.16359566748142243,0.05815938711166382,0.030218062084168197,0.9690729975700378,0.9999544620513916,0.0173060966655612,0.06173708289861679,0.9802174091339111,0.06597909778356552,0.05315330177545548,0.43321463465690613,0.008168613165616989,0.9198376655578613,0.11249062567949294,0.5590829432010651,0.6913173496723175,0.11220309436321259,0.619823557138443,0.6843581855297088,0.3402960389852524,0.5103664636611939,-4.290619659316807,27.566321320602974,41.679734152177986,-14.460793871173541,-14.334737317945292,2.3039585497035158,2.629477648462278,100.15174158662177,-3.999199238722954,-0.9253366514891386
6c85bc17fd73d254e1d95ec8be2df244,NC1CCN(CC1)c1cccc(Cl)n1,211.696,1.6624999999999999,3.0,1.0,4.0,0.7189444736428556,0.0,42.15,0.42347095608711244,0.9889811635017395,0.9603357911109924,0.511856397986412,0.18134295828640462,0.06790984086692334,0.01889158971607685,0.44409202337265014,0.33492535203695295,0.3013076543807983,0.0058751830365508795,0.06563070602715015,0.2658323347568512,0.2715676799416542,0.9999708414077759,0.009571072738617658,0.017684558406472206,0.15963560491800308,0.029150985181331635,0.003974535642191768,0.1169236533343792,0.0008562236253055744,0.9540257096290589,0.014433688716962934,0.07612359635531903,0.009698208200279623,0.00979541668202728,0.0047582364175468685,0.007442804239690304,0.5503773391246796,0.4924986302852631,-4.433737140206512,57.11422784275029,1.6108487282830488,31.915899172507,-9.38232594816057,3.0868872187088545,0.6081225442535236,35.33719477453674,-1.1611908396485513,16.61957290134341
f721a49bf2b492439929255de2216ce6,CN([C@@H]1CCCC[C@@H]1N1CCCC1)C(=O)c1ccc(Cl)c(Cl)c1,355.3090000000001,4.472400000000004,2.0,0.0,4.0,0.7985983091575669,2.0,23.55,0.2621763050556183,0.9875391840934753,0.8778757572174072,0.26727156341075897,0.5796489357948303,0.27326397895812987,0.06206966117024422,0.4711720943450928,0.86016685962677,0.734551465511322,0.9297844290733337,0.10291062109172344,0.6777018129825592,0.23087663501501082,0.9999105334281921,0.004703208536375314,0.022972418181598186,0.06035364978015423,0.0945278499275446,0.01163116842508316,0.05416998453438282,0.0014511561079416425,0.9917869329452514,0.5038833379745483,0.1255024939775467,0.001988438458647579,0.022263510338962077,0.10200676694512367,0.006549671827815473,0.7125649571418762,0.8453984022140503,-4.540491866224638,52.54724095675649,16.062673758406362,28.0500595207477,-7.689988971794818,2.9777197920216296,2.5157964814166904,70.56439869209778,-3.9579886520160157,0.26424349491328236
7aa13d37912bf08df94d1da8d759b091,OC(=O)c1nc(=O)[nH]c(=O)[nH]1,157.085,-1.8436000000000003,4.0,3.0,4.0,0.4423747823631191,0.0,115.90999999999997,0.03710177987813949,0.2704323917627335,0.7065803945064545,7.507151094614528e-05,0.00033316836243102443,0.09571030884981155,0.001097714504430769,0.0023908958537504077,0.0003808129164099228,0.012251603766344488,5.40635273296175e-06,0.09489091075956821,0.19918065816164016,0.9863055586814881,0.47362958192825316,0.001342766130255768,0.014303175057284534,0.0012280412076506764,1.1324807860546571e-05,0.0005798185207822826,0.029764192737638952,1.974507772928291e-05,0.0009472981470025843,0.0016727379639633,0.005163131168228574,0.00015288590675481827,0.000781667823321186,0.00039104872194002384,0.008213026996236295,0.32470603585243224,0.0006719017197610811,-5.511809471362838,-44.38609630289478,-10.73744428552382,-15.758776409552194,-17.510187622257234,1.173645335395984,-3.380008165635227,62.504914951902364,-1.5341958368559934,-1.6982187054309772
468be9f98b161c5387d7facbb1c5c137,COCCNC(=O)Cn1cnc(n1)[N+]([O-])=O,229.196,-1.0510999999999995,7.0,1.0,4.0,0.3780581594060051,0.0,112.18,0.9735126733779907,0.9776895403861999,0.9204519748687744,0.005992206605151295,0.026366391312330963,0.0463051550090313,0.006502015935257077,0.03034679461270571,0.00029182010639488,0.35892121195793153,0.00032093986246763964,0.24466179311275482,0.060205021128058436,0.7699411541223526,0.9987481236457825,0.0022332393389660867,0.000520349330327008,0.002938284468837082,0.001101868145633489,0.006579193333163857,0.018965480802580714,0.0016066239855717867,0.6059507936239242,0.006325002709490946,0.1103188969194889,0.002963183360407129,0.007880944572389127,0.0005906160600716248,0.028901072964072228,0.9143380761146546,0.009502068534493447,-4.723544556811346,60.49012812112901,30.34098955491014,-15.616814419599114,-12.656257243514727,2.0968656681554965,-0.935219458261825,47.51438568952018,-1.3463378793545182,-1.6155173434911418
3037ba49a1f3fa6c06967f9fc5ca1e4c,C[C@H](Oc1ccc(cc1C(=O)N1CCN(CC1)c1ncc(cc1F)C(F)(F)F)S(C)(=O)=O)C(F)(F)F,543.4610000000001,3.935000000000003,6.0,0.0,3.0,0.5322035178546162,1.0,79.81,0.06170607879757881,0.8981241822242737,0.7814844727516175,0.034846758004277945,0.6741339564323425,0.5054261028766632,0.7066075444221497,0.2069980025291443,0.02887737061828375,0.76195787191391,0.8242517471313476,0.5095139622688294,0.14064977020025254,0.9319332957267761,0.998288631439209,0.005834616720676422,0.03241197355091572,0.003411290724761784,0.03741332720965147,0.005386720271781087,0.017821561452001332,0.017507413774728774,0.9431688189506531,0.7879147291183471,0.4298328161239624,0.0025019762688316405,0.009085000213235616,0.19914529472589493,0.019761351589113473,0.05150220133364201,0.8382243394851685,-4.506357835765182,20.08426275209691,23.530798540021514,26.362676851934026,-6.879640621558219,3.1850584789536356,3.1920380601255136,90.24937933148976,-5.260111543459407,1.636945764694787
cd15068df2a33e7e88767289db12d52d,Nc1c(snc1-c1cccc(c1)C(F)(F)F)C(O)=O,288.25,3.1093,4.0,2.0,4.0,0.8898427097149079,0.0,76.21000000000001,0.15844479575753212,0.7429340720176697,0.9656021118164062,0.41847034394741056,0.19070191830396652,0.2040983632206917,0.22359301149845123,0.026275568082928656,0.012806757539510726,0.13385444432497023,0.0622493214905262,0.47560922503471376,0.033945246040821074,0.9757875919342041,0.9997527718544006,0.03442703289911151,0.0667390652000904,0.4436513245105743,0.15749072432518005,0.028281974606215954,0.17014555335044862,0.13226581513881683,0.5449816048145294,0.0899044431746006,0.536989438533783,0.10152479559183121,0.043916729465126994,0.265169195830822,0.07882026433944703,0.36328036785125734,0.042657357454299924,-4.896604000563733,17.30786657068375,1.3967846609707926,-24.02819915015185,-9.54689400959318,2.2767922320271117,0.8581179130334826,93.83076568644844,-3.5479830363037097,1.3903534559221336
af30d2e98324cd61de68c7722fa3a727,CCN(CC)C(=O)C(=C\c1cc(O)c(O)c(c1)[N+]([O-])=O)\C#N,305.2900000000001,1.7813800000000002,6.0,2.0,4.0,0.2804185366489382,0.0,127.69999999999999,0.5604739010334014,0.3906772255897522,0.6790020167827606,0.6152521431446075,0.17203499227762223,0.0928606167435646,0.2781456172466278,0.036045211367309093,0.08642093241214752,0.5721019208431244,0.6932530283927918,0.12823431864380835,0.016100488044321536,0.877102506160736,0.9991076827049256,0.008665311057120562,0.005193451163358986,0.09312471002340317,0.14601252004504203,0.08878618329763413,0.10576960742473603,0.016948074474930762,0.9218006253242492,0.04438664652407169,0.7673776626586915,0.041945884376764296,0.12735376954078675,0.9105627417564393,0.11145659238100052,0.9388933300971984,0.19740638881921768,-4.905520356838819,75.43332312135915,39.83570976855698,-0.6221589481939145,-11.633231634886595,2.9713214855481658,0.8476972658946981,80.09763037813923,-2.83960267895901,3.970073368767865
05bd19cdec6f3fea266da2cf5adaa11c,Oc1cc(cc2cc(NC(=O)Nc3ccc4c(O)cc(cc4c3)S(O)(=O)=O)ccc12)S(O)(=O)=O,504.4980000000002,3.5416000000000016,7.0,6.0,2.0,0.22564175932126035,0.0,190.32999999999998,0.1665981099009514,0.35690107345581057,0.5184207260608673,0.35647540986537934,0.09294559508562088,0.3434738129377365,0.13280565924942495,0.10998024716973305,0.07657810803502799,0.23065837025642394,0.00898637983482331,0.7110427379608154,0.33709853887557983,0.9411086916923523,0.4652212157845497,0.008843065367545932,0.02716030050069094,0.037142211198806764,0.003030402783770114,0.0046258583548478786,0.05431096665561199,0.0007026802779364516,0.08612809665501117,0.1225842885673046,0.06278157755732536,0.0026695233653299512,0.00562459506036248,0.11312975715845823,0.02222489861305803,0.1783036280423403,0.5485003471374512,-5.982716207843465,-16.283108711345772,-17.843193990793026,412.357859801952,-12.472437579758031,1.720045928079573,1.3776997393338144,85.55979739697595,-3.135883921633249,-7.853320060021457
bc0796c22f3a07466c492d9507e108b8,O([Ga](Oc1cccc2cccnc12)Oc1cccc2cccnc12)c1cccc2cccnc12,502.1820000000002,5.8529000000000035,6.0,0.0,2.0,0.26641383119404854,0.0,66.36,0.24258910417556762,0.3962166130542755,0.7653147220611572,0.26665978506207466,0.7100839734077453,0.519830298423767,0.5899175524711608,0.11157450824975967,0.06444432958960533,0.6385140895843506,0.42731981426477433,0.4901679366827011,0.19075876772403716,0.9517401814460754,0.9953108906745911,0.030795492976903916,0.01980202291160822,0.766260027885437,0.19991427809000015,0.07470792457461357,0.18331838250160218,0.34015074372291565,0.8183808326721191,0.8538174510002137,0.8434231996536254,0.038938411697745326,0.5227001488208771,0.47281181812286377,0.23589789867401123,0.3378348708152771,0.7177562952041626,-4.817928974560035,30.174126952176287,4.353028354726993,-35.81693974713346,-7.321199732351654,2.5271652892100818,3.5004940596963268,99.1915475211443,-6.229284442000312,-12.311829753305895
13a30faa5d4ded8d34b77db1296fbf2e,O=C(C1CC1)N1CC[C@@H](Cc2n[nH]c(=O)n2-c2ccc(cc2)-c2ccc3occc3c2)C1,428.4920000000002,3.7748000000000026,5.0,1.0,4.0,0.5244085184430088,1.0,84.13000000000001,0.08535635247826576,0.5410934865474701,0.8859488248825074,0.3842810124158859,0.35164993777871134,0.5100751012563706,0.40382474213838576,0.38182570338249205,0.05105589292943478,0.6796872973442077,0.8091601967811585,0.14160278514027597,0.4448694229125977,0.935320770740509,0.9986137628555298,0.03100563194602728,0.051502549648284913,0.06551888361573219,0.041158333979547025,0.04091641483828425,0.16384229362010955,0.039153266698122025,0.8227958798408508,0.3657438427209854,0.537004166841507,0.1589994877576828,0.04049496315419674,0.2262813091278076,0.14728575497865676,0.10568633228540421,0.5958904564380646,-5.412050851918563,29.314703195617387,37.34593221489089,20.115981114591886,-9.97349548283118,3.529185961963524,3.7107417123077715,97.22553415807062,-4.4889785776888695,-1.7327252991273756
bcafb03ef00b2eb1db36bc9bc61f3a67,COc1ccc(C[C@H](C)NC[C@@H](O)c2ccc(O)c(NC=O)c2)cc1,344.41100000000006,2.2233,5.0,4.0,4.0,0.4136022576828499,2.0,90.82,0.4071280717849731,0.32628005743026733,0.6834970831871032,0.31029837131500243,0.32251463532447816,0.1599854439496994,0.09343858808279037,0.48508691787719727,0.7275971293449401,0.46623743176460264,0.354449063539505,0.15338681042194366,0.20583489239215852,0.06278308480978012,0.9921936511993408,0.014747054874897003,0.031226538121700287,0.24221501350402833,0.015932672284543516,0.020370176807045937,0.0926970474421978,0.0020972419180907307,0.6022196352481842,0.10837000273168088,0.0553657416254282,0.004189203586429357,0.017299409955739975,0.045895585976541045,0.02411948423832655,0.3071680456399918,0.7158126950263977,-5.707247103873515,14.797839973052259,-2.692406913270498,-8.643356048617699,-13.472838671334586,2.164659619726643,0.21750266363849374,42.47702367837941,-2.421879247743103,2.6397507786552707
ce09f8d3139778734f2eee0cc5cd0e70,CCOc1ccn(-c2ccc(F)cc2)c(=O)c1C(=O)Nc1ccc(Oc2ccnc(N)c2Cl)c(F)c1,512.9000000000002,5.189600000000002,7.0,2.0,2.0,0.35261522150953784,0.0,108.47,0.3629477322101593,0.5149150729179383,0.8844719767570496,0.07964032962918281,0.6422556459903717,0.40760197043418883,0.7239331126213073,0.09565501138567925,0.1170172318816185,0.5973029255867004,0.683351731300354,0.44085865616798403,0.29116817116737365,0.9763455390930176,0.9926920533180237,0.00985023807734251,0.014965488202869892,0.3366354316473007,0.2853632688522339,0.012879585335031151,0.0577907383441925,0.06712827160954475,0.7334905624389648,0.8703006148338318,0.38637075424194334,0.017639236245304345,0.06359632536768914,0.5025425970554351,0.11196635216474533,0.19424413591623307,0.8126124978065491,-5.044123472207507,36.730845486992564,26.26984691706677,113.28970168541557,-12.564795689775604,2.226813957938694,2.656616927473268,94.20078594604807,-5.557719321399734,2.7071071308750345
3a7888d18af639eb49e46eb561465b24,Cc1cc2nc3c(nc(=O)[nH]c3=O)n(C)c2cc1C=O,270.24800000000005,0.2425199999999999,6.0,1.0,4.0,0.5043662759724074,0.0,97.71000000000001,0.5496385902166366,0.614133334159851,0.968794870376587,0.6424049258232116,0.005702554823074024,0.22527393102645873,0.015960378246381877,0.1401219792664051,0.0007927281214506366,0.23076662421226501,0.004490900528617203,0.15469115525484084,0.13840812519192697,0.9921674966812134,0.9981168270111084,0.04174712635576725,0.02824686896055937,0.08057116419076919,0.0038707517320290207,0.011090912763029337,0.07579519525170327,0.007816169131547212,0.49199833869934084,0.05100796325132251,0.048280651494860646,0.1781778395175934,0.007199308415874839,0.07614962719380855,0.43218634873628614,0.5788599610328674,0.1493002340197563,-4.781524292565033,-7.426265151788729,-3.2191384694705634,8.75730071987014,-13.277832283466504,1.9955401346776824,-0.4257834728639412,70.89018070630416,-3.6222581864695926,-1.1344939019292604
67de4867687ecb66f336183d8c603eb2,NCCCC(O)(P(O)(O)=O)P(O)(O)=O,249.096,-1.2731999999999999,4.0,6.0,3.0,0.32829033524227796,0.0,161.31,0.047640997008420526,0.5595885634422302,0.1373664617538452,0.0044934396253673015,0.012045814200246242,0.04445712932792958,0.0011885251076819258,0.025461071387690028,0.022688003270013725,0.05474566328339279,1.4978575591243631e-05,0.05977798048406839,0.05011744126677513,0.018482289439998568,0.0038103893675724976,0.0014326234100735745,0.0036947720567695797,0.0008596184747830194,0.00016537017029349954,0.019528900319710375,0.046858621202409266,2.140481654303583e-05,0.02181417403571686,0.0012594307714607566,0.016289061080897227,0.00015964731811507482,0.0002652198303621844,0.013902561188297113,0.003587238963700656,0.16211920380592346,0.10610791839717422,-6.026605679890546,23.704711366828672,-0.002870995578690838,62.981826708694236,-16.04691194576136,2.0646195850337548,1.1033390541361539,22.738105526891278,0.3768226522045025,-7.096066589516083
c7d69bde2050c7db2f7e9434fdd24901,Nc1ncnc2n(cnc12)[C@@H]1O[C@H](CO)[C@@H](O)[C@@H]1O,267.245,-1.9799999999999998,9.0,4.0,4.0,0.49051986767922323,4.0,139.54000000000002,0.772590434551239,0.6710342407226563,0.680869996547699,0.0011119278373371345,0.0012844965676777065,0.050276459008455274,0.0018669551995117218,0.008874664467293769,0.0011615934703741004,0.07871262654662133,0.00040396295735263267,0.04208719450980425,0.2094970464706421,0.9602221846580505,0.9036023497581482,0.012750835437327624,0.013336910540238023,0.11917294934391975,0.07616657018661499,0.02379748560488224,0.12607211917638778,0.0019457544200122356,0.049902900122106075,0.0023235816275700926,0.2816214166581631,0.021488447021692992,0.0077602970879524944,0.004836038500070572,0.543060040473938,0.4797914564609528,0.09916847199201584,-5.973371526874473,7.526214102001527,-0.2300878165059416,5.491753757715714,-21.149514660325995,2.1009272822308582,-0.9332176734746358,24.990418554379623,-1.3255622000457377,-3.6624282586616
a8b31d4523d1dc7246fe98cf54ae6afd,COC(C)(C)CCC[C@H](C)C\C=C\C(\C)=C\C(=O)OC(C)C,310.47800000000007,5.062000000000006,3.0,0.0,3.0,0.3211926305566734,1.0,35.53,0.11667363569140435,0.9072877407073975,0.5289704203605652,0.09463590234518052,0.5722092449665069,0.10971544906497002,0.3500261604785919,0.1469960018992424,0.10434798151254654,0.8236437320709229,0.41459083557128906,0.3202353656291962,0.05478549674153328,0.12472896724939346,0.999872887134552,0.006594431190751493,0.00955166902858764,0.06898482218384742,0.08284364715218544,0.1219997301697731,0.06889713257551193,0.027531601767987014,0.9904251575469971,0.37921609580516813,0.4321611613035202,0.01836850931867957,0.383488193154335,0.27120817750692366,0.02561881933361292,0.834856140613556,0.5573800384998322,-4.359637923724378,124.76001377450052,106.15950307943072,-2.5132883334941303,-2.11075912518084,1.6100345716613809,4.0192713556009645,94.77373367728448,-5.529212616213289,5.465676248252609
b90d17b1a4772f65523ee13d08dc61f9,Cn1cc(cn1)-c1cnn2c(N)c(Br)c(nc12)[C@@H]1CCCNC1,376.26200000000017,1.9414999999999998,7.0,2.0,4.0,0.7140984069156686,1.0,86.06,0.5464945018291474,0.9388962149620056,0.9597309947013855,0.19538264386355877,0.06355440262705088,0.04502386096864939,0.03160326874349266,0.2574722856283188,0.041808545123785734,0.5090541481971741,0.12439224421977997,0.16241613924503326,0.5225046336650848,0.7856348395347595,0.9997126579284668,0.013656010664999486,0.0367901299148798,0.23224496394395827,0.14013378620147704,0.014741850644350052,0.12837032824754716,0.002471991837956011,0.8185299873352051,0.05059429034590721,0.1946275608614087,0.04005217980593443,0.007066219736589119,0.006320616498123854,0.04718739036470652,0.3046898365020752,0.7276366114616394,-5.340834154585073,-17.646982649662775,-12.972401412844828,2.813760163166191,-12.157644374614225,2.6571210340151583,1.3826515982439318,73.01347480984103,-1.9441684597027418,0.010791639005002462
bd9125ec2ee14caa70dfd45e9397af53,Nc1nc(=O)c2ncn(CCC(CO)CO)c2[nH]1,253.26199999999997,-1.3073,7.0,4.0,4.0,0.5232780259906572,0.0,130.05,0.2817966014146805,0.6893247485160827,0.6935670375823975,0.0065063671412644904,0.0014894917594574508,0.062202781438827515,0.003159524974762462,0.05264067202806473,0.00415903843822889,0.06488144025206566,0.0008474805100377125,0.2745766494423151,0.27579285204410553,0.6867963671684265,0.9815994024276733,0.015538588538765908,0.017020704038441182,0.04102277175989002,0.002375501727510709,0.002990205748938024,0.029361959360539914,0.0002220551858044928,0.027971101040020586,0.00801102768164128,0.01242252392694354,0.0029687318397918715,0.0022458274266682564,0.0032424319768324496,0.022795355785638093,0.226325860619545,0.12437743246555329,-6.189649437964752,-9.470917625734227,-43.03771562103572,13.039810443735272,-18.522571669735537,2.2719086894889173,-0.3393886795739898,36.23731292750939,-1.7649043052470266,11.737505649081195
a799af45c3add0997de2e30e1dd7d934,CC(C)OC(=O)C(C)(C)Oc1ccc(cc1)C(=O)c1ccc(Cl)cc1,360.837,4.680000000000004,4.0,0.0,4.0,0.5540618915195044,0.0,52.6,0.010825445177033544,0.24095160514116287,0.7256834506988525,0.34582056999206545,0.6476251661777497,0.249504554271698,0.605268943309784,0.037205318734049794,0.03018902223557234,0.784874439239502,0.11029277741909027,0.4508416175842285,0.004389870888553559,0.766068947315216,0.999424147605896,0.007796002365648746,0.02884647324681282,0.06028972901403904,0.12707654088735582,0.1378490686416626,0.3192915618419647,0.08922507464885712,0.9634766817092896,0.18546327464282514,0.0827285036444664,0.0078698574565351,0.02580617815256119,0.42112240493297576,0.034921339433640244,0.19844905734062196,0.176483154296875,-4.184884756104344,84.20656019545046,74.99582547662072,63.88813096819297,-5.4228810538343115,2.049986389429922,4.2400943877163755,102.44721959244353,-5.662447575604732,7.268819138265206
0d29b23aa03fb48af9521ee18e2e5476,CC[C@@]1(O)C(=O)OCc2c1cc1-c3nc4ccccc4c(CC[Si](C)(C)C)c3Cn1c2=O,448.5950000000003,3.960300000000003,6.0,1.0,4.0,0.3775003334225666,1.0,81.41999999999999,0.5405552923679352,0.6301161885261536,0.7756860733032227,0.11114028245210647,0.2089604340493679,0.07660705149173737,0.28546508103609086,0.03987145647406578,0.018972042575478555,0.8328129887580872,0.3782316640019417,0.26941191256046293,0.34351797103881837,0.7365430951118469,0.9976467728614807,0.11762471720576287,0.02520965486764908,0.11237508505582809,0.7491919457912445,0.1336677812039852,0.08401183560490608,0.19589947462081908,0.9564961433410645,0.9697767734527588,0.5213391721248627,0.04578913673758507,0.3293489873409271,0.7827666163444519,0.48948960602283476,0.6028030335903167,0.7884641885757446,-4.727856256620337,41.5578953327945,49.851069324402395,63.95733323968742,-6.862073040143663,3.2745599764443254,3.096621221610723,86.99492591369724,-5.111642539819309,0.18467941656983325
cc450d383ea9645f1b56f6a99d8a9782,CCCCCCCCCc1ccc(OCCOCCOCCOCCOCCOCCOCCOCCOCCO)cc1,616.8330000000004,4.483600000000006,10.0,1.0,3.0,0.10984235529600771,0.0,103.30000000000003,0.1132850855588913,0.3497787594795227,0.6248244047164917,0.005463185557164252,0.06966764591634274,0.06856386996805668,0.06554827131330968,0.2498308837413788,0.011890112748369574,0.9167138814926148,0.2965440973639488,0.15683912187814714,0.008978912979364395,0.15383240431547165,0.9533664464950562,0.003505996358580887,0.008314182981848717,0.04662479534745216,0.1553605392575264,0.009726175665855407,0.03696510009467602,0.03225929550826549,0.740592873096466,0.9785163164138794,0.5006129533052445,0.0035483226936776193,0.2569193601608276,0.32303371727466584,0.03577693738043308,0.47183025181293486,0.9019978046417236,-5.2056593338811785,54.12965972232492,90.2823361822536,49.754553994124365,-6.0026388506402535,2.688204105755829,2.4331020587713654,84.43201588094568,-2.038390920452966,6.346076607597584
2cdc5dc1c7bac035f7b3126016bff618,OC[C@H]1O[C@H](S[Au])[C@H](O)[C@@H](O)[C@@H]1O,392.18300000000005,-2.0187000000000004,6.0,4.0,4.0,0.4061974900532439,5.0,90.15,0.24158196542412042,0.7285230755805969,0.36432639360427854,0.0014783023128984497,0.05909874429926276,0.0621305376291275,0.009550295060034842,0.04097351977834478,0.0034610875285579824,0.14339549185242503,7.244830648005518e-05,0.009766301605850458,0.019442894402891396,0.14178543910384178,0.21166316233575344,0.026931328140199183,0.01713229203596711,0.0010155116513487882,0.002228368737269193,0.040346242114901544,0.0919054139405489,0.0021883435460040347,0.10858226865530014,0.0037352624000050127,0.09247970804572106,0.002324172673979774,0.002805834263563156,0.0031456786033231764,0.048801070638000967,0.5717996239662171,0.03456994101870805,-5.5953843066198345,54.04803494396781,9.19705976034156,-14.928136849570137,-18.791657584856427,1.2945267542681085,-0.46897937772095927,40.65787677199993,-1.144472071380664,-16.285237745710607
4d6671a21f677c68090345e2c7f9bb58,CC(=NNC(=S)NNC(=S)Nc1ccccc1Cl)c1ccccn1,378.9140000000001,2.824700000000001,4.0,4.0,4.0,0.37157412837361076,0.0,73.37,0.4844571590423584,0.7227064430713653,0.9537646770477295,0.47297457456588743,0.6725032567977905,0.3652769297361374,0.4440807640552521,0.12032373473048211,0.11332305520772934,0.570161235332489,0.6630778074264526,0.6541521549224854,0.33548954129219055,0.9284105777740479,0.9983822226524353,0.006889428559225053,0.027537428587675095,0.6877779841423035,0.22728447020053863,0.03315682951360941,0.10072356611490249,0.07800813503563404,0.9342096447944641,0.19926925003528595,0.5931049823760987,0.09373558163642884,0.3591797351837158,0.6018319666385651,0.17774771004915238,0.6944907188415528,0.47266956567764284,-5.20490254493876,27.410827852105673,17.69417737815841,76.74760002705865,-8.996894935814392,3.094837705733327,1.8847409149914518,86.18866982146062,-4.64532225449546,27.658676075828726
93b0be71ac40677d439dade48670810d,COc1ccc2[C@H]3CC[C@@]4(C)[C@@H](CC[C@@]4(O)C#C)[C@@H]3CCc2c1,310.43700000000007,3.915600000000003,2.0,1.0,4.0,0.7968347529245803,5.0,29.46,0.3398339033126831,0.5938204482197762,0.9349445939064026,0.5304704070091247,0.5926818192005158,0.49143854081630706,0.1821957640349865,0.32733658850193026,0.23633934706449508,0.7197833776473999,0.7026869177818298,0.08806985598348546,0.03744014296680689,0.06403293013572693,0.9999834537506104,0.12933805733919143,0.40033031105995176,0.11562856957316399,0.12341615408658982,0.7731663465499878,0.8657280206680298,0.02013865504413843,0.9795654058456421,0.33547415435314176,0.41035172939300535,0.0682014912366867,0.09830734878778458,0.48021218180656433,0.12897834405303002,0.2823232561349869,0.44654728174209596,-4.404699624760283,70.57685484052634,40.18949912089997,-9.334154411489203,-4.988338738574642,2.255323476883267,4.0163660299783555,94.18190261999703,-5.49935384867811,-0.4023756791865127
56841ac11ad9e4f78de63fdfb92d7a60,CCCCCCOc1cc(C)c(O)c(C)c1C,236.35499999999996,4.276560000000004,2.0,1.0,4.0,0.7470654350449114,0.0,29.46,0.032699283212423325,0.7394051194190979,0.7374918282032012,0.9805097818374634,0.6808326482772827,0.31451734602451326,0.5004713892936706,0.6561401724815369,0.07761991750448942,0.7175257444381714,0.09763066098093987,0.3535188477486372,0.0005369860460632481,0.22444385886192322,0.9999961137771607,0.0001809238863643259,0.021289189253002404,0.18855451568961143,0.06853053569793702,0.11156510412693024,0.46296204924583434,0.011882982822135091,0.978926956653595,0.12951216995716094,0.17322072386741638,0.012250205967575312,0.08045027926564216,0.8372078776359558,0.05129472501575947,0.7568276882171631,0.6166490316390991,-4.795940909253808,181.43135773320768,99.75644755807137,-2.38551083879861,-4.893746313970825,1.786602890819888,4.280425345190595,97.88628260586754,-4.554097631149473,9.031243873307849
b90931ff9ddd66287f744d6f70aced52,CC(C)=CCC\C(C)=C\CC\C(C)=C\C=C\C(\C)=C\C(O)=O,302.458,5.9927000000000055,1.0,1.0,3.0,0.3223651240563779,0.0,37.3,0.1614258512854576,0.7422185063362121,0.6466970860958099,0.32414024472236636,0.4889221787452698,0.2630920946598053,0.31823486685752866,0.10183468088507652,0.18502932339906691,0.43282202780246737,0.08510534726083278,0.45418696403503417,0.19023164212703705,0.4358255445957184,0.9416721820831299,0.06825830712914467,0.03712457213550806,0.021658085659146308,0.07709721997380256,0.4605731785297394,0.3125229388475418,0.6304769337177276,0.7856506824493408,0.24033459201455115,0.8898986458778382,0.13940519839525223,0.6220951437950134,0.26353295892477036,0.16941787376999856,0.8938797950744629,0.2856810033321381,-5.196026437055474,53.328111118361505,24.14111608551248,-19.609153394453656,-4.801990946480492,1.7539715759978587,2.5476290249136992,104.04593115437619,-4.592580333463695,-0.9659144763625569
1e976afcfe992daf113d169b49818cb5,ClC=C1Nc2sc3CCCCc3c2C(=O)N1,254.74199999999993,2.8199000000000005,3.0,2.0,4.0,0.7475840463177237,0.0,41.13,0.8588680982589721,0.9786515831947327,0.8929607152938843,0.9961115121841431,0.7485663652420044,0.22869869470596313,0.6749529957771301,0.23387439623475076,0.1574414111673832,0.6509049236774445,0.3760051727294922,0.19498251676559447,0.04314278177917004,0.9306508064270019,0.9999885320663452,0.02532681692391634,0.0386888662353158,0.8852867841720581,0.2137075126171112,0.02495207153260708,0.39172754883766175,0.07826210260391235,0.9760533690452575,0.2681946218013763,0.8668213605880737,0.4922551393508911,0.40157832503318786,0.9482330679893494,0.6823754608631134,0.9102491140365601,0.44993785619735716,-4.493478383333535,70.33006063593845,45.271828669743506,71.16693604945756,-10.660836295118617,2.6300364602308735,3.147500923114076,88.2057021236758,-4.307993759829405,-4.941726134705053
16580ed6e74431c3fb82e4c17a3b3c5d,CC[n+]1c(-c2ccccc2)c2cc(N)ccc2c2ccc(N)cc12,314.41200000000003,4.131800000000002,2.0,2.0,4.0,0.3319037898661971,0.0,55.92,0.9408438563346863,0.7474098801612854,0.6951910853385925,0.9415532350540161,0.4356552302837372,0.0883871778845787,0.0705311082303524,0.2264598250389099,0.8107742071151733,0.5059353351593018,0.5798976302146912,0.4037502855062485,0.13283563069999219,0.8810544490814209,0.9963249921798706,0.5334205746650695,0.042496229708194735,0.9345325112342835,0.8993636250495911,0.5118992954492569,0.3021656543016434,0.07909404747188091,0.788226842880249,0.7232370853424073,0.918835973739624,0.17073083072900772,0.1838909775018692,0.9192327380180358,0.8771671175956726,0.7663139462471008,0.9137327671051025,-5.200381341891776,61.679977629890075,20.915551363124205,85.96375090014004,-10.576759317296876,2.765340836341495,2.647712375732438,95.71729291118932,-4.467349873723019,30.15865921316497
09c270d532dbbe0749432c63ba2afcee,Oc1ccccc1C(=O)Oc1ccccc1,214.22,2.6114000000000006,3.0,1.0,4.0,0.6170368785141781,0.0,46.53,0.01032859543338418,0.5766312539577484,0.5823821604251862,0.8323671340942382,0.5707767903804779,0.3762690216302872,0.5183695614337921,0.09506577774882316,0.07228688523173332,0.39124736189842224,0.01246771146543324,0.08927634246647358,0.0029992432740982623,0.7732178449630738,0.999965763092041,0.0017502386792330072,0.028344443812966347,0.07069022804498673,0.024009196646511556,0.2742235451936722,0.5595828831195832,0.025146611221134662,0.9304201126098632,0.015625580307096244,0.06377108544111251,0.05070564784109592,0.025561892054975034,0.36824931502342223,0.010903535038232803,0.3815146893262863,0.0914922334253788,-4.341216691779579,158.2510814657399,99.56071366047475,-28.499217375817153,-8.506179664674743,1.9840601787868848,3.022950564811925,92.7658977487383,-3.3193586886947566,0.8243354092458219
1363fc83638658473f4170f2550c74df,NC[C@H]1O[C@H](O[C@@H]2[C@@H](N)C[C@@H](N)[C@H](O)[C@H]2O[C@@H]2O[C@H](CO)[C@@H](O)[C@H]2O)[C@H](N)[C@@H](O)[C@@H]1O,454.4770000000001,-6.652299999999997,14.0,10.0,2.0,0.17877808193941133,14.0,262.38,0.06365762283094227,0.06624431312084197,0.13096739500761032,0.00027669701200920825,0.019162198761478066,0.0033068609176552855,0.0017436466543585994,0.02813631579047069,0.00786381033831276,0.18409420088864864,0.0005190251871681539,0.0014839903440588386,0.034490850660949944,0.022388745844364167,0.010007876297459006,0.09665554389357567,0.2040357396006584,0.0016556598944589495,0.010070176795125008,0.1288623921573162,0.5174408435821534,7.561188976978883e-05,0.06546252053231001,0.004058292810805142,0.05544724273495376,0.00736991228768602,0.0004585649450746132,0.006207662029191851,0.016141096688807012,0.25140553489327433,0.35831880420446394,-7.334014927978788,38.33313223170422,-17.614610341851893,-0.7225825971783294,-20.317170271781475,1.33200823243553,-2.091925818957181,15.085636126716963,-0.04122149698521129,-10.391537682988343
76b7a9423326873b6f063a36045c095e,Cc1c(Oc2cc(C)c(C#N)c(C)c2)c(nn1CS(C)(=O)=O)C1CC1,359.45100000000014,3.351840000000002,6.0,0.0,4.0,0.8170836598135871,0.0,84.97999999999999,0.20378817319869996,0.9205845475196839,0.881771719455719,0.2926694735884666,0.8457113623619079,0.5011839032173157,0.6566757917404175,0.2611861854791641,0.03722010441124439,0.894498860836029,0.8615155458450318,0.244282004237175,0.14423983544111252,0.7147752642631531,0.9998068809509277,0.007822066661901772,0.020972189120948316,0.03021614160388708,0.21354117542505263,0.05711643546819687,0.03622627258300781,0.042894558422267436,0.9871162056922913,0.513891014456749,0.5124893844127655,0.016985518299043177,0.0518977589905262,0.2066929295659065,0.04223561845719814,0.21648350358009338,0.39084349423646925,-4.475731615257616,-18.57631418852833,0.6821609689831775,17.05102183881323,-7.938159546059898,2.8216485871545833,1.8830075224685383,92.32546443639175,-4.6463397813519105,3.0981968698712317
6523c38cc7afaf43efcd82bfbc394fc0,COc1cc(ccc1Nc1ncc2N(C)C(=O)c3ccccc3N(C)c2n1)N1CCN(C)CC1,459.55400000000026,3.3385000000000016,8.0,1.0,4.0,0.6367544100058594,0.0,77.07,0.32665609419345853,0.6791917443275451,0.891609787940979,0.22015685588121414,0.07300971113145352,0.4759658217430115,0.06774120330810547,0.3695611447095871,0.046548185870051384,0.753908348083496,0.595369353890419,0.16934245303273202,0.544828474521637,0.9824161887168884,0.9934363722801208,0.03173395060002804,0.03827411979436875,0.42527928948402405,0.1271856278181076,0.011774731520563363,0.03362559713423252,0.018083876557648183,0.9339633822441101,0.6203976750373841,0.5464395701885223,0.10247615575790406,0.02267473079264164,0.4542570024728775,0.46421892642974855,0.19728948473930358,0.951807975769043,-4.918509605060357,35.528168839026186,58.40536856854466,57.719121110028254,-10.715733488781957,2.9499671346281255,3.035803954646867,88.08890778965053,-4.510033828484005,9.546592782821454
2ece77a5f0805ebded125cea9c48852b,Fc1ccc(cc1)-n1cc(CCCCN2CCC3(CC2)OCc2ccccc32)c2ccccc12,454.58900000000017,6.613800000000007,3.0,0.0,3.0,0.304938256812931,0.0,17.4,0.4393099546432495,0.9822046875953674,0.7334777355194092,0.24184952974319457,0.2026594325900078,0.09334006384015084,0.05956145375967026,0.5591926515102387,0.8035978674888611,0.8688849210739136,0.37297976911067965,0.08700052089989185,0.5110520511865616,0.2031792789697647,0.9996665120124817,0.010792699735611677,0.010335718374699354,0.14693991392850875,0.21504015922546388,0.02603441858664155,0.05325254499912262,0.005157582834362984,0.8953709244728089,0.9964804887771607,0.41471596360206603,0.005855333269573748,0.12840521261096,0.07150879204273224,0.02055103238672018,0.5774995267391205,0.9940658688545227,-5.032809203868192,63.17824529704484,33.31392313709324,30.65627569311018,-6.493158787528472,3.2774765728044253,4.099478573778418,101.94278537731957,-3.8699488121561716,3.644410521940692
a6a5097a8eeb613cc85a7f97884b78d2,COC(=O)[C@H](Cc1ccc(cc1)[N+]([O-])=O)NC(=O)c1cccc2ccccc12,378.38400000000007,3.262100000000001,5.0,1.0,4.0,0.4032206465621875,1.0,98.53999999999999,0.8271720290184021,0.8231425046920776,0.819785213470459,0.5504153490066528,0.9005232453346252,0.3771841049194336,0.7747617483139038,0.18279068022966385,0.13404418155550957,0.764311408996582,0.8604740619659423,0.3966261029243469,0.15410805344581605,0.9766921162605285,0.9992038011550903,0.02492180485278368,0.017268684320151807,0.5354191601276398,0.22670913934707643,0.045157814770936965,0.18427490293979645,0.040525056421756744,0.9613828301429749,0.6498429477214813,0.34105931520462035,0.04463258571922779,0.04957301765680313,0.7331524848937988,0.11003252342343331,0.5324957191944122,0.7628448724746704,-4.960011572454367,112.20485243466017,99.79778636582604,30.98062926981272,-9.345544236896776,2.5613215887749554,3.4453527867267857,99.3069880036019,-5.298932894107895,-3.2334425034119127
54367481643d5631015bd06792270543,O1[n+]2ccccc2S[Zn]11O[n+]2ccccc2S1,317.71000000000004,0.8442999999999996,4.0,0.0,4.0,0.5313511491170595,0.0,26.22,0.43422594368457795,0.7179601550102234,0.43475210964679717,0.5209942072629928,0.5400534495711327,0.18896150439977646,0.18240622915327548,0.1425319622270763,0.2994579620659351,0.3698697566986084,0.05509974109008908,0.10722618112340569,0.03231597305457399,0.8428324937820435,0.8340965032577514,0.6587910830974579,0.09783318755216897,0.12467906754463912,0.14461502581834793,0.3445170417428017,0.4017752021551132,0.48922310918569567,0.866155481338501,0.0813475706614554,0.925975501537323,0.5691188648343086,0.6179290324449539,0.6629153609275817,0.6967016339302063,0.9160370588302612,0.06016587875783443,-4.641578179782199,51.93188541163837,5.640651827914044,0.3183323597867009,-5.345580729417167,2.7927688749696324,1.8208570817500203,82.5633060598778,-3.7004506101847605,-6.507526257144974
98a17d1e5e9c57ce1ee56354615a0181,CCC1(C)CC(=O)NC(=O)C1,155.19699999999997,0.8392999999999999,2.0,1.0,4.0,0.5701828183359867,0.0,46.17,0.04194474350661039,0.9957668662071228,0.881343150138855,0.0010301201025868067,0.022777531715109944,0.09284244105219841,0.0069045290583744645,0.03307764157652855,0.00019942057028856652,0.30252951979637144,0.00014952038764022292,0.2021649643778801,0.014981655683368445,0.2830981522798538,0.9984352707862854,0.000721559355588397,0.005754216481000185,0.0005431762328043987,0.0012038607426802627,0.001013499368855264,0.024197327252477408,0.0003646592143923044,0.7350488007068634,0.0019417683884967118,0.005151030415436253,7.30818201418515e-05,0.006548218498937786,0.0004325490556766454,0.001585051520669367,0.7159320712089539,0.011491429049056024,-4.417852078227143,-26.93713260245236,-20.650425668349367,1.7987213186112243,-8.169726304013013,2.2430332118619636,0.6245657233005991,53.02109824520293,-1.0810692531522257,1.0490499546060665
b1774b8f096536ae71cab7200441a65d,CNc1ccc(cc1-n1cnc(c1)-c1ccc(cc1)C(F)(F)F)[N+]([O-])=O,362.31100000000004,4.508000000000002,5.0,1.0,4.0,0.5475038841638056,0.0,72.99000000000001,0.9022661924362183,0.8950442552566529,0.9373579621315002,0.9403073787689209,0.8988614439964294,0.20516448020935057,0.5010430097579956,0.21348130702972412,0.451360234618187,0.6179425597190857,0.7995807886123657,0.5550983965396881,0.2007576808333397,0.952256715297699,0.9999221801757813,0.02929538134485483,0.019543651677668094,0.7206542372703553,0.66158607006073,0.06491364166140556,0.28029602468013765,0.040421421825885775,0.9574524164199829,0.6410670936107635,0.608756560087204,0.10405469983816147,0.17247534692287445,0.9424070715904236,0.24612297713756562,0.5761558771133423,0.8887998700141907,-4.835663031813212,42.58083648871086,38.09891625097172,17.47429768603108,-8.330760360697685,3.08561032998396,3.5916705447277266,102.21231363027582,-5.710434158402207,3.0738432144731496
6ba9564a45b6eeb14cbdd1134b12bd16,CN(C)c1cccc(c1)-c1n(C)c(=O)cc2[nH]n(-c3ccccc3Cl)c(=O)c12,394.8620000000001,3.403900000000002,5.0,1.0,4.0,0.5788919226013708,0.0,63.03,0.16451819986104965,0.8005532145500183,0.8521088838577271,0.5394761741161347,0.6988941669464112,0.5891563832759857,0.5910743594169616,0.3172071099281311,0.06315320655703545,0.6553496599197388,0.6619356751441956,0.5055346548557281,0.29585608541965486,0.9503650307655335,0.9984500408172607,0.04059742987155914,0.052799437940120694,0.5176912367343902,0.1826295644044876,0.030029517039656638,0.07143554538488388,0.0869529239833355,0.8898677468299866,0.6780913233757019,0.3150278478860855,0.0958104059100151,0.07250351309776307,0.3967873305082321,0.1550331801176071,0.23889418244361876,0.7920028448104859,-4.573497591954126,39.296883201362434,34.97757231891508,27.137643838962497,-12.20331769470884,2.4444813643766787,2.5268591528883912,96.78676576141211,-5.403736118118291,0.7876112593787288
fa0ab775182fdd48c269ed9c6c963cc7,COc1ccc2c(OCc3nnc4ccc(nn34)-c3ccccc3)ccnc2c1,383.41100000000006,3.927100000000003,7.0,0.0,4.0,0.4578247147065359,0.0,74.43,0.4513328611850739,0.7120605826377868,0.9439033031463623,0.8241604685783386,0.8624411821365356,0.3680877864360809,0.7274538159370423,0.20929904878139496,0.04658850822597742,0.6855304956436157,0.9061350226402283,0.19479404464364053,0.2175007462501526,0.9613489389419556,0.9997616052627564,0.013511609006673097,0.019611317478120328,0.5999301791191101,0.20658019483089446,0.034956973232328895,0.13691090643405915,0.18404762148857118,0.9573353886604309,0.8825203895568847,0.7397286772727967,0.213923841714859,0.10504360049962998,0.22378095090389252,0.14895245283842087,0.2396718293428421,0.7080621123313904,-5.110855349724082,57.422506061459,35.858779980175974,-31.762292883165344,-7.94131578500208,2.0914488316813413,3.170809546284954,99.49400387691381,-5.635368634957602,-6.0094310092894005
8ea2db7461365a4da6eb986c7820396c,COc1cccc2n(Cc3cccc(CNC(=O)C(C)(C)O)c3)nc(NS(=O)(=O)c3ccc(Cl)s3)c12,549.0740000000002,3.996000000000002,8.0,3.0,3.0,0.29048583028017033,0.0,122.54999999999998,0.11260981857776642,0.3932164400815964,0.765921688079834,0.5063048422336578,0.9873361229896546,0.632452130317688,0.9877718806266784,0.08958404958248138,0.7344218552112579,0.7396770000457764,0.9915494799613953,0.38865610361099245,0.10278716236352921,0.9524766206741333,0.9998375177383423,0.0039014190318994225,0.009995075687766076,0.07481290064752102,0.23176180720329284,0.009051570110023022,0.07471642121672631,0.10662572532892227,0.8784684658050537,0.9078907251358033,0.5926159143447876,0.004840157588478178,0.04315121024847031,0.7641975998878479,0.08129554986953735,0.125953371822834,0.8648905873298645,-5.356825008680631,11.301646415028834,50.71805085546129,130.99857890661093,-12.41355482282009,3.371972925830408,2.1700187289498234,97.93459832646981,-3.4110300415535137,-0.803120835068688
e769a6b8cfae025ebd83bab53af1ae4e,[O-][N+](=O)c1cccc2c[nH]nc12,163.13599999999997,1.4710999999999999,3.0,1.0,4.0,0.5106665276804899,0.0,71.82,0.8648367762565613,0.9769575595855713,0.8794117331504822,0.916269326210022,0.26067003309726716,0.14811877012252808,0.12970395684242247,0.15172250419855118,0.03621189668774605,0.4723798334598541,0.11716893017292022,0.12046240642666817,0.020484736561775206,0.9775869131088257,0.999997591972351,0.00775544554926455,0.00378173595527187,0.5898714184761047,0.03290185853838921,0.012377821747213602,0.036554720252752304,0.0048296147957444194,0.9323713541030884,0.07402434125542641,0.25952454209327697,0.016697530820965766,0.06253558173775672,0.5922801077365876,0.04164910614490509,0.9333302497863769,0.06553030535578727,-4.410481612173304,68.56638713233866,74.05854382906617,-8.049884396814452,-11.635722380315809,2.6223967907085504,1.4527212947025157,77.26068179807535,-2.588180495783633,-7.370909635447303
676489aa0d6e6b06c0b6ce2c1b0f6224,N[C@@H](CS)C(O)=O,121.16099999999997,-0.6719000000000002,3.0,3.0,4.0,0.42438150224218973,1.0,63.32,0.773529303073883,0.7389266729354859,0.9201361179351807,0.04196212849346921,0.09071834003552795,0.09879180043935776,0.0511091691441834,0.09802001304924488,0.031389132514595984,0.06107865534722805,0.010293202754110099,0.478682279586792,0.17240262851119043,0.262497541308403,0.9849209427833557,0.002719647243793588,0.014710369240492582,0.15367331355810165,0.0008985931548522785,0.004587349575012922,0.026687750383280216,0.002085219622676959,0.056303276354447006,0.0008473850466543809,0.02899892209097743,0.003976887234603055,0.00829890217864886,0.0026907506864517925,0.032819739356637,0.5921754360198974,0.01206314992159605,-5.733770521677006,20.260724204600354,-12.834349365424654,-8.540361533533826,-11.657028864933633,1.7159309998859231,-0.6663512882748833,48.206697016849226,-0.2373027789298988,-1.2426148257654648
6ea2e12ba005c1f32c5e813d10375e10,Nc1ccc(cn1)-c1ccc2ncc3ccc(=O)n(-c4cccc(c4)C(F)(F)F)c3c2c1,432.40500000000014,5.201900000000002,5.0,1.0,3.0,0.38921376826480075,0.0,73.80000000000001,0.5513743996620178,0.7152531623840332,0.9343442440032959,0.4353953987360001,0.1656988486647606,0.27060882151126864,0.03321847729384899,0.2046988844871521,0.04739868361502886,0.48153523206710813,0.3888985276222229,0.6762419879436493,0.5672690272331238,0.9647291302680969,0.9972932457923889,0.1076719343662262,0.11728127524256707,0.45429722368717196,0.41124236583709717,0.0904911682009697,0.23916655480861665,0.062263159081339836,0.8119952917098999,0.6806331276893616,0.5680309474468231,0.11947739273309707,0.024089959263801575,0.5873914241790772,0.4399622917175293,0.12756078839302062,0.9353376269340515,-4.9290741724965645,1.3991164480289426,0.12779507975328103,24.449917399138137,-10.28450628193809,3.4671414636256968,3.3036587586449095,98.89339132705933,-6.177595111244282,2.643909047892555
9f51a35153e80c894fa8ed3be2987ab7,[H]n1c(C)nc2ccc(cc12)C(=O)N1CCC2(CC1)Cc1cnn(C(C)C)c1C(=O)C2,405.50200000000007,3.7002200000000025,5.0,1.0,4.0,0.7045687207062564,0.0,83.88,0.2302742063999176,0.9186178922653199,0.8347263097763061,0.16667718924582003,0.44464264065027237,0.1999865934252739,0.6150349766016007,0.425395530462265,0.14009078815579415,0.8522488236427307,0.5759262621402741,0.10815653279423713,0.5077313661575318,0.6147085189819336,0.9999473094940186,0.02342658406123519,0.033563940040767196,0.1636165801435709,0.0863337941467762,0.0142986228922382,0.15462011396884917,0.006039408268406987,0.9614553570747375,0.7260395526885987,0.5298336267471313,0.08070900812745094,0.06069169864058495,0.15943696722388268,0.051581700518727305,0.19434507936239243,0.8570478677749633,-5.3818426543555615,31.221878276507947,16.604316984602946,6.462711388464847,-11.547758682130954,3.0552336371095903,2.4284137620511452,77.12938477436373,-3.012968376522685,0.8497017483639719
753b57d0f4445302111a546f4b894ee2,Cc1ccc(cc1)C#Cc1ccc(s1)S(=O)(=O)N[C@H](Cc1c[nH]c2ccccc12)C(O)=O,464.5680000000002,3.9118200000000014,4.0,3.0,4.0,0.3768411473739687,1.0,99.25999999999999,0.12868395820260048,0.4413319528102875,0.7883799076080322,0.8469765663146973,0.9272799491882324,0.8119874358177185,0.9264195322990417,0.1465864934027195,0.40626775175333024,0.46344942450523374,0.8486359357833863,0.2573065131902695,0.197906743735075,0.9669389128684998,0.9946730136871338,0.014159980555996298,0.022424769401550294,0.15734446197748184,0.33154315054416655,0.0638126902282238,0.19294366240501404,0.7041010320186615,0.5826891958713531,0.5169827580451966,0.603463077545166,0.07482475936412811,0.17911268025636673,0.5548629105091095,0.10504156947135926,0.4064860224723816,0.5626635193824768,-6.094926041851019,29.047653616465585,13.845337110611087,4.026997072775279,-10.970457288410323,3.264308372744188,1.6000183678619169,112.13510987496784,-4.2774449712734866,-18.340278992415126
87fe61b5fb45cf921d92ee9680f394c3,FC(F)(F)c1ccc(NC(=O)N2CCN(CC2)c2ncccc2C(F)(F)F)nc1,419.329,3.8683000000000023,4.0,1.0,4.0,0.7513267902793777,0.0,61.36000000000001,0.11978639513254166,0.9416556239128113,0.7730399370193481,0.19890522062778473,0.6259229779243469,0.36810368299484253,0.2789763376116753,0.2217487007379532,0.051371818780899046,0.45964285731315613,0.16480942517518998,0.3899299085140228,0.3535302072763443,0.7677908778190613,0.9982905507087707,0.0334260918200016,0.05312350913882256,0.034493486396968365,0.07901312112808227,0.025357161182910204,0.10096483826637268,0.028188054263591767,0.9066312074661255,0.41437733769416807,0.5307989478111267,0.021293162740767,0.023371002078056334,0.22540574967861177,0.12081058248877526,0.1844779819250107,0.7715096592903137,-4.807930168641356,22.931423514411808,12.52418047636843,14.59584624075328,-8.898975523650474,3.231238222890659,3.607971567642946,92.81894122013705,-5.069080874071113,-2.2871763105452225
df8f310bab756b8d5fd9655040cfff1a,Nc1nc(NCCNc2ncc(c(n2)-c2ccc(Cl)cc2Cl)-n2ccnc2)ccc1[N+]([O-])=O,486.3230000000002,4.045500000000001,10.0,3.0,4.0,0.19044233795841903,0.0,149.71,0.7961602210998535,0.5716233879327774,0.7677384853363037,0.7485698461532593,0.9306662082672119,0.067246213555336,0.79085693359375,0.11423501744866371,0.9462088346481323,0.5622078478336334,0.9891229629516601,0.23209010660648347,0.7476723194122314,0.9539719343185424,0.998897123336792,0.00816749781370163,0.004871245706453919,0.8824312567710877,0.6946828722953796,0.06398028247058392,0.07075142785906792,0.04748872481286526,0.8642785787582398,0.5197908878326416,0.7458437561988831,0.03446013778448105,0.17051879018545152,0.6129299104213715,0.31778682470321656,0.52740358710289,0.9557177543640136,-5.357325514386298,52.03315152880151,50.924691628403835,-6.686824911973628,-11.701943457631964,2.40896312151206,2.5398302843771963,98.03050624431036,-4.911058953621302,2.05349510165266
2451f5066eb04627cee1e4d350561adc,Fc1ccc(cc1)C(OCCN1CCN(CCCc2ccccc2)CC1)c1ccc(F)cc1,450.5730000000001,5.3212000000000055,3.0,0.0,3.0,0.41575807881255283,0.0,15.71,0.3151333898305893,0.952210545539856,0.8360901236534118,0.12798478566110133,0.3995606034994125,0.21197157204151154,0.2592571824789047,0.5372441351413727,0.9714035391807556,0.6738272905349731,0.5539529919624329,0.23861108124256133,0.5676577270030976,0.12170570865273475,0.9987577199935913,0.003955332888290286,0.00594053091481328,0.022408807277679445,0.06939913406968116,0.006686536129564047,0.028026101738214494,0.003433555632364005,0.9053602814674377,0.9836938738822937,0.25655561983585357,0.0007133845501812175,0.021261672116816045,0.09829512462019921,0.004306736681610346,0.725050687789917,0.9977880120277405,-5.0716421968507905,84.02572064280292,34.001106564504624,-1.1644278188878687,-5.432769149397586,2.8656871001835684,4.2023329781041685,99.97897821942152,-4.477167635930398,5.365014970454955
63271811cf08119ade61357a759981eb,ClC(Cl)C(=O)NCCCCCCCCNC(=O)C(Cl)Cl,366.116,3.166800000000001,2.0,2.0,4.0,0.43606871287607907,0.0,58.2,0.8951094031333924,0.9624520182609558,0.8175652384757995,0.7748260021209716,0.8143045246601105,0.1881790816783905,0.3007571049034595,0.2511145055294037,0.1764769970672205,0.6384331822395325,0.5482466116547584,0.8798464655876159,0.305551516264677,0.38573954701423646,0.9960646271705628,0.05503896418958902,0.00973818488419056,0.04328294121660292,0.16288169845938683,0.1932418093085289,0.33659849166870115,0.22119661420583725,0.8973255634307862,0.25816055536270144,0.7979797005653382,0.3263000100851059,0.34638705253601076,0.43803703486919404,0.4832125067710876,0.9431577682495117,0.805163311958313,-5.08036418280828,71.43060318289923,39.0860823130337,41.91861333673124,-7.931535411886303,2.0639322934132913,2.6227055758926126,84.67283196201244,-3.9904964453959337,6.546531625609354
fa598fdb78747b53c75f8387c89f2033,COc1cc(CCC(C)=O)ccc1O,194.23000000000002,1.9224,3.0,1.0,4.0,0.7960919268233743,0.0,46.53,0.11093150675296784,0.8236054182052612,0.7587245821952819,0.4147745370864868,0.16220799684524537,0.26685387194156646,0.0432979479432106,0.4803099691867828,0.03993689157068729,0.592108029127121,0.021643434930592776,0.039618357084691525,0.008169818855822086,0.14079411029815675,0.9998327255249023,0.005299975886009634,0.013648567255586386,0.05629900246858597,0.013599511468783021,0.031094892881810665,0.09657257720828057,0.015314427763223648,0.9367484450340271,0.08896385207772255,0.06634107269346715,0.01923890979960561,0.031840283423662186,0.03826133511029184,0.03681190144270659,0.36448659300804137,0.044920691102743146,-4.562923769198118,138.2970823187332,53.58608537162495,-27.490088086564278,-8.039414693552771,1.7117809213786406,1.9852581982424025,69.00636861128207,-1.6319821665309107,-7.210389628774611
6bc6c3134f8458a5dd57b6148e65c3bf,NC[C@@H]1O[C@H](O[C@@H]2[C@@H](CO)O[C@@H](O[C@@H]3[C@@H](O)[C@H](N)C[C@H](N)[C@H]3O[C@H]3O[C@H](CN)[C@@H](O)[C@H](O)[C@H]3N)[C@@H]2O)[C@H](N)[C@@H](O)[C@@H]1O,614.6500000000003,-8.895300000000017,19.0,13.0,1.0,0.11451275698725806,19.0,353.11,0.059780467115342614,0.0537151612341404,0.07189402319490909,0.00030533408066730773,0.015418545436114072,0.0017897611935040914,0.0018982599998707884,0.023589499201625584,0.01305080452002585,0.23040936822071673,0.001639359842374688,0.0009651385358665721,0.02897936968365684,0.026833444461226465,0.005614662589505315,0.126176867634058,0.22916395962238312,0.0013250546529889108,0.01708952444605529,0.1874038353562355,0.6182550013065338,0.00015712964932390605,0.06539595290087163,0.010801664320752025,0.08818950280547141,0.024378032045206055,0.0009898853495542426,0.017167990934103726,0.03118220781907439,0.24375605024397373,0.4859615951776505,-7.746228720351145,40.307728099059894,-5.240489680248934,1.1780910239627715,-19.242569801227017,1.4826310067954858,-1.766967770483312,30.11900527677859,-0.4620674853361832,-8.934978724872334
9b3c7a76b61a9f7975117c1d758be597,CCCCN1[C@H]2CC[C@@H]1C[C@@H](C2)OC(c1ccc(F)cc1)c1ccc(F)cc1,385.49800000000005,5.866300000000006,2.0,0.0,3.0,0.5912555418124575,3.0,12.47,0.671401047706604,0.9775035858154297,0.9355694651603699,0.061421047523617746,0.12383555024862289,0.09159827008843421,0.12151597142219543,0.3953459322452545,0.8321202874183655,0.5474359631538391,0.1515500843524933,0.07907650973647833,0.5307165443897247,0.0878041334450245,0.9995500564575195,0.008092370070517062,0.04660613555461168,0.056137647666037085,0.16112349629402162,0.033546928130090234,0.14213966727256774,0.00165838364046067,0.9322461485862732,0.9107190251350403,0.06260965242981911,0.002484490070492029,0.017176955379545687,0.14940413236618041,0.011573056224733591,0.6624977469444275,0.9901591300964355,-5.033266225612089,60.51243774194084,13.200074758170945,38.69305931089063,-4.389999634216371,2.8693455855713714,2.8961955404738475,90.44552366386002,-5.39834352005667,9.763977536205756
cf1ef531792612560954896d38f82a9b,Oc1ccc2[C@H]3c4cc(O)c(O)cc4C[C@@]3(O)COc2c1O,302.28200000000004,1.3204999999999993,6.0,5.0,4.0,0.46946133619296915,2.0,110.38000000000001,0.5567128896713257,0.4048813939094543,0.5834576845169067,0.2607951395213604,0.21972327381372453,0.1265115261077881,0.16599958948791027,0.10975977852940559,0.09584650881588459,0.6557428956031799,0.11288078613579274,0.03165946044027805,0.15375136956572533,0.44287307262420655,0.9897373437881469,0.03141765855252743,0.04325069114565849,0.34906645119190216,0.0949768714606762,0.1899974077939987,0.3361362159252167,0.009921617060899734,0.31765033304691315,0.07715539112687111,0.16351982355117797,0.060591011121869084,0.051480960287153724,0.36081321239471437,0.20450787544250487,0.617246025800705,0.23877929747104645,-5.923694952339565,43.93868238815177,-4.241343167007509,2.8020863314285633,-11.100243790729536,2.5820765587351593,0.5310798027359462,62.26044168303521,-2.1774012692566127,2.0068006653472135
2008f60c6ce1f99cdc9a7f745af3e40d,CCOC(=O)c1ccccc1OC(=O)CCCCCCCC(=O)Oc1ccccc1C(=O)OCC,484.5450000000003,5.281700000000005,8.0,0.0,3.0,0.20253607042555063,0.0,105.2,0.04735728949308395,0.5158246099948883,0.45943778157234194,0.20343878418207167,0.7195155143737793,0.1881667524576187,0.7096513509750366,0.06237496137619018,0.1089759573340416,0.7665883660316467,0.5467219650745392,0.2765015423297882,0.03284763563424349,0.8407042145729064,0.9936382412910462,0.008458536374382675,0.013103008549660445,0.0429251067340374,0.03478193283081055,0.024003081489354372,0.05017550252377987,0.03813641183078289,0.8641162276268005,0.8691577315330505,0.0851256251335144,0.005498980521224439,0.05567009784281254,0.10747607648372651,0.019889038987457752,0.3329129457473755,0.7325925946235656,-4.557373323466733,137.18051716245344,98.89566992077496,12.749461032542246,-4.83475432636362,1.6270806188478975,4.135680008329004,107.49354452967472,-6.144090402384966,4.437304372224789
63f62a251dbe417e3564070298b13526,COC(=O)c1ccc(cc1)C(c1c[nH]c2ccccc12)c1c[nH]c2ccccc12,380.4470000000001,5.616000000000004,2.0,2.0,3.0,0.39786267293369215,0.0,57.88,0.12234102785587311,0.6143114745616913,0.6604772686958313,0.8814346790313721,0.9194399118423462,0.3062831610441208,0.8494082689285278,0.21503949761390687,0.3991414695978165,0.5231509804725647,0.8550801277160645,0.09274580627679825,0.10444790497422218,0.8321324944496155,0.9996443867683411,0.03626862168312073,0.0095383589155972,0.6224211633205414,0.3735586404800415,0.2886118784546852,0.24051982015371323,0.10838656723499299,0.8736942410469055,0.7453388333320617,0.2855767548084259,0.10775330439209937,0.35828694701194763,0.8112511038780212,0.3730657994747162,0.44166070222854614,0.8698564291000366,-5.344181762528623,61.069665808456456,62.037538221687555,28.67291853045888,-9.705735435263932,2.468432614131369,4.512665031218874,105.31453088607415,-6.838516310261324,-1.419982013342209
401137bb3b1737a197d0efc0adf3c247,Fc1ccc(Nc2ncnc3cc(OCCCN4CCOCC4)c(NC(=O)C=C)cc23)cc1Cl,485.94700000000034,4.391500000000003,7.0,2.0,4.0,0.34297263045705784,0.0,88.61000000000001,0.6295724272727966,0.7340779304504395,0.780871570110321,0.20925029665231704,0.4505427747964859,0.14307145029306412,0.3279902458190918,0.2355101153254509,0.3954896092414856,0.6961107969284057,0.8643798708915711,0.2999735414981842,0.8436732172966004,0.9422008156776428,0.9901023149490357,0.027421175315976144,0.016886554844677448,0.5578086614608765,0.3311065316200256,0.10394950732588767,0.12307212427258492,0.094610283523798,0.7056752800941467,0.81998211145401,0.7425353646278381,0.18262467831373214,0.1863584339618683,0.4882966458797455,0.6618205904960632,0.29198917746543884,0.915482223033905,-4.842840162546819,37.80964999429826,52.57638999850718,66.8641057882533,-12.038585659849513,3.1904829525596528,2.8797364316536216,97.45238759982945,-4.175034225412975,8.65126251893177
6123cf9f550cc78bea586a2f245096e9,C(CN1CCN(CCOC(c2ccccc2)c2ccccc2)CC1)Cc1ccccc1,414.59300000000025,5.043000000000005,3.0,0.0,3.0,0.4620491526685289,0.0,15.71,0.189507158100605,0.9312746286392212,0.6497010886669159,0.11982957124710084,0.41192988455295565,0.14970595091581346,0.1556244097650051,0.5687296390533447,0.9682928562164307,0.5170016765594483,0.2079653598368168,0.08768219612538815,0.3314363345503807,0.05925705283880234,0.981256115436554,0.004707665089517832,0.005652126716449856,0.041223977133631705,0.10903101712465287,0.013719542510807514,0.04208187870681286,0.004192758217686787,0.8990558862686158,0.9300935506820679,0.3887919545173645,0.000896716708666645,0.04137465339154005,0.11787481158971787,0.0038569181226193903,0.8965646028518677,0.9950817704200745,-5.007092424180517,87.7332945855947,32.5996608439155,3.6668700240771868,-6.144451449671553,2.7200253774601366,3.654019930760481,94.69675704355404,-3.648776356437447,-2.3873229448563738
008dcf06e8fb9e82e163f6f4f86d1eaf,CCCC(CCC)C(=O)NCC(N)=O,200.28199999999998,0.8043,2.0,2.0,4.0,0.6378356462317488,0.0,72.19,0.13928562588989735,0.967379367351532,0.9122779846191407,0.006877404311671853,0.009653647989034652,0.08816209062933922,0.0011905486055184156,0.11117500364780426,0.0010542793694185092,0.3009598046541214,0.0008203217323170975,0.5062609910964966,0.008234862238168716,0.07554192133247853,0.9943971395492553,0.0031874589854851364,0.008669025124981999,0.0009261888983019162,0.00033590567618375645,0.0049867132096551355,0.05879751592874527,0.0005869721790077165,0.6617396235466003,0.001154380102525465,0.006198380375280976,0.00019248942116973923,0.002465334557928145,0.00032149325488717295,0.0007161565910791979,0.6719537794589996,0.023105886206030844,-4.667701215814016,36.24540756471703,17.231808798870315,-0.6269861140935831,-10.94677982560666,1.9245062429631203,1.1781731410176293,40.44404971943149,-1.482513689851932,-3.4630974140287734
1391b2b1e197dec67e0ce6070b62a2d7,NC(=O)c1cn([C@@H]2O[C@H](CO)[C@@H](O)[C@H]2O)c2ncnc(N)c2c1=O,337.2920000000001,-2.915899999999999,10.0,5.0,4.0,0.3908037954963539,4.0,186.81000000000003,0.6157177925109864,0.5636596024036408,0.6439740002155304,0.0018778898956952617,0.0010370067146141082,0.07901708520948887,0.0019041077815927566,0.008526444924063981,0.0012560362651129254,0.08486434519290924,0.00016382574503950308,0.06867290195077658,0.42886446714401244,0.9479481816291809,0.7236968159675599,0.061752508580684665,0.042993150372058156,0.010306714242324233,0.028968364372849463,0.03728605806827545,0.17307618260383606,0.0007376073102932423,0.07429811172187328,0.004017677623778582,0.06442281492054462,0.007146422192454338,0.0036012048309203236,0.007901014667004347,0.35076081156730654,0.2025001809000969,0.150812129676342,-6.143967224640951,12.045077637313018,-16.010718629293923,39.620435905230046,-22.797335614143105,2.108058345423857,-0.972851853732745,28.499856581467384,-2.2446092541421225,5.8852680112995035
eebeb29c779135bcbcb7beb2b0c15378,FC(F)(F)c1ccccc1-n1ccnc1,212.174,2.8911000000000016,2.0,0.0,4.0,0.7102012679613137,0.0,17.82,0.15034615695476533,0.9890427470207215,0.90219806432724,0.9876093745231629,0.9250143527984619,0.13462759852409362,0.20226503163576126,0.08523596022278071,0.7192111253738404,0.21584305614233018,0.9534319281578064,0.08975909948348999,0.02641502832993865,0.5395026206970215,0.9999996662139893,0.0015725961711723357,0.002390711032785475,0.14088462591171264,0.5777877271175385,0.006385634141042829,0.013856153003871441,0.0016813623835332692,0.970911955833435,0.25272570103406905,0.11302410941570998,0.002263551513897255,0.02951465155929327,0.020814880216494202,0.003073963103815913,0.3919787466526031,0.5038646578788757,-4.062642441360611,33.22056845628522,49.11803824158708,-22.34505430968647,-5.426037193398787,2.5311710910411565,2.5593385402375013,80.03475783788859,-2.4945009945437375,-1.6830297533622194
fc0fdde1f00f550e823c7468d4cd234d,CNCC(O)=O,89.09399999999998,-0.7096000000000002,2.0,2.0,4.0,0.4695634757445805,0.0,49.33,0.019616967136971652,0.6665081024169922,0.653093695640564,0.00011555686978681479,0.001725701236864552,0.11683965511620045,0.0003459030340309255,0.03439781777560711,0.001585769816301763,0.07839183248579502,7.121716167191039e-06,0.045681107044219973,0.021420704247429968,0.09690496325492859,0.5429297357797622,0.0006300020060734824,0.011926970817148686,0.0005261969316052272,8.99505935194611e-06,0.0007736826548352838,0.0741303451359272,0.000147860572906211,0.021863939240574837,0.0005583908205153421,0.008386692916974425,8.732201314387567e-05,0.00044941445739823396,3.254091971029993e-05,0.00012232481567480135,0.37046695947647096,0.0011359939438989387,-5.365593503023309,-36.56850028524006,-42.63871311503255,-37.30700124840838,-11.477497631863905,1.2028684758007968,-3.1228490230135617,2.629702742561341,0.7441557428126255,-6.55407176764745
561fad8a2d8a2bb704c9d61174399426,Cc1noc(NS(=O)(=O)c2ccc(N)cc2)c1C,267.31,1.67444,5.0,2.0,4.0,0.8241959038664723,0.0,98.22,0.02608860768377781,0.7221637010574341,0.956092119216919,0.011815190501511096,0.03834495432674885,0.4545257925987244,0.031864926032721994,0.051169673725962636,0.0037633685511536895,0.3342748522758484,0.019629527407232672,0.3924456834793091,0.02612992823123932,0.963539183139801,0.9987573862075806,0.016628710739314555,0.05533798784017563,0.015323377214372158,0.004512195766437799,0.0029181310208514335,0.053850270062685016,0.00029440237558446823,0.7308593273162842,0.015560040948912501,0.014082991518080235,0.0006369341514073312,0.0025314479367807507,0.010379747673869132,0.0017912697046995163,0.12759436517953873,0.038195164129137996,-4.9842816876150895,-1.0770610782939811,1.7005378410986345,-0.6766698820836531,-11.39316653658723,1.6788448462486916,-0.04101345116463255,88.60175476511378,-2.660342472630316,0.14859831636838622
5450d5beeabf722f97ec26fa2826946f,CC1(C)Oc2ccc(cc2[C@@H]([C@H]1O)N(Cc1ncc[nH]1)c1ccc(Cl)cc1)C#N,408.8890000000001,4.214580000000003,5.0,2.0,4.0,0.6748304428674043,2.0,85.17,0.11205783635377883,0.24118679612874985,0.8700100421905518,0.3625965595245361,0.9561991453170776,0.21335533857345582,0.9399153828620911,0.18630437403917313,0.49378198981285093,0.8300106644630432,0.9264759182929992,0.2235807329416275,0.14820888340473176,0.7931682348251343,0.9998004674911499,0.002751544106286019,0.006351386476308107,0.7463880062103272,0.6714140057563782,0.023355544544756413,0.06259581558406353,0.04249303676187992,0.833510947227478,0.8331154346466064,0.38085400462150576,0.017126559652388094,0.14549017399549485,0.8329916000366211,0.3355871647596359,0.0920508086681366,0.9243646860122681,-5.095511763411623,32.03516902776168,20.32405354054353,11.407723726394856,-12.953724982172854,3.7299350055691094,3.345263169971002,91.76280573862982,-5.4236120118597695,9.372915333225098
9b92b889d61d381ef5cb475644e53f71,N[C@@H]1CCCN(C1)c1c(Br)cnc2[nH]cc(NC(=O)C3CC3)c12,378.27400000000017,2.601400000000001,4.0,3.0,4.0,0.7664099589296937,1.0,87.03999999999999,0.3258572220802307,0.8971614718437195,0.8491376876831055,0.36972284615039824,0.17488835602998734,0.07028367631137371,0.08554892688989639,0.40312087535858154,0.24634775519371033,0.4639857053756714,0.4436021149158478,0.04174425862729549,0.42460823655128477,0.49409446120262146,0.9998067259788513,0.03246435821056366,0.01368473395705223,0.4789626121520996,0.08414415717124939,0.0244029825553298,0.16125873029232024,0.002357162907719612,0.6853606820106506,0.015277005825191736,0.1943194344639778,0.0934575580060482,0.030096350982785226,0.10133618637919425,0.217827770113945,0.2630823016166687,0.7254973292350769,-5.472895326602199,14.133681824118156,-10.484896898638892,18.794952709087323,-14.351550180813856,3.041560186795842,1.7813776260003078,76.57041124720345,-2.670159384785919,18.631134307299266
4c25f840ce29c77a6edbc4ffc3ee40f9,CN\C(NCCSCc1csc(CN(C)C)n1)=C/[N+]([O-])=O,331.46700000000004,1.3225,8.0,2.0,4.0,0.3799534662760676,0.0,83.32999999999998,0.36851860731840136,0.7268602252006531,0.8564759969711304,0.028920337557792664,0.25980986207723616,0.14064967036247253,0.018034468963742258,0.22749522477388381,0.06622305437922478,0.42255860567092896,0.046294066961854695,0.28607221841812136,0.33159237504005434,0.5363822996616363,0.982249402999878,0.01249954926315695,0.004568809701595455,0.009807449835352599,0.004539471585303545,0.013580127898603678,0.0677922260016203,0.006346550758462399,0.6914526581764221,0.023776216618716716,0.29258504807949065,0.005892375181429088,0.03057545083574951,0.017011907324194907,0.009062260575592517,0.9053123831748963,0.26894559264183043,-5.652216996970493,37.70989472385189,-0.1359050104276271,-8.575030738246827,-11.19136330609465,1.9807215977944908,-0.7668141592011974,38.844743916838276,-1.946761433448713,-2.5320145402801684
72bd7399de495b602f1943d3d4a32467,Nc1nc2CCN(CC=C)CCc2s1,209.31799999999996,1.3119,4.0,1.0,4.0,0.7467913992328089,0.0,42.15,0.2942233994603157,0.9858763933181762,0.807309091091156,0.025328496331349017,0.056037990376353264,0.11122462004423142,0.005186257767491043,0.28030010759830476,0.11011099591851234,0.25980075597763064,0.0014684635621961205,0.15869894549250602,0.2301529712975025,0.3389866441488266,0.9979763627052307,0.008899803762324155,0.022488250210881234,0.06622063964605332,0.0017692780937068164,0.0021893658675253393,0.09800254106521607,0.00045299995472305456,0.5126610219478607,0.022675402648746967,0.04110396765172482,0.0036429665517061947,0.0065313003025949,0.0012872606108430772,0.004770572809502482,0.7475178003311157,0.2820897936820984,-4.725098284300284,32.74845964993688,8.193715602322133,0.8035681310249295,-11.442160016057755,2.586425932542825,1.0828655942214556,31.282620678358125,-1.2276328327145793,2.4233329674351665
f69c61b67244b614e20f5b658275a608,[H][C@]1(CO)NC(=O)CNC(=O)[C@H](CC(O)=O)NC(=O)[C@@H](C)NC(=O)[C@]([H])(CC(O)=O)NC(=O)[C@H](CCCN)NC(=O)CNC(=O)[C@@H](NC(=O)[C@H](CC(O)=O)NC(=O)[C@@H](CC(N)=O)NC(=O)[C@H](Cc2c[nH]c3ccccc23)NC(=O)CCCCCCCCC)[C@@H](C)OC(=O)[C@]([H])(CC(=O)c2ccccc2N)NC(=O)[C@@]([H])(NC1=O)[C@H](C)CC(O)=O,1620.6930000000002,-5.6217999999999755,24.0,22.0,1.0,0.01129692232058956,13.0,702.0200000000001,0.12946801111102105,0.26077214926481246,0.4753254413604736,0.0012582516526890685,0.025720169208943842,0.05669106282293797,0.0240722244605422,0.01700646597892046,0.016259200836066155,0.5171532809734345,0.3001247704029083,0.0465996790677309,0.24542102962732315,0.7966829776763916,0.23578412905335427,0.047377735003829004,0.11822439283132553,0.009656385728158056,0.028696112893521787,0.036717981845140454,0.09400986656546592,0.03122478723526001,0.0657226212322712,0.22558407485485077,0.2177506446838379,0.07713782042264938,0.008781037328299135,0.030537930503487586,0.20824895054101944,0.08121507987380028,0.32175427079200747,-6.959620838479299,34.43803061774675,44.5037318453014,-3.695952904721338,-15.435817100792372,3.6149622678544544,-0.5456165506072173,71.53835057389747,-3.6349481168670024,0.9866976974872687
3652b6e8b49b2bf1f01abdd878d1f52b,OCCN1CCN(CC1)C(=O)Cn1c2cc(Cl)ccc2sc1=O,355.8470000000001,0.8528999999999998,6.0,1.0,4.0,0.8828206427073051,0.0,65.78,0.14306115582585335,0.731996726989746,0.6355326056480408,0.05173348058015108,0.2407308042049408,0.3053612470626831,0.03660789467394352,0.3102902978658676,0.05034097954630852,0.42322595715522765,0.03740950208157301,0.10569057166576386,0.5349743783473968,0.4980410933494568,0.991951048374176,0.055004149302840234,0.08269835934042931,0.0856299951672554,0.010000595729798079,0.008014467637985944,0.08130948171019554,0.0035598259011749176,0.6212989807128906,0.14254316687583923,0.11090097650885582,0.0033722260501235723,0.009278123616240919,0.005685723852366209,0.012888530455529689,0.5139173030853271,0.5095018923282624,-4.728630038880563,23.72597262846778,7.24841258455501,27.078080394293902,-14.634920701855611,2.288225238860873,1.2301262799410857,56.822033767796675,-2.2975855858175414,5.952155057196044
a63926d6cd537c2d873bdc37e1844f03,Cc1ccc(F)c(NC(=O)Nc2ccc(cc2)-c2cccc3n[nH]c(N)c23)c1,375.40700000000015,4.903620000000003,3.0,4.0,4.0,0.4098564168765686,0.0,95.83,0.7088926911354065,0.7607744574546814,0.9518966197967529,0.7738551497459412,0.829648208618164,0.454286652803421,0.6725737452507019,0.2824631243944168,0.25289311110973356,0.5626114904880524,0.8627236008644104,0.599479928612709,0.4111774623394012,0.98469158411026,0.9996649384498596,0.011293555330485105,0.05067645199596882,0.8864947319030761,0.36633281111717225,0.0336735911667347,0.18271832466125487,0.05342082493007183,0.6649261474609375,0.6380044102668763,0.690045177936554,0.2552385151386261,0.036676492914557456,0.8795931220054627,0.3221182763576508,0.22206660807132722,0.9046722173690795,-5.301232683573362,17.730240721024288,24.347975014490366,90.85556429303878,-13.186279108003328,2.8730947774624567,3.69856179169701,99.74963419438365,-5.933738605272767,2.8944696861688017
2f0c2b5bffd9cff7c926630c19c29df2,OC[C@H]1O[C@@H](S[C@@H]2O[C@H](CO)[C@H](O)[C@@H]([C@H]2O)n2cc(nn2)-c2cccc(F)c2)[C@H](O)[C@H]([C@H]1O)n1cc(nn1)-c1cccc(F)c1,648.6450000000001,-0.12460000000000027,15.0,6.0,1.0,0.14781150614113794,10.0,201.26,0.27323873341083527,0.11590585298836231,0.592234092950821,0.004969285207334906,0.11186378560960293,0.09669696167111397,0.06700364183634519,0.029477385431528093,0.038945164624601604,0.4775844693183899,0.1780951127409935,0.11617646589875222,0.2781683266162872,0.9298547267913818,0.30069585144519806,0.010373083711601793,0.018038949556648733,0.04497439526021481,0.060867568105459215,0.02266905680298805,0.07697088718414306,0.055805726628750565,0.23012568950653076,0.5965747833251953,0.2683053880929947,0.06947887688875198,0.020352955628186464,0.07614140678197145,0.12628937363624573,0.15881974697113038,0.707670521736145,-6.053337237076903,21.999430143134916,22.855400852647055,10.351149636133124,-13.359731907021711,2.444601372973639,2.254484984269226,94.49314871847345,-3.2482382769773097,-5.874471818337803
51cba7be91763bda1264779ffae5621b,CS(=O)(=O)c1cccc(CNc2nc(Nc3ccc4NC(=O)CCc4c3)ncc2C(F)(F)F)c1,491.49500000000023,4.139300000000002,7.0,3.0,4.0,0.4750496673879972,0.0,113.08,0.29028748273849486,0.8033488512039184,0.8168187260627746,0.3113273769617081,0.5416914314031601,0.29649246484041214,0.25408239513635633,0.1797766864299774,0.45267999470233916,0.6419843316078186,0.8301949620246887,0.6441362261772156,0.4020274460315704,0.9458010911941528,0.9904175043106079,0.02467638850212097,0.056774059683084487,0.038415529392659666,0.07409450486302376,0.009450110886245967,0.055377695709466934,0.02063310258090496,0.6455954551696778,0.7698268055915832,0.36339802742004396,0.028108184598386286,0.01903665028512478,0.4853912711143494,0.2005404755473137,0.07497681863605976,0.8878957152366638,-5.348393438627672,27.762875153407244,44.59782509989837,186.5214990967376,-9.907166006365824,3.509818074186602,3.31187851460066,87.71632175746751,-5.32253409196971,0.8966687273814756
6fff31d45b5e99f7641966ed24652479,CC(=O)NCCc1c(Cc2ccccc2)[nH]c2ccccc12,292.38200000000006,3.4373000000000022,1.0,2.0,4.0,0.7431675720134457,0.0,44.89,0.20001374781131745,0.9760091304779053,0.721116578578949,0.9012863636016846,0.9039639949798584,0.3189358949661255,0.4482545226812363,0.4842927515506744,0.7286195516586303,0.7029898405075073,0.7793384790420532,0.0736422125250101,0.1278902404010296,0.5470478415489197,0.9999050736427307,0.01346819121390581,0.01347144301980734,0.7007155656814575,0.1588753044605255,0.05506323128938675,0.20695306360721588,0.011278610955923796,0.9257488369941711,0.3663002163171768,0.22534341514110565,0.03646133523434401,0.15322453826665877,0.43196273446083067,0.061830950900912285,0.6621704578399659,0.7783820748329162,-4.967563100553447,57.28004256666911,55.4553619961305,5.467495103038329,-11.045786169088512,2.1455436585012917,3.0816259142371303,93.36484298815947,-4.322350402282176,-3.5023181632354223
79c54410e8096fd779ea23dda30a5773,C[C@H](\C=C\[C@H](C)C(C)(C)O)[C@H]1CC[C@H]2\C(CCC[C@]12C)=C\C=C1C[C@@H](O)C[C@H](O)C1,416.6460000000002,5.560600000000007,3.0,3.0,3.0,0.5141969070179694,7.0,60.69,0.18163387402892112,0.7965063333511353,0.6787298917770386,0.0036690539767732845,0.11034390106797218,0.10285148918628692,0.04908000929281116,0.10263474732637405,0.04679477994795889,0.816335916519165,0.21216324716806412,0.21827360689640046,0.0937576249241829,0.12849284410476686,0.998440396785736,0.005591068277135491,0.013565233908593655,0.020984399132430553,0.08541291505098343,0.03425572738051415,0.10756029486656189,0.021019397117197514,0.9090842604637146,0.7816748261451721,0.5121562480926514,0.0026346157770603894,0.47545374035835264,0.5361746370792388,0.041993919759988785,0.5583891212940216,0.4958338737487793,-4.94850085084798,49.04958114364374,36.94134093499103,-8.522883801686511,-5.458221556961108,4.53754144364995,3.3997611539643686,95.51932077589223,-5.082712458655048,1.8750113934219619
e6c7be6a54ef015866bb336b1f214b7b,[O-][N+](=O)c1ccc(\C=C\C=N\N2CC(=O)NC2=O)o1,264.197,0.7385999999999999,6.0,1.0,4.0,0.37207316814244373,0.0,118.05,0.986956799030304,0.9602932214736939,0.9380386352539063,0.7818944334983826,0.14584297463297843,0.07649023868143559,0.0722887048497796,0.03789246156811714,0.0018198481819126755,0.2730864077806473,0.049986105877906084,0.162203349173069,0.036247821524739265,0.9941329598426819,0.9999568462371826,0.014324023248627782,0.00835638849530369,0.3334399119019508,0.03425879757851362,0.03508288040757179,0.1115713968873024,0.08140981439501047,0.8917105197906494,0.006249346223194152,0.9715592622756958,0.09837527722120284,0.13620684593915938,0.6700953900814056,0.2727012366056442,0.9904392957687378,0.04117453442886472,-4.911847268022955,14.085917162484971,8.053471084319337,21.70267921156158,-14.14706167445562,2.4807585628599194,0.4970702561147807,89.33057899981837,-3.6881231270498267,0.25623641585382995
ddd1caee5440d4a81a9e26ecf4243d8b,COc1cc2n(cc(C(O)=O)c(=O)c2cc1Cc1cccc(Cl)c1F)[C@H](CO)C(C)C,447.89000000000016,4.281000000000003,5.0,2.0,4.0,0.5639537765926361,1.0,88.76,0.07371517717838287,0.23693581521511078,0.9135611653327942,0.06118503734469414,0.235418501496315,0.3043509483337402,0.7628678798675537,0.024086168594658376,0.01565865147858858,0.3932242453098297,0.27960619032382966,0.22734755426645278,0.0669455848634243,0.9210479497909546,0.9963713645935058,0.023080158047378063,0.0705715250223875,0.24557636082172393,0.21066125631332397,0.016998629085719585,0.06658241301774978,0.1749399334192276,0.7388055443763732,0.3940649449825287,0.17016831338405608,0.018285880144685508,0.036870335787534715,0.40542461574077604,0.08969953171908855,0.056792988628149035,0.31176323592662813,-4.882390086789877,18.637153775469194,21.325078792343533,22.79490668941279,-10.008552086887926,2.9010185497127265,1.3126951890807206,87.69279747811535,-5.703354831711455,11.894447986315663
6584fa56f4f8bcc4018d04cc73c035cf,CC(C)N1CCC[C@H](Cn2c(C)nc3ccc(Oc4ccc(F)cc4)cc3c2=O)C1,409.50500000000017,4.756720000000005,5.0,0.0,4.0,0.6097787500798146,1.0,47.36,0.608785355091095,0.9863470077514649,0.9471104741096497,0.30443769991397857,0.08505967333912849,0.17411722093820572,0.1338238775730133,0.7919029116630554,0.8432926297187805,0.8752121090888977,0.5220122754573822,0.1894021973013878,0.8691454648971557,0.3215788722038269,0.9998302936553956,0.007971673924475908,0.03651019465178251,0.12391203492879868,0.08574083000421524,0.007876756880432368,0.06022491529583931,0.0017636872100410983,0.9870166778564453,0.9672327280044556,0.15666196048259734,0.007871534349396825,0.013973778206855058,0.021013137884438038,0.005367620789911598,0.3080902546644211,0.9894164323806762,-4.763193547368556,18.47153449363503,7.109674776952412,10.60354039839657,-7.904807280621351,3.1955046932829125,2.9004112484790623,89.74424582935514,-3.8756249478837552,0.35102486015160855
c90e80f1b6546bf5bf05dbed4d2177b9,CNC(=O)c1cc(Oc2ccc3nc(N[C@@H]4CCCC[C@H]4O)sc3c2)ccn1,398.4880000000001,3.558600000000002,7.0,3.0,4.0,0.6081261003732549,2.0,96.37,0.5149608790874481,0.5745557188987732,0.9114584565162659,0.5739389419555664,0.2856458187103271,0.5355716288089752,0.3422257363796234,0.18118904531002045,0.029432463832199572,0.4199919641017914,0.42250474393367765,0.14179248064756395,0.2274745374917984,0.9530666828155517,0.9996791243553161,0.039334771875292066,0.062007180601358416,0.815084433555603,0.3445459991693497,0.023662093468010424,0.2864629298448563,0.09502007141709327,0.9062275290489197,0.5498991370201111,0.7086935639381409,0.39527793526649474,0.1755981847643852,0.9349523782730103,0.5539052188396454,0.2704441249370575,0.6909209907054901,-5.057300962659525,35.57642577763702,32.27708439337555,68.86369759051928,-14.447839185336212,2.582734206995492,3.377939902997152,98.83934512621994,-4.804847440706783,9.308205735863854
5d2e2f07d66f4488add383f9420d18bb,Nn1cnc2cc3ccccc3cc2c1=O,211.22399999999996,1.2634999999999998,4.0,1.0,4.0,0.44957570650044265,0.0,60.910000000000004,0.8376961469650268,0.8752007842063904,0.9071219086647033,0.9474209308624267,0.3951310455799103,0.303786438703537,0.13650566786527635,0.17320127189159393,0.03691861927509308,0.4684441745281219,0.2741708427667618,0.19521149396896362,0.13978612720966338,0.9685831308364868,0.9999474048614502,0.035407894663512705,0.07580171972513199,0.8626089334487915,0.16016443818807602,0.10156428702175617,0.4314936250448227,0.03740800209343433,0.9209978818893433,0.09551089480519295,0.36847188472747805,0.3350577145814896,0.06207694485783577,0.1550416097044945,0.11898191384971142,0.7228400230407714,0.26301848590373994,-4.7009183155046745,28.657102663458836,24.18735145355128,-2.2572761010426925,-13.587935623890544,2.282294998400646,1.5270311937740928,78.34333790623326,-2.9485324944286218,2.333413292410593
5eb17d5011f4a859b9993c34a8bfdbbd,CC(=O)N[C@@H](C=O)[C@@H](O)[C@H](O)[C@H](O)CO,221.209,-3.234999999999999,6.0,5.0,4.0,0.29995584914552287,4.0,127.09000000000002,0.3845119774341583,0.30741765797138215,0.40336608290672304,0.0006958971207495779,0.0052308960584923625,0.026589727494865656,0.0005084472126327455,0.038531894446350634,0.0005294822716678027,0.07857222370803356,1.0104298689839198e-05,0.08197163343429566,0.02007094998843968,0.05528797581791878,0.12010825052857399,0.028918930515646934,0.03089956883341074,0.00021531025122385473,0.00028235166100785134,0.010964006558060646,0.12494364380836487,0.00019481392082525416,0.04038982966449112,0.0013014635420404374,0.018365126056596636,0.0003316457034088671,0.0004879325279034674,0.0011229745854507201,0.013195021310821176,0.3028413772583008,0.01359890034655109,-5.7835414062913895,26.369937142860472,-0.03466079168799041,13.341988804817607,-21.64728829273714,1.0842860141062984,-1.5434408156097021,16.2374809612765,-0.02683740642884631,-5.4647074903486486
10f25b93f0df1b5d1506b8438d1df247,CN(C)\N=N\c1nc[nH]c1C(N)=O,182.18699999999998,0.0688999999999999,4.0,2.0,4.0,0.5105305434356862,0.0,99.72999999999999,0.9220406293869019,0.9424469113349915,0.9421508550643921,0.34065102487802507,0.009669402241706848,0.10441122651100158,0.006509636098053306,0.04844590462744236,0.00879431440262124,0.248631489276886,0.001499721483560279,0.35791959464550016,0.04791832128539682,0.626206886768341,0.9999024629592895,0.0010135571807040832,0.0023964458450791426,0.26601498275995256,0.002009383158292621,0.004264065343886614,0.04874710030853748,0.000238489683761145,0.6703772425651551,0.009453719388693571,0.023812702111899852,0.0026513516379054634,0.03446658244356513,0.02063694279640913,0.01377658722922206,0.8619917035102844,0.047141148895025256,-4.9291562505109905,5.3591753369876685,3.5280642956560455,-17.223418441450896,-17.063663881451994,2.981550257316062,0.2086826437927663,39.55292433183211,-1.2495933382789335,0.7855235890568152
e6b27eb3f79c1f9bcaa95110478e1bd7,COc1ccc(CCc2nc3cc(ccc3n2C[C@H](C)N2CCOCC2)-c2c(C)noc2C)cc1Cl,509.0500000000004,5.476040000000006,7.0,0.0,2.0,0.31397589159825323,1.0,65.55,0.51195387840271,0.5945514976978302,0.8666178584098816,0.10285092517733574,0.712403130531311,0.11180719435214996,0.44814358949661254,0.16526794731616973,0.5461211144924164,0.936442244052887,0.9404028058052063,0.15665737092494963,0.577860301733017,0.6782849311828614,0.9994215488433837,0.003544759261421859,0.0057706878753378986,0.4487350881099701,0.3702504426240921,0.029630386922508477,0.039433542639017105,0.019481068849563597,0.9504925370216369,0.976682472229004,0.7334784388542175,0.012727067433297634,0.29850026667118074,0.143966244161129,0.06203863844275474,0.3418878108263016,0.9626790881156921,-4.924099573174185,7.612453392790772,26.443507423041332,34.80103756911277,-7.855846038574208,3.032291124113265,3.6092301563426523,95.00572675674935,-4.427306717619008,8.630078767357029
dcc30892aac974922be5f24b5b043adf,Nc1ccc(cn1)C(=O)Nc1cccc(c1)-c1nc(N2CCOCC2)c2oc3ncccc3c2n1,467.4890000000004,3.504100000000002,9.0,2.0,4.0,0.4073417143227323,0.0,132.29,0.3722344934940338,0.271015103161335,0.8962608218193054,0.21511418223381043,0.14828897565603255,0.1673217624425888,0.13728096336126328,0.03827592022716999,0.03047778494656086,0.39179715812206267,0.5579296171665191,0.18563527353107928,0.341829976439476,0.9941836595535278,0.9956588745117188,0.03352639339864254,0.0547112837433815,0.5910754144191742,0.3679382801055908,0.04259418249130249,0.12460342571139335,0.05731422379612923,0.8341663479804993,0.3629306524991989,0.715844702720642,0.20984357297420503,0.058407341875135896,0.6269261717796326,0.5376023054122925,0.27396354675292967,0.8877680897712708,-4.938333873892918,24.006361868234613,32.81831918038683,48.79513274813915,-12.788117357923829,2.899189060019168,3.3699936031946924,96.91591599430174,-4.727233122796202,4.795104863960522
e4c812278f5e01bcc392ab2d1fb6cd30,CCn1cc(-c2cccc(c2)C(F)(F)F)c2sc(cc2c1=O)C(=N)NC1CCS(=O)(=O)CC1,497.56400000000025,4.260870000000003,6.0,2.0,4.0,0.41625299715783765,0.0,92.02000000000001,0.5653986632823944,0.8044814944267273,0.8386451959609985,0.3180637538433075,0.38264811635017393,0.48237754702568053,0.42534421682357787,0.391435569524765,0.08088538609445095,0.6911272168159485,0.7440171360969543,0.6354640126228333,0.5301416635513305,0.9164670944213867,0.9876622080802917,0.025046868622303008,0.02778442148119211,0.036673891358077526,0.30251940339803696,0.04528081268072128,0.07605030983686448,0.25076076090335847,0.7499363899230957,0.812775194644928,0.577470451593399,0.08904949501156807,0.06996612250804901,0.6874138712882996,0.47848330736160277,0.23855330497026445,0.8865124583244324,-5.688435001465921,0.2894207262246624,3.2559695263338737,91.38866243737264,-10.360203919643972,4.20556097937215,2.486091906096142,90.36845568214173,-3.5614249981189388,-3.2529690521074164
ed4f66b32e254fdf0f4dc502c296badf,CC(C)(O)c1cc(Nc2cc(Oc3cn(nc3C3CCOCC3)C3CC3)ccn2)ccn1,435.5280000000003,4.665300000000003,8.0,2.0,4.0,0.5570318135791675,0.0,94.32,0.35561737716197966,0.7797644138336182,0.9478363513946533,0.0626211516559124,0.37420479357242586,0.27269684374332426,0.3639142572879791,0.1969148725271225,0.06565173268318177,0.7621498703956604,0.6154630422592163,0.22621529698371887,0.5972281098365784,0.8084575653076171,0.9995780110359191,0.004459781059995294,0.015181598067283631,0.26045990735292435,0.3134124279022217,0.01774817444384098,0.07552963718771935,0.01770491907373071,0.9393588662147522,0.5112689912319184,0.6173679947853088,0.045190388523042205,0.06932538896799087,0.6255478978157043,0.16960490196943284,0.12379935085773468,0.6520108103752136,-5.056002451492131,33.9055298260228,58.78720507590651,-5.487124894681427,-9.713352079216776,3.236096680987913,3.4283082807343583,92.18834347663119,-5.077450254596167,10.334348038538666
3fe03bca9b69bc4215f5efc110da74ee,CC(C)(C)C(=O)C(Nc1ccc(Cl)cc1)=NNc1ccc(Cl)cc1,364.27600000000007,5.446100000000003,3.0,2.0,3.0,0.431138936591189,0.0,53.49,0.042264089733362195,0.746830153465271,0.881817364692688,0.8028090476989747,0.9072866678237915,0.3657247871160507,0.8170841574668884,0.1252626970410347,0.5921207666397095,0.749126386642456,0.6571642160415649,0.7366052746772767,0.02061751242727041,0.7172540724277496,0.9999713182449341,0.0035981997731141745,0.0049359423690475525,0.7315570473670959,0.5402782261371613,0.055165305733680725,0.18930846452713013,0.05165035091340542,0.9284661531448364,0.4761876165866852,0.8035968899726867,0.03084080256521702,0.2103554427623749,0.9885276079177856,0.36083615124225615,0.5500963747501373,0.7123789429664612,-4.928981565317966,64.9171700440056,39.40181113201405,70.53174716140788,-7.692436039201581,3.1407127542934377,3.580233626355595,103.5648844524432,-6.273483957541318,19.146764256831293
cd231908fe40c6431b06fe9bdd2c4ae2,COc1cc2c(nc(nc2cc1OCCCN1CCCC1)C1CCCCC1)N(C)C1CCN(CC1)C(C)C,523.7660000000005,5.859800000000007,7.0,0.0,2.0,0.36162927728205907,0.0,53.960000000000015,0.3615169942378998,0.9922082901000977,0.7581620216369629,0.030017065536230802,0.012650508666411042,0.05529360547661781,0.003804947261232883,0.8119210243225098,0.7810349345207215,0.8532191157341004,0.06243939381092787,0.05605165353044868,0.5098182857036591,0.25910828113555906,0.9920646667480468,0.001313728519016877,0.004380999808199703,0.24027953073382377,0.06578977666795253,0.004626577999442816,0.038430627807974814,0.00041882844525389375,0.9537110805511475,0.8273261427879334,0.19376817792654039,0.011096371337771416,0.03471749424934387,0.09064760021865367,0.018127807602286338,0.46906363368034365,0.9873160481452942,-5.0608207454153975,20.987116722777706,42.931729090990416,1.601456370439069,-7.077067583481947,3.5949507372616596,2.2568427011903234,81.24258359678319,-2.732546692851722,14.618442331511726
42e82d84c7456d76e9c787e36e70fbae,[H][C@]1(O[C@H]2O[C@H](CO)[C@@H](O)[C@H](OC(N)=O)[C@@H]2O)[C@@H](O[C@H]([C@H](NC(=O)c2nc(nc(N)c2C)[C@H](CC(N)=O)NC[C@@H](N)C(N)=O)C(=O)N[C@@H](C)[C@H](O)[C@@H](C)C(=O)N[C@H]([C@@H](C)O)C(=O)NCCc2nc(cs2)-c2nc(cs2)C(=O)NCCC[S+](C)C)c2c[nH]cn2)O[C@H](CO)[C@H](O)[C@H]1O,1415.576,-7.7035800000000325,31.0,20.0,1.0,0.015025866135446675,19.0,627.0699999999998,0.4683121532201767,0.08747547641396522,0.23908827006816863,0.0009082393851713277,0.00816326409112662,0.02553480677306652,0.010834648925811052,0.021829814929515124,0.03280393518507481,0.5560643255710602,0.23600177168846131,0.032251729257404806,0.45421589016914365,0.604752779006958,0.08854968659579754,0.055629250779747966,0.17683958858251572,0.008823146158829332,0.02727881371974945,0.07466566041111947,0.14482210129499434,0.004529060749337077,0.04718259759247303,0.13225546330213547,0.12471341192722321,0.10985795855522155,0.006971791468095035,0.03251695465296507,0.3477210342884064,0.09020117446780204,0.784987998008728,-6.648090453758366,50.28497875596185,63.65017678288105,-24.793008806031246,-18.294140246610244,2.036705859761498,1.056767118925863,65.91736862085807,-2.417338492535767,-2.7979439991238912
a20d1534760703bbcdde6fc1b5ce9f74,COCCOc1cc2ncnc(Nc3cccc(c3)C#C)c2cc1OCCO,379.4160000000002,2.7510000000000017,7.0,2.0,4.0,0.43668147159238385,0.0,85.73,0.6671150088310241,0.4898897886276245,0.8905901312828064,0.6849827408790589,0.20499681532382966,0.30815203189849855,0.14606613367795945,0.2686195336282253,0.15728443376719953,0.5203336238861084,0.8809780955314637,0.25139565765857697,0.3132568344473839,0.9296100497245788,0.9986093163490295,0.04534668829292059,0.084147859364748,0.8634209275245667,0.38426226675510405,0.05533220022916794,0.1411001466214657,0.039917280152440074,0.8022238731384277,0.5771722495555878,0.6525100946426392,0.2135852247476578,0.06032919250428677,0.4131397545337677,0.3431788206100464,0.21087169051170349,0.9002142667770385,-4.8279414326219525,24.908514823960058,12.155182753251136,24.540733668179648,-11.437870359442034,2.1385526941742707,2.6779290132033458,89.03689013183524,-3.244632130501084,12.61069369425173
ef7805384d6d961197f97aea3d820199,Clc1ccc(cc1)-c1nc2sccn2c1\C=N\OCc1ccc(Cl)c(Cl)c1,436.7510000000002,6.573700000000003,5.0,0.0,3.0,0.2618907632383042,0.0,38.89,0.18358503133058549,0.6108322978019715,0.7531141996383667,0.9557834744453431,0.9483171105384827,0.2074697881937027,0.7725412726402283,0.05128615647554398,0.18486743420362473,0.4851125001907349,0.4578263103961945,0.22715177536010742,0.026021162047982216,0.8785215139389038,0.9998633980751037,0.03072058577090502,0.040301561914384366,0.891886305809021,0.597490006685257,0.06697107926011085,0.38119298219680786,0.23581819832324982,0.8579547047615051,0.9275782346725464,0.892274534702301,0.2117977112531662,0.682797884941101,0.7035120606422425,0.13627554774284362,0.5223998844623565,0.6770734012126922,-4.790864170831289,25.437576143190796,1.306999963519567,6.547733998150571,-6.419855756219718,1.8390886121005081,3.7514416504604284,104.44273365766728,-6.284578912166458,3.3217081999432265
22d3fd2dfdb1ab7ff0db2e79ecea315f,Oc1c(Br)cc(Br)cc1C(=O)Nc1ccc(Br)cc1,449.9240000000001,4.932000000000001,2.0,2.0,4.0,0.6824612195113208,0.0,49.33,0.13971130251884462,0.5940518617630005,0.8395708560943603,0.9496335983276367,0.6729427814483643,0.43153855204582214,0.9005760669708252,0.23227915465831755,0.1864943265914917,0.658333820104599,0.17120413184165956,0.6463984429836274,0.005974453873932362,0.9501659035682678,0.9998514890670777,0.004818435676861554,0.02855328693985939,0.790701973438263,0.09029462710022926,0.03678247332572937,0.33047364056110384,0.14694584906101227,0.7536773562431336,0.14239149093627929,0.8613811373710633,0.08471249043941498,0.6019944012165069,0.9907834768295288,0.7520485997200013,0.8437653303146362,0.5572771787643432,-4.887595459198254,83.45898336524448,40.45350229537114,41.15628705843285,-9.799157535377335,2.5778797967335496,3.9728516508834866,106.61956112956655,-5.700603505700899,-5.6653100240086625
425a308283dd5bb294c515abae00c6a6,Cc1ncc(n1C[C@@H](CN1CCOCC1)OP(O)(O)=O)[N+]([O-])=O,350.268,-0.09017999999999982,8.0,2.0,4.0,0.3919277783536205,1.0,140.19000000000003,0.5630033433437347,0.8958657026290894,0.7362058281898498,0.000706179470216739,0.03949472731910646,0.03892269805073738,0.006370480885379948,0.021639472618699074,0.22154569253325462,0.16279782652854918,0.004399323386132891,0.0380221851170063,0.5611397057771683,0.14186073057353496,0.664724025130272,0.0029500499949790537,0.004784801136702299,0.0019756455265451224,0.007302903663367033,0.04048266187310219,0.146214759349823,0.0001857654510104112,0.16768696643412112,0.010628587729297579,0.058525484055280685,0.0015669672580770565,0.0012199829187011346,0.0009541612600514782,0.006204610480926931,0.5730634450912475,0.1910085568204522,-5.372671576003358,24.4742353632816,-7.491279793658023,-8.818043931965311,-13.776169347426436,1.6668879219798256,0.28334603517310414,37.61971715221802,-0.5937877115282826,1.9212761933065512
05b261e544e91ddd8b8b742864615aed,CCCCCCCCC(=O)N[C@H](CN1CCCC1)[C@H](O)c1ccc2OCCOc2c1,418.5780000000002,3.8224000000000027,5.0,2.0,4.0,0.5050782543404829,2.0,71.03000000000002,0.19284555613994597,0.7198099136352539,0.47201564311981203,0.19145618230104447,0.25508429408073424,0.0636235024780035,0.0815734975039959,0.6831545352935791,0.9310775756835937,0.7509273052215576,0.8136008501052856,0.1045197993516922,0.45367531180381776,0.18703826814889907,0.9942384123802185,0.016829758975654842,0.05440150015056133,0.1632232904434204,0.05387838482856751,0.013055247906595468,0.11354102194309235,0.006374501064419747,0.850117564201355,0.9579476833343505,0.3324264496564865,0.006486771069467068,0.05338834375143051,0.10602389723062515,0.03499382939189673,0.4497346818447113,0.9297381997108459,-5.204062587784459,49.505640126689435,78.2162048730526,20.71137314310881,-9.033949866426811,2.9559683008147495,2.601821749303048,91.4983322911949,-4.342958212146759,2.3872977221644436
008dcf06e8fb9e82e163f6f4f86d1eaf,CCCC(CCC)C(=O)NCC(N)=O,200.28199999999998,0.8043,2.0,2.0,4.0,0.6378356462317488,0.0,72.19,0.13928562588989735,0.967379367351532,0.9122779846191407,0.006877404311671853,0.009653647989034652,0.08816209062933922,0.0011905486055184156,0.11117500364780426,0.0010542793694185092,0.3009598046541214,0.0008203217323170975,0.5062609910964966,0.008234862238168716,0.07554192133247853,0.9943971395492553,0.0031874589854851364,0.008669025124981999,0.0009261888983019162,0.00033590567618375645,0.0049867132096551355,0.05879751592874527,0.0005869721790077165,0.6617396235466003,0.001154380102525465,0.006198380375280976,0.00019248942116973923,0.002465334557928145,0.00032149325488717295,0.0007161565910791979,0.6719537794589996,0.023105886206030844,-4.667701215814016,36.24540756471703,17.231808798870315,-0.6269861140935831,-10.94677982560666,1.9245062429631203,1.1781731410176293,40.44404971943149,-1.482513689851932,-3.4630974140287734
7c7edce48fbb819f82b50f9aa2ef2caa,CC[C@H](C)[C@@H]1NC(=O)[C@H](Cc2ccc(O)cc2)NC(=O)[C@@H](N)CSSC[C@H](NC(=O)[C@H](CC(N)=O)NC(=O)[C@H](CCC(N)=O)NC1=O)C(=O)N1CCC[C@H]1C(=O)N[C@@H](CC(C)C)C(=O)NCC(N)=O,1007.2069999999994,-3.608600000000008,15.0,12.0,1.0,0.0671097194976186,9.0,399.5299999999999,0.2546447902917862,0.04611146859824657,0.38785929083824155,0.003072765644174069,0.03386441471520811,0.07601248510181904,0.010811520798597485,0.11490551531314849,0.023942235205322505,0.7833450078964234,0.46609588265419005,0.07882575057446957,0.08391521833837032,0.32735565751791,0.19280285015702248,0.06431198567152023,0.05990920588374138,0.004576841037487611,0.006563749955967068,0.3258931040763855,0.3105384916067123,0.030092129856348036,0.15051889196038246,0.14378963634371758,0.2193503499031067,0.07881825789809227,0.059453122317790985,0.02289649788290262,0.19316352754831315,0.1665635362267494,0.14011307582259178,-6.530505766339286,22.132587119400604,75.86548539244227,-24.060619482842373,-10.848178888837964,3.081754406892216,1.2976341935012876,81.49012111864721,-4.59653507008709,1.8831725558347028
40409d6d90975c90bc735d292ad97c0b,Fc1ccc(CN2CCC(CC2)Nc2ncnc3sc(Cl)cc23)cc1C#N,401.89800000000014,4.431980000000004,6.0,1.0,4.0,0.7000285588704614,0.0,64.84,0.5004772365093231,0.9736889362335205,0.8431474208831787,0.29081609547138215,0.5296093463897705,0.20665212273597716,0.3420961081981659,0.411559596657753,0.5020068883895874,0.6581997990608215,0.46172404289245605,0.27429220378398894,0.8863014221191406,0.7879661202430726,0.9992530703544616,0.018809384293854238,0.024083525501191617,0.24335495829582215,0.2566980570554733,0.08183250389993191,0.11863179802894593,0.019954038597643376,0.9456772685050965,0.6603308200836182,0.474563729763031,0.06930378191173077,0.04027862474322319,0.13828181773424147,0.27050992250442507,0.3361830562353134,0.9268274068832397,-5.037799147111917,48.79034351397002,37.56539801654782,12.82793596423194,-10.198308203757048,2.7848473883840716,3.3624140286694,99.71429574184297,-4.9528860994683255,-1.2858949558292327
f4e1cca74ffa20b4c91e35f09ceced6b,COc1cc(CNCCC2CCOCC2)ccc1Oc1cnc(cn1)C(N)=O,386.4520000000001,2.2826999999999997,7.0,2.0,4.0,0.636485673464635,0.0,108.59,0.372046571969986,0.8801441788673401,0.9441519498825073,0.04850947093218565,0.049152838066220284,0.1261315129697323,0.03676892034709454,0.2851925641298294,0.15243498422205448,0.7329715967178345,0.15694127678871156,0.05791554003953934,0.6826321899890899,0.48967390060424804,0.9982767701148987,0.006540256598964333,0.02396668903529644,0.02710505500435829,0.01753134708851576,0.01720433672890067,0.0655224196612835,0.002944352920167148,0.824132251739502,0.2329712003469467,0.09388841688632965,0.007840024121105672,0.0106406569480896,0.004729528119787574,0.012938595283776522,0.167814040184021,0.5761405408382416,-5.36962292442478,35.289086407401435,14.318810456473347,-18.16186700171996,-11.980735309083352,2.303683036314658,0.6748590639506072,71.22139352575931,-2.682595730358589,8.202506033242857
405eb0d42eafa06dfff8311d4d75227e,CC1(C)CCC2(CC1)N[C@H]([C@H](c1ccnc(Cl)c1F)[C@]21C(=O)Nc2cc(Cl)ccc12)C(=O)N[C@@H]1CC[C@H](OC1)C(N)=O,618.5369999999999,3.961100000000002,6.0,4.0,3.0,0.3835329579286709,5.0,135.44,0.4573740780353546,0.9059311032295227,0.880620813369751,0.005462207342498004,0.07379695288836956,0.0353725902736187,0.060334818251430986,0.027186212688684465,0.02056712657213211,0.8655076026916504,0.7058315813541413,0.09354122504591941,0.4323269069194794,0.7772802710533142,0.9966954708099365,0.08350234925746917,0.21267117261886598,0.03537479005753994,0.3284351497888565,0.06455680392682553,0.1163870006799698,0.05550413653254509,0.8544672012329102,0.34256301522254945,0.48978031277656553,0.24387944340705872,0.060557789728045465,0.5118023157119751,0.48437572717666627,0.10643235519528389,0.4986055552959442,-5.661973742885873,28.218916311784188,73.128064414084,43.78298417639883,-10.293677351937594,3.580814302639149,2.803547301684911,95.35633849000229,-5.201709041631583,12.032251475496228
8d1e1aefa7fe0dd345ec3fcd715e8cc3,CC[C@H](C)[C@@H]1NC(=O)[C@H](Cc2ccc(OC)cc2)NC(=O)CCCSC[C@H](NC(=O)[C@H](CC(N)=O)NC(=O)[C@H](CCC(N)=O)NC1=O)C(=O)N1CCC[C@H]1C(=O)N[C@@H](CC(C)C)C(=O)NCC(N)=O,988.1789999999995,-2.5009000000000112,13.0,10.0,1.0,0.0728474283778534,8.0,362.50999999999993,0.14727414399385452,0.04473164565861225,0.5965014696121216,0.0009220021296641789,0.024976584664545953,0.07425641622394323,0.00794569028657861,0.0849441260099411,0.00797064983053133,0.7971174955368042,0.6820635557174682,0.08719386458396912,0.0776710718870163,0.5533922374248504,0.3102459631860256,0.037186600267887115,0.0488623857498169,0.002819838110008277,0.005529863433912397,0.13877349421381951,0.16930257976055146,0.0400249969214201,0.3049803480505943,0.2752439945936203,0.20801861584186554,0.03725119810551405,0.01942453198134899,0.015466560132335872,0.16846171021461487,0.09211017787456513,0.18019557520747184,-6.24367346867267,25.686789650589787,87.5254620073737,9.624317140988898,-11.786775889514207,3.2577056515144753,1.048055732069614,72.78460808310606,-4.365481111800874,4.222848383846862
fb4b83ee0bc082a7a1a3d9b5ab9ec084,CCN(CC)Cc1cc(Nc2ccnc3cc(Cl)ccc23)ccc1O,355.8690000000001,5.179200000000004,4.0,2.0,3.0,0.5980257885078599,0.0,48.39,0.6175756931304932,0.908840024471283,0.771349036693573,0.9030033349990845,0.3417023241519928,0.24044416546821595,0.17024679034948348,0.6445526123046875,0.8668871402740479,0.6379135370254516,0.19249647222459315,0.4242350608110428,0.5035511970520019,0.6364972591400146,0.9976192712783813,0.027910913713276385,0.012647732812911271,0.49240491092205046,0.17062495946884154,0.0676652193069458,0.09842120930552482,0.025884710438549518,0.8053096175193787,0.5760254740715027,0.482551634311676,0.040766123309731485,0.22006573677062988,0.4707962930202484,0.5437480628490448,0.6466124951839447,0.9261451959609985,-5.111450892075923,64.01873959643348,79.9356823230574,140.42296797635683,-10.77498962813822,2.762336601016483,2.57882209191797,99.18749505552798,-4.522196896116837,28.271372087477328
e801d574dcffaffb87c3626748a807a4,CCN1C[C@]2(COC(=O)c3ccccc3N3C(=O)C[C@H](C)C3=O)CC[C@H](OC)[C@@]34[C@@H]5C[C@H]6[C@H](OC)[C@@H]5[C@](O)(C[C@@H]6OC)[C@@](O)([C@@H](OC)[C@H]23)[C@@H]14,682.8110000000004,2.035100000000002,11.0,2.0,2.0,0.29181556786497787,14.0,144.3,0.11279900372028351,0.8842450618743897,0.4787886917591095,0.00032057817224995233,0.005385230691172182,0.018927770317532122,0.0019185635901521891,0.05508111882954836,0.015723870880901814,0.7887611985206604,0.05152677670121193,0.004350548586808145,0.4479363948106766,0.20895761847496033,0.9066760301589966,0.05042417459189892,0.17917425334453582,0.0030489345284877346,0.08162086140364408,0.005197274766396731,0.032886002818122505,0.0021904350549448283,0.816247570514679,0.0528012353926897,0.04544669166207314,0.011238951375707984,0.0012867831712355838,0.023328501218929886,0.07713539004325867,0.07297897227108478,0.7798215746879578,-5.247583318139851,112.86315406983574,65.16363167680619,27.91010133139549,-10.220466609093734,3.8201538402108626,1.6853040428451895,77.4957948555511,-4.100393704863301,4.8394039561048245
8ca5f0774ed54d0902191594e619efbf,COC(=O)c1ccc2n(CCCc3ccccc3)c(NC(=O)c3ccccc3)nc2c1,413.4770000000001,4.708000000000004,5.0,1.0,4.0,0.4455509053891264,0.0,73.22,0.4205984741449356,0.6820541858673096,0.7835215091705322,0.4609615921974182,0.9299684643745423,0.2685121864080429,0.9350659132003785,0.044714970886707305,0.33219036757946013,0.646455991268158,0.5980792999267578,0.2958645194768906,0.15515173077583314,0.9532692432403564,0.9992335200309753,0.01615545516833663,0.02788502424955368,0.6695611357688904,0.18487124145030975,0.02726962324231863,0.18426876664161682,0.06551329120993614,0.8771403312683106,0.9520488023757935,0.6230715870857239,0.18886772245168687,0.24084366261959075,0.7653364658355712,0.31576157808303834,0.34217322468757627,0.9019137024879456,-4.8280169537418605,123.24113212485815,123.88104804186199,23.360865273781222,-9.413784646007729,2.16776673341793,4.503628711326709,105.025380563313,-6.565214483344008,-1.6112152881777306
cb3448173ee810ada477d935f02bce13,NNC(=O)CSc1nc2scc(-c3ccccc3)c2c(=O)n1-c1ccccc1,408.50800000000015,3.196200000000002,7.0,2.0,4.0,0.17401128306089975,0.0,90.00999999999999,0.5544970691204071,0.7152492880821228,0.8627916097640991,0.5079126238822937,0.7441240191459656,0.6834949374198913,0.7952598452568054,0.12074780911207199,0.10548085570335389,0.49181629419326783,0.8614075779914856,0.35995619297027587,0.41304609179496765,0.9744528770446778,0.9968056917190552,0.03703548312187195,0.03773447014391422,0.5888740062713623,0.33575782775878904,0.052295466512441637,0.19818832278251647,0.3413449674844742,0.8454462885856628,0.7599154114723206,0.6419493556022644,0.25211849212646487,0.1740070402622223,0.5577041864395141,0.22327609360218048,0.5691911160945893,0.7045096397399903,-5.550235436665448,50.27481088672736,38.181311484057524,39.41867885261097,-10.256604346234127,2.7874425946419095,1.6314975094054138,85.08342779672778,-3.9310571778207803,-9.584256822723193
e88f095c3342b04e7122532bc1d27819,CCOC(=O)c1ccc(cc1)-c1ccc(OC(=O)N(C)Cc2cccc(c2)-c2ccncc2)cc1,466.53700000000015,6.223100000000006,5.0,0.0,3.0,0.3023942465849571,0.0,68.73,0.2057368576526642,0.42669970393180845,0.7166384816169739,0.3193152919411659,0.9084554672241211,0.337489852309227,0.8847247958183289,0.08234380409121514,0.10522636175155639,0.695122241973877,0.7401065468788147,0.3159929633140564,0.10785606205463409,0.9510323762893677,0.9989379644393921,0.009905412793159485,0.014843336772173643,0.3852806448936462,0.1808552086353302,0.04396524354815483,0.1743899703025818,0.0649411752820015,0.8885542869567871,0.9171438932418823,0.543865704536438,0.03479266501963139,0.15319399535655975,0.4861034631729126,0.0868311196565628,0.19701225757598878,0.8281551361083984,-4.747955474150646,90.72725035511955,103.6383275908941,-41.56538124693852,-8.429545789736926,2.384193726210623,4.595477370757362,105.01430283097015,-6.926037729920502,-5.822845098540585
bf5537fe811e80469e6a4262e4a423bb,CCCNc1nc(Nc2ccc(cc2)C#N)ncc1C#CCCCNC(=O)[C@H](C)N(C)C(=O)\C=C\CN(C)C,530.6770000000004,3.126380000000001,8.0,3.0,3.0,0.20488448163320178,1.0,126.27999999999999,0.29316146969795226,0.4120329737663269,0.44641117453575135,0.008880972606129944,0.23699175715446472,0.15032235458493232,0.12762471288442612,0.149942110478878,0.15049336701631547,0.8985899209976196,0.6933184742927552,0.2998259425163269,0.47962201237678526,0.658230209350586,0.8263370156288147,0.010850347485393286,0.01598900044336915,0.13104280084371567,0.09610390514135361,0.038862471282482144,0.025875508040189742,0.009690876211971044,0.8550500512123108,0.716578459739685,0.4004252105951309,0.05302879847586155,0.06576348803937435,0.27018011808395387,0.24833974391222,0.21713909953832627,0.9087052464485168,-5.279856859150254,60.19838732202911,88.51543919320677,60.40754183090171,-10.434305403301048,3.5129542668957305,2.7527178036220854,87.80839438212837,-4.383076443943709,14.871075680487035
94558d2356bc4d7b3d37bdd4a25211c6,ONC(=O)CCCCCCNC(=O)c1cnc(nc1)N(c1ccccc1)c1ccccc1Cl,467.9570000000001,4.785500000000003,6.0,3.0,4.0,0.21252946550956475,0.0,107.45,0.7419346690177917,0.7506718158721923,0.7519111394882202,0.22244433797895907,0.9006114840507508,0.2786083251237869,0.7869245648384094,0.09766214936971665,0.48379479348659515,0.850996196269989,0.8366428971290588,0.4671233415603638,0.6767405986785888,0.8403714776039124,0.9942636489868164,0.005578557774424553,0.010254137590527535,0.3399314284324646,0.29512330889701843,0.042468088865280154,0.09708546251058578,0.027165438607335092,0.8532802820205688,0.6497575759887695,0.6616605162620545,0.04643064141273499,0.16463194489479066,0.4851186156272888,0.36514772772789,0.47125518321990967,0.8782897233963013,-5.671487263611773,52.21344658669475,46.733754513412876,60.85608839963597,-9.62452321510015,2.453984238189512,2.8502528756742977,101.10499562771032,-4.367082169319971,6.648204953130123
aee8faa039dbefb82b0ea2ae4d033cd1,CC(=O)O\N=C1\C(=O)N(Cc2cc(Cl)ccc2Cl)c2ccc(Cl)cc12,397.64500000000004,4.4608000000000025,4.0,0.0,4.0,0.567315479988884,0.0,58.97,0.17340098023414613,0.9804612040519715,0.7446301102638244,0.9486487984657288,0.9762973427772522,0.39217911958694457,0.8967411279678345,0.0970306634902954,0.19923019111156465,0.7392513990402222,0.5594234764575958,0.3352227807044983,0.02989118080586195,0.9003987908363342,0.9998915433883667,0.012683783401735127,0.026241436041891573,0.6736380517482757,0.18711594939231874,0.019229974411427975,0.22568331882357598,0.06070852503180504,0.9780618667602539,0.7446560263633728,0.5386915981769562,0.0853621631860733,0.21812252551317216,0.8539609670639038,0.25023975372314455,0.6404703557491302,0.7303968071937561,-4.186726584794406,48.15493191414,37.501732266999646,47.3443927335882,-7.505764283578157,2.8829928665647366,3.7266432839632713,98.71199346511249,-6.873642773683208,-6.013299163787044
4b801620c0ff35e4a1afca7d64424953,N[C@@H](Cc1cc(I)c(Oc2cc(I)c(O)c(I)c2)c(I)c1)C(O)=O,776.8720000000001,4.5573000000000015,4.0,3.0,3.0,0.38815663223607033,1.0,92.78,0.1021081693470478,0.305802658200264,0.90552738904953,0.6878293037414551,0.0921954907476902,0.4640606701374054,0.4351008653640747,0.2816912800073624,0.12053136229515075,0.5783667087554931,0.09864126816391945,0.40442478060722353,0.14399260580539702,0.4756834328174591,0.9774702906608581,0.012512279581278563,0.03470498658716679,0.34837916791439055,0.08415553718805313,0.1356212802231312,0.2500298172235489,0.4709903061389923,0.45759089589118956,0.16862484961748123,0.26785329580307005,0.024375532288104296,0.1487136408686638,0.3206255346536636,0.1549704499542713,0.40632193982601167,0.43128194510936735,-5.7980187750993695,27.262335033825174,-3.924718141843074,28.92519847478984,-8.628255327038007,3.489908280246766,1.3752544556527375,96.06959952680363,-4.294636210808163,-5.617768815056662
1e5861de6b2e5fde586d7ec0db5f08c5,CCCn1c(=O)[nH]c2nc([nH]c2c1=O)-c1ccc(cc1)S(O)(=O)=O,350.35600000000005,0.7365999999999999,6.0,3.0,4.0,0.5932489744552902,0.0,137.91,0.2156854271888733,0.4009894073009491,0.6691196322441101,0.07144594974815846,0.01170026883482933,0.2861518755555153,0.028277783654630184,0.10113603696227073,0.01449855591636151,0.16606295704841614,0.0037853096873732284,0.5573379099369049,0.5197138369083405,0.9606294631958008,0.6943727195262909,0.018843108601868153,0.02432568185031414,0.034183889999985693,0.007187844766303897,0.017464885860681532,0.08871856406331062,0.0019532628735760226,0.15306268259882927,0.21558755934238433,0.09361131265759468,0.018537413608282805,0.01137323398143053,0.030871649831533433,0.07829150706529617,0.27182949483394625,0.21751508712768555,-5.292300938697236,-6.018810481974545,-20.853914492013672,160.14764419482373,-15.125786945287036,2.284648615486295,0.5008605488924989,85.4027507950014,-2.995023343199635,0.5884978588240186
96da0b9cd252d1889f0134900512884b,OC[C@H](O)[C@H](O)[C@H](O)CO,152.146,-2.9463000000000004,5.0,5.0,4.0,0.2963895134660185,3.0,101.15,0.16673493906855583,0.35206946134567263,0.38714335262775423,0.0008064738271059468,0.002157504275237443,0.02015563815366477,0.0012886847554909764,0.0277791922329925,0.00022230156050682127,0.04756644289009273,8.57173948425327e-06,0.03737780079245567,0.0026271061764418847,0.008010523859411478,0.08910318426787853,0.009637720603495836,0.006316652614623308,0.00046654913130623755,0.0006290488989179721,0.025461067794822156,0.060026828572154044,0.00013493114682887607,0.14701569059398026,0.000895010832027765,0.013365597015945242,0.0001340345345965943,0.0001752823371134582,0.002219160948470744,0.001965130578537355,0.21694231256842614,0.02235539167195384,-5.424862357037316,59.74576134107781,4.09429568415235,0.7426019927401107,-21.56302360836864,0.7455811869543203,-0.1436124769739245,21.05224080034878,0.6925235995067517,-3.5857250272646866
9a94752bbb1e6cff0a0b568d2e4e6477,Cc1cc2c(cccc2n1-c1nc2CCOCc2c(NCc2ccccc2)n1)C(N)=O,413.48100000000005,3.512620000000001,6.0,2.0,4.0,0.5220513064861424,0.0,95.06,0.6416274309158325,0.8953595757484436,0.954641592502594,0.5888653576374054,0.6363267183303833,0.27159799039363863,0.4685647189617157,0.2310386046767235,0.1881797879934311,0.836277711391449,0.7887690901756287,0.2700605899095535,0.4679507911205292,0.913291585445404,0.9998319983482361,0.04736533872783184,0.059011227637529376,0.504254686832428,0.2270697236061096,0.06667001694440841,0.13395590335130692,0.03293826691806316,0.9578094482421875,0.8229844570159912,0.5248334228992462,0.2251804530620575,0.06493573039770126,0.3901506870985031,0.44658703207969663,0.12539145052433015,0.8586963653564453,-5.153863792264962,33.894379443582224,94.52062148349496,9.196491408310958,-10.793637373227659,3.057880075075292,3.3483299861773546,98.99688983497026,-4.715471446438405,-0.07975475337357336
d52024694e67935dd7988b74de66bd97,Cc1cc(Nc2cc(N)ncn2)c(=O)n2c1C(=O)NC21CCCCC1,340.3870000000002,1.6328199999999995,7.0,3.0,4.0,0.765293658872046,0.0,114.93,0.4969901442527771,0.7682492136955261,0.9747151255607605,0.015160977328196167,0.052165313996374606,0.330184081196785,0.0386447686702013,0.0766663335263729,0.006305397243704647,0.5202590703964234,0.10951932296156883,0.2112007737159729,0.4092101097106934,0.9135675311088562,0.9991414070129394,0.01096929181367159,0.0552440844476223,0.11678549870848656,0.03768966980278492,0.024598484952002765,0.20731029361486436,0.0017387663596309722,0.7562017798423767,0.029392503760755063,0.09059411138296128,0.04897696450352669,0.010161936841905117,0.07779460772871971,0.09020243808627129,0.1732398271560669,0.2332424208521843,-5.154360474517195,-16.41786771056425,0.5292492477136029,23.615372138458827,-13.837744685865573,2.8174693534707576,1.492455181767112,71.7743139534441,-3.9942619526558127,-0.8002218851441751
0ca383dad882734b2768f9a18e0ba960,COCc1nn2c(CN3C[C@@H](CC(F)(F)Cl)CC3=O)c(nc2s1)C(F)(F)F,432.80200000000013,3.526200000000002,6.0,0.0,4.0,0.5173998554293102,1.0,59.730000000000004,0.5846873492002487,0.9945334553718567,0.8383435487747193,0.20382052212953566,0.5092106461524963,0.07039083503186702,0.43445279598236086,0.12087413519620896,0.06156537234783173,0.844403338432312,0.5285328447818756,0.06694865338504315,0.3207829356193542,0.6096496760845185,0.9999720335006714,0.013794135488569736,0.017999002896249294,0.05092592686414719,0.316775718331337,0.02703858632594347,0.06748749352991582,0.022536054719239473,0.9914960503578186,0.6608290791511535,0.6445568084716797,0.03494113087654114,0.03630677592009306,0.013400797871872783,0.04006368517875671,0.2750864565372467,0.7724218726158142,-4.634005202431981,38.73612239241874,44.09079626597584,-0.7939986530128962,-6.735504446211496,3.164586276790522,2.5813645219733194,73.10663670373793,-4.1389658077870335,2.103663585594372
dcc30892aac974922be5f24b5b043adf,Nc1ccc(cn1)C(=O)Nc1cccc(c1)-c1nc(N2CCOCC2)c2oc3ncccc3c2n1,467.4890000000004,3.504100000000002,9.0,2.0,4.0,0.4073417143227323,0.0,132.29,0.3722344934940338,0.271015103161335,0.8962608218193054,0.21511418223381043,0.14828897565603255,0.1673217624425888,0.13728096336126328,0.03827592022716999,0.03047778494656086,0.39179715812206267,0.5579296171665191,0.18563527353107928,0.341829976439476,0.9941836595535278,0.9956588745117188,0.03352639339864254,0.0547112837433815,0.5910754144191742,0.3679382801055908,0.04259418249130249,0.12460342571139335,0.05731422379612923,0.8341663479804993,0.3629306524991989,0.715844702720642,0.20984357297420503,0.058407341875135896,0.6269261717796326,0.5376023054122925,0.27396354675292967,0.8877680897712708,-4.938333873892918,24.006361868234613,32.81831918038683,48.79513274813915,-12.788117357923829,2.899189060019168,3.3699936031946924,96.91591599430174,-4.727233122796202,4.795104863960522
b225d31d82159602b32fe44de2adb6b7,Cc1ccc(Cl)cc1N(CC(=O)Nc1c(F)cccc1F)S(C)(=O)=O,388.8230000000001,3.3313200000000016,3.0,1.0,4.0,0.8539035552181381,0.0,66.48,0.09552068561315537,0.922375750541687,0.9039668798446655,0.25072730481624605,0.9578592658042908,0.7057197213172912,0.8332589387893676,0.08874701708555222,0.25855045169591906,0.8723667025566101,0.8221971869468689,0.6065083742141724,0.06791737079620361,0.8773755669593811,0.9997800588607788,0.01589508168399334,0.02765132151544094,0.05984566062688827,0.16051935255527497,0.008024949952960015,0.07307147607207298,0.04737761467695236,0.97153639793396,0.3559560805559158,0.3223797857761383,0.0030504682566970588,0.025559473410248758,0.3672279119491577,0.06543450355529785,0.2146838992834091,0.7376040816307068,-4.535043236643685,76.06442819115303,53.23229483122243,11.389407958886789,-7.927852226568797,2.7239845278330344,2.5076894165479944,90.10979851954252,-4.697268160113805,2.033673469901474
7b66d55bc1277506919f4b9a0fb3e521,O=C(OCC(COC(=O)c1cccnc1)(COC(=O)c1cccnc1)COC(=O)c1cccnc1)c1cccnc1,556.5310000000003,2.9808000000000012,12.0,0.0,2.0,0.18586623748932246,0.0,156.76,0.04772648187354207,0.628036618232727,0.7777234673500061,0.550445806980133,0.74835364818573,0.17683963775634765,0.8830837368965149,0.08740483969449997,0.3996354669332504,0.5646248400211334,0.9960708498954773,0.02149600684642792,0.3862671673297882,0.8399797677993774,0.9980102062225342,0.014536433015018701,0.00536436375696212,0.15381590127944947,0.09110872074961662,0.022680900571867824,0.02166438950225711,0.016860122326761484,0.9400034666061401,0.5476278007030487,0.0980380766093731,0.00856543353293091,0.0398359227925539,0.030989755503833295,0.013217461295425892,0.1493932455778122,0.7859266519546508,-5.177972650652511,112.57834539886957,94.71784447390526,40.98706013866737,-8.790939564830163,1.500009077226855,2.5202530385100363,85.94927918755361,-4.626209104531765,-0.3048845970678709
d91361d510f902b40a4a318898395c46,CC[C@H](Nc1cc(C)nc2c(c(C)nn12)-c1ccc(OC)cc1C)c1nc(C)no1,406.4900000000002,4.584780000000004,8.0,1.0,4.0,0.5008647962490185,1.0,90.37,0.45864457488059995,0.6687627077102661,0.9687336325645447,0.1433895356953144,0.3281511262059212,0.24103372246026994,0.3642562508583069,0.19065578281879425,0.03460551192983985,0.9078892469406128,0.8708016991615295,0.24386211931705476,0.3048046201467514,0.9291512131690979,0.9996716737747192,0.01124376691877842,0.03473288305103779,0.48274720907211305,0.3545695334672928,0.030229376256465913,0.05876444354653358,0.0452356455847621,0.9772818565368653,0.8249158024787903,0.6920382380485535,0.1677180826663971,0.04221316948533058,0.2851735293865204,0.21897275298833846,0.10963839665055275,0.8467683076858521,-5.112001806286285,33.276196471532195,65.03748016241677,40.4614686936179,-7.728671807111674,2.9098344215176994,3.3855421363200806,95.8069111202079,-4.705628116320887,11.953846435604408
72d0f3a0fff4cf54ea2875e5e6485012,C[C@@H]1C(=O)O[C@H]2C[C@@]34[C@H]5C[C@@H](C(C)(C)C)[C@@]33[C@@H](O)C(=O)O[C@H]3O[C@@]4(C(=O)O5)[C@@]12O,408.4030000000002,-0.3402999999999995,9.0,2.0,4.0,0.4084569903388224,10.0,128.59,0.39949311017990113,0.8634221673011779,0.7556922197341919,0.0011880513018695637,0.05172630064189434,0.02062347000464797,0.009407695103436708,0.036423387681134047,0.007700004627986345,0.6240876078605652,0.03853331493446603,0.020281906938180327,0.12226196676492691,0.5790964424610138,0.982651150226593,0.045759216975420715,0.21497858166694642,0.00492052820045501,0.2063208594918251,0.026413103053346276,0.12757796384394168,0.016283426340669392,0.8268297672271728,0.11465641409158707,0.18123840987682344,0.019962112978100778,0.009631007350981236,0.19149715937674044,0.05716796349734068,0.3859969198703766,0.19677140414714814,-5.485490551130106,74.45320039761577,49.45561814836516,-5.053350736169441,-10.565647955121324,3.6973176198959132,1.1031069082466236,70.85451799447455,-3.077032091448994,2.510955155731727
c026da6ccb85c2db6323aef25ff6082e,Cn1cnc2c(NCc3ccccc3)nc(NCCO)nc12,298.35,1.3795999999999995,7.0,3.0,4.0,0.6370330930554226,0.0,87.89,0.5184569895267487,0.8335208535194397,0.8789681434631348,0.9384632587432862,0.24709560871124267,0.10990382209420205,0.0996207796037197,0.18858153522014617,0.286085931956768,0.3133426487445831,0.26282808780670164,0.15469712615013123,0.08261417560279369,0.8511545538902283,0.9999464511871338,0.024648917093873023,0.018770499946549536,0.7800787568092347,0.15249468088150026,0.010199778247624636,0.13894518315792084,0.010326262284070253,0.8856070160865783,0.23243846595287324,0.5202771842479705,0.1935635969042778,0.05465591661632061,0.3986609548330307,0.1887069508433342,0.5180507302284241,0.7138372898101807,-5.372554306999298,40.83027511337998,41.49580658567806,43.722319052315505,-13.278634279229706,2.1240589760961965,2.3305124497089516,77.09478627772819,-2.4517309576779485,8.349346031138158
def0045abadc70def5a474554c8db30d,CCCc1nc(C)c2n1[nH]c(nc2=O)-c1cc(ccc1OCC)S(=O)(=O)N1CCN(CC)CC1,488.61400000000043,2.0704199999999995,8.0,1.0,4.0,0.5164114874787473,0.0,112.89999999999998,0.11568620502948761,0.44242858290672304,0.8053391456604004,0.026526219281367957,0.16518268510699272,0.5464930415153504,0.27000682801008224,0.26128927171230315,0.13105372563004494,0.84740149974823,0.7623013496398926,0.19922665804624556,0.5150419890880584,0.9268615365028381,0.9933017253875732,0.0037891496205702422,0.02198154143989086,0.012479243474081159,0.01872914135456085,0.006391770229674876,0.021669596992433073,0.00623288843780756,0.9098090171813965,0.586942857503891,0.16009650379419327,0.0036517946631647647,0.0035069689620286226,0.042525521293282506,0.011644658166915178,0.16587682962417602,0.8740102767944335,-4.998378993911308,62.43276810529845,83.15402462801235,-19.672917625427967,-9.915640041532573,2.925794388706572,2.1442221238189876,85.26881896191047,-3.978244339824969,5.661013421381445
4bdad04f0c16a3e760d0c5a6ca1eaaa1,COc1cc(c(Cl)cc1Cl)-n1c(=S)[nH]c2ccccc2c1=O,353.23000000000013,4.363690000000003,4.0,1.0,4.0,0.6964777297438532,0.0,47.019999999999996,0.21030674874782562,0.7716448187828064,0.9256468296051026,0.7349947929382324,0.568881094455719,0.5825090408325195,0.5050349652767181,0.24741081595420839,0.02913400623947382,0.6816864967346191,0.45987987518310547,0.227787584066391,0.12435291633009911,0.9765606641769409,0.9997071027755737,0.017906703613698484,0.06255363076925277,0.6316857516765595,0.16586921364068985,0.05774258431047201,0.10791006609797478,0.08620927333831788,0.9394752025604248,0.5474545896053314,0.3828204333782196,0.1752015918493271,0.14593781977891923,0.36941062062978747,0.22516509294509887,0.27283007800579073,0.3784004509449005,-4.401039263021757,64.66855167463397,34.16721222267652,18.687557970631214,-11.362801176202264,3.1413842836742,2.9907510798145776,101.59782286652286,-6.3375042058270905,-5.392605252804909
33faa95d5077f71b7211aa02b36bac52,CCN(CC)CCOc1ccc(cc1)C(=C(/Cl)c1ccccc1)\c1ccccc1,405.9690000000001,6.562600000000007,2.0,0.0,3.0,0.3734283215865667,0.0,12.47,0.40138115286827086,0.6033196985721588,0.8173451542854309,0.4027134597301483,0.12369162365794181,0.446883487701416,0.05560571663081646,0.5058403670787811,0.5693179965019226,0.7540672779083252,0.1580636754631996,0.6134755432605743,0.2485537827014923,0.29585193246603014,0.9343374848365784,0.017491023056209087,0.00789912585169077,0.052164528891444205,0.3026051133871078,0.1017483800649643,0.19108519554138184,0.07232078090310097,0.7858229279518127,0.9057571768760682,0.5368324220180511,0.024690142832696438,0.1878177970647812,0.3103361755609512,0.08413489162921906,0.7923268675804138,0.9508671402931214,-4.775813723799277,59.947672798747966,27.026129606455022,143.8152081794978,-4.949548275767301,2.3728226991354573,3.898808553568043,96.21548724495214,-5.9011621267881385,22.613332788834526
66ddad9cee4426faba1875f390f11b94,NS(=O)(=O)c1ccc(cc1)N1CCN(CC[C@@H]2OCCc3ccccc23)CC1,401.5320000000002,2.1601,5.0,1.0,4.0,0.8309564679775477,1.0,75.87,0.21595605909824372,0.9101834416389465,0.7015496253967285,0.05999644473195076,0.07012161873281002,0.2457972139120102,0.04233533963561058,0.41118772625923156,0.27816481590270997,0.5497538685798645,0.06521234735846519,0.19699973464012147,0.43838521242141726,0.5353922247886658,0.9481284856796265,0.06178582012653351,0.17983977347612382,0.051897051930427554,0.018721288070082664,0.029424080997705458,0.10101862847805024,0.003155232546851039,0.6976651549339294,0.1468915306031704,0.0923030398786068,0.007680720649659634,0.007364430604502559,0.03867481611669064,0.03454490900039673,0.23518567234277726,0.7933724880218506,-5.152262866913145,61.29756333840298,31.263134733305304,-19.582573826911055,-8.90674746012186,2.7026527405866525,1.5410808381658905,79.35487450206834,-2.695958290209351,1.0709389366533695
29eb3d3b2d26a463b9ec27e3de8d6c1b,Cc1cc(NS(=O)(=O)c2ccc(N)cc2)nc(C)n1,278.33700000000005,1.47644,5.0,2.0,4.0,0.8285267006028038,0.0,97.97,0.026865630876272917,0.8169079065322876,0.9790023803710938,0.0035009187937248497,0.016930236481130123,0.5611026763916016,0.0054350629914551975,0.0759483128786087,0.002034020464634523,0.327751499414444,0.011230001272633672,0.31619747281074523,0.043424180895090106,0.9301353693008423,0.9984058737754822,0.007925463514402509,0.04340623654425144,0.006471252115443349,0.0022656484536128117,0.002101039502304047,0.056017689779400824,0.00010079774510813877,0.7216788530349731,0.017679793667048214,0.006311539746820927,0.0004664374537242111,0.0007019436045084149,0.002998945722356439,0.0005205600671615684,0.08204585462808608,0.03657692633569241,-5.169468966445667,-14.763562623940606,-4.450563084552046,11.719706095906862,-12.206381668725504,1.654083397395011,-0.3562516168846286,80.48427091395644,-2.6542709698105904,-0.9541223062513815
b78ea12769795b3e5067d24503ce9a69,COc1ccc(Nc2nccc(NCCO)n2)cc1,260.297,1.6329999999999998,6.0,3.0,4.0,0.7323554803743914,0.0,79.3,0.4368369698524475,0.4453287661075592,0.929302966594696,0.9649738907814026,0.3260125458240509,0.16314705163240434,0.033662480488419536,0.27554733753204347,0.3576856225728989,0.3380504697561264,0.5466769099235534,0.0844593770802021,0.06423371005803347,0.8465215563774109,0.9998290777206421,0.019987570727244018,0.03575005419552326,0.8372928380966187,0.15805637389421462,0.025763228721916675,0.21630060374736787,0.005260584596544504,0.8983070015907287,0.011047411151230336,0.32556204199790956,0.16544105261564254,0.03426208402961493,0.32752324640750885,0.15505978018045424,0.23537178933620453,0.49987574219703673,-4.8576219221577634,43.455203259499754,28.084485429962296,30.485582143526564,-14.656367891718054,1.8887354282845998,1.6165084110721293,69.21376200578814,-2.8702520988083466,9.082636875586683
337e22aadde041ae11f9eb82e13c77be,CC(C)CN(C[C@@H](OP(O)(O)=O)[C@H](Cc1ccccc1)NC(=O)O[C@H]1CCOC1)S(=O)(=O)c1ccc(N)cc1,585.6160000000002,2.5198,8.0,4.0,3.0,0.20168648332543115,3.0,177.72,0.16720219999551772,0.5131204783916473,0.4774538457393646,0.0351874902844429,0.5948296442627907,0.3106055974960327,0.5052524313330651,0.20057248063385485,0.6197000026702881,0.5920944750308991,0.8772144675254822,0.13852686882019044,0.4844070315361023,0.5662026345729828,0.9156742572784424,0.01740171043202281,0.056389516592025755,0.05880801342427731,0.06411702446639538,0.09364900514483451,0.13520292341709136,0.01757421838119626,0.5056359648704529,0.23950421586632728,0.17717034965753556,0.016554977279156446,0.0078055545396637175,0.08709097495302558,0.06761355437338352,0.1065679095685482,0.8364371657371521,-5.987504908009323,78.76133246805934,77.04643818233053,-15.64261870141886,-9.555788358486557,2.768651893998249,1.8894296156001325,78.73059886360195,-3.033665463334815,-4.001124671545882
fa2bb2c57263a5db6fbdd2340c09a82b,N[C@H](Cc1cc(I)c(Oc2ccc(O)c(I)c2)c(I)c1)C(O)=O,650.9760000000001,3.952700000000001,4.0,3.0,3.0,0.4267101714465896,1.0,92.78,0.1471787102520466,0.25877086222171786,0.904414701461792,0.6767366468906403,0.16499559283256532,0.44718741774559023,0.48069058656692504,0.2633729219436646,0.1965497314929962,0.5656473457813262,0.18828670978546141,0.36895973086357114,0.17141535505652428,0.4205583453178406,0.9889399647712708,0.01423097038641572,0.039541738107800484,0.39092910289764404,0.09168826714158058,0.19655200392007827,0.3003713220357895,0.534532618522644,0.4323847234249115,0.1064595952630043,0.29123355746269225,0.04470522440969944,0.17767516672611236,0.32670837044715884,0.18305392935872078,0.41380145847797395,0.3579826384782791,-5.793236101923906,39.00040310561326,-3.2945211991423564,14.801098917708043,-9.20279420848747,3.245391111606003,1.258540767800632,93.72930288455967,-4.024915894502832,-5.763420310609111
b5e35ed8b63431179a87a28fd6b276e6,C[C@H]1CN(C(=O)CC#N)[C@]11CCN(C1)c1ncnc2[nH]ccc12,310.361,1.2987799999999996,5.0,1.0,4.0,0.9028284909836287,2.0,88.91,0.28026841282844545,0.7831547737121582,0.8573432803153992,0.20160360634326935,0.028612486133351923,0.16816824860870838,0.01909233455080539,0.2327047511935234,0.007294035982340574,0.5371340632438659,0.17559072375297546,0.03074257830157876,0.3396197438240051,0.6529045403003693,0.9997556328773498,0.02894802503287792,0.018275274895131588,0.16374562215059996,0.06627577692270278,0.021452813409268856,0.08215970322489738,0.0010663923632819206,0.8325078368186951,0.007368644839152694,0.07633679062128067,0.036801977828145024,0.005098861269652843,0.0067886903416365385,0.10004051104187965,0.24916955828666687,0.6714853167533874,-4.994098109936249,35.719179819309396,22.307818390539,-4.1603279068805294,-15.341035273363124,3.03522156274214,1.447109493628757,70.45999868964634,-3.169361132490669,3.750680822224473
1dc4e45827441e9f9d5f615cb8e73fe4,Cc1cn([C@H]2O[C@@H](CO)[C@H](O)[C@H]2F)c(=O)[nH]c1=O,260.221,-1.5662799999999997,6.0,3.0,4.0,0.5958623283349754,4.0,104.54999999999998,0.815763258934021,0.7612007975578308,0.9354987978935242,0.0015705500743933953,0.0022159971471410246,0.19820273518562317,0.0015106396334886086,0.020689777052029967,0.00023273041915672366,0.1226114071905613,0.00018330566745135003,0.15768368244171144,0.34407198131084443,0.903874397277832,0.9738340139389038,0.016017457004636526,0.026425107941031457,0.0011626877065282315,0.013900675904005766,0.02821605931967497,0.17512631714344024,0.004146701371064409,0.09451325349509716,0.00989947421476245,0.04719964247196913,0.013507772888988256,0.003815130004659295,0.004898573993705213,0.24828101582825185,0.40385550260543823,0.06019301936030388,-5.220532009264276,22.194027357966068,-28.000953578163564,-15.234804266568844,-21.063034293299978,2.5939132832332903,-1.5323857735365192,31.224315640261022,-0.6682272528500623,-2.7112835230969594
53b38403630f549a02abbf2a95126467,CCN(Cc1cc(ccc1-c1cc(CC(O)=O)ccc1OC)C(F)(F)F)C(=O)NCc1ccccc1,500.51700000000017,5.739800000000005,3.0,2.0,2.0,0.3928359936084499,0.0,78.87,0.12093084007501602,0.629221510887146,0.9013467311859131,0.3172700345516205,0.6970510840415954,0.43036542534828187,0.682755422592163,0.11004439294338227,0.18321257308125496,0.5733026444911957,0.8042361021041871,0.5191143333911896,0.11994771659374237,0.8031015753746032,0.9926303505897522,0.004970247414894402,0.013526738807559013,0.056258651241660115,0.07959915101528167,0.01841644085943699,0.07492531538009643,0.2763948678970337,0.6017646789550781,0.7280075788497925,0.2898508459329605,0.004253405844792724,0.03327616862952709,0.21140339970588684,0.03143004253506661,0.15126454830169678,0.7260464727878571,-5.2292731486267865,2.5988133162947413,38.20813648542865,28.723552755914557,-8.152581986412292,3.1613680749306203,1.5050223720210392,96.06478398315093,-4.815157633825491,-2.264741276411396
4478f9369075a531cdb0ecccf63f66a2,CN(C)CCCN1c2ccccc2Sc2ccc(Cl)cc12,318.8730000000001,4.894400000000004,3.0,0.0,4.0,0.7918053413291345,0.0,6.48,0.2218786895275116,0.9988614916801453,0.8808049321174621,0.742063021659851,0.29862000644207,0.3393076241016388,0.017839770950376987,0.7852090954780578,0.9485245823860169,0.7615607023239136,0.06334178596735,0.15990839749574662,0.42688732147216796,0.4946153998374939,0.9996413707733154,0.006462389649823308,0.013142180908471347,0.11645367182791233,0.07209319695830345,0.00865707416087389,0.03135204147547484,0.004461360233835876,0.9723054051399231,0.7245931386947632,0.19067897647619247,0.0012556217843666673,0.029017114639282228,0.17215899974107743,0.06240456737577915,0.8172237396240234,0.9688923120498657,-4.228490541836273,104.25749836282121,26.179305625794292,47.05455937203827,-5.377345327696574,2.724758448098638,3.1347666602809467,99.34899205710838,-5.464287302526239,14.02906367873752
68627e311697e3f7ed7ce291a7f00926,CC(=O)c1ccc(NS(C)(=O)=O)c(Oc2ccc(F)cc2F)c1,341.335,3.3312000000000017,4.0,1.0,4.0,0.8468610948369534,0.0,72.47,0.12432264238595962,0.921651017665863,0.9702767848968505,0.9533373475074768,0.7620416164398194,0.6307546615600585,0.793010926246643,0.3784899294376373,0.22286685407161713,0.5290939688682557,0.5800282955169678,0.40082252621650694,0.087131167948246,0.9769981622695922,0.999901294708252,0.07331974953413009,0.09207958653569222,0.22371722757816315,0.03132017720490694,0.0057254376821219925,0.058792217075824736,0.029265300929546358,0.9670903563499451,0.3920706808567047,0.22920029163360595,0.0321671050041914,0.00921015553176403,0.301167419552803,0.07452891021966934,0.11186839193105698,0.3964168906211853,-4.389797309667104,43.021773495480375,15.30991482468779,3.2073523588826007,-7.526211896431862,2.3882074589452498,1.7492411111418131,94.94220906062756,-4.482546326159585,1.5518692423291953
87ad136690b6472d38e98189ad224ba9,Cc1ccc(Cl)c(Nc2ccccc2C(O)=O)c1Cl,296.153,4.743620000000003,2.0,2.0,4.0,0.8594044841056042,0.0,49.33,0.10582932233810424,0.32507956624031065,0.9793277144432068,0.26383362114429476,0.2341672509908676,0.5069581985473632,0.4586839258670807,0.027267926558852195,0.06518945954740048,0.270639106631279,0.04351912625133991,0.5697941184043884,0.029267856664955617,0.9690829515457153,0.9996686816215515,0.004456857475452125,0.05280415415763855,0.506334924697876,0.05652020126581192,0.030949382111430168,0.13642773330211638,0.3646252274513245,0.4834695279598236,0.010194061044603586,0.36453635692596437,0.08937665969133377,0.08622692227363586,0.6279375374317169,0.22241249009966851,0.4230352610349655,0.04814088083803654,-4.317298438031928,71.98153408926973,45.994501850887346,-9.279203342285802,-7.447777115545273,2.6698784125400548,2.0775945566563268,93.82207263195352,-5.302454175367569,-1.2651570193157777
f41422b61f94adf5043b9f780d1836eb,NC[C@@](O)(c1ccc(Cl)cc1)c1ccc(cc1)-c1cn[nH]c1,313.788,2.9247000000000005,3.0,3.0,4.0,0.6929884458993375,1.0,74.93,0.16776207685470582,0.34871660470962523,0.9379104852676392,0.7766799449920654,0.7299321413040161,0.19509097039699555,0.5013614416122436,0.2433081239461899,0.36441090106964114,0.4069516062736511,0.9300774574279785,0.2847816288471222,0.3302185654640198,0.4745687246322632,0.9997469663619996,0.02013813257217407,0.010459622181952,0.4882961332798004,0.6583973884582519,0.20007645934820176,0.18153742998838424,0.01940008932724595,0.6614940643310547,0.09892116151750088,0.22629436552524568,0.03919653901830315,0.10314414873719216,0.6757249593734741,0.10604566037654876,0.432112443447113,0.5664928078651428,-5.1672368341547505,18.61100414570476,-16.876615989772667,0.44963663078554744,-12.457933416294921,2.7521207204089793,2.0662808918481437,80.26465507943236,-3.9444609026993804,4.329395644737668
dcc14f4aa98c6ef58e71e15acb849afc,Cc1c(O)c(=O)n(-c2ccccc2)n1C,204.229,1.1900199999999999,4.0,1.0,4.0,0.7580611064305889,0.0,47.16,0.01817335598170757,0.8493458509445191,0.9312082171440125,0.16074561774730683,0.03196820658631623,0.6513357996940613,0.032641352992504834,0.16290035843849182,0.004872958734631538,0.584319007396698,0.002764583341195248,0.08071558102965355,0.021834794618189334,0.6770436704158783,0.9995728492736816,0.002914482937194407,0.04993602521717548,0.05552588179707527,0.004173270659521222,0.008059863792732358,0.03671916872262955,0.0032288725138641893,0.8529808044433593,0.00761594952782616,0.011159140802919864,0.005193207506090402,0.0034500784706324337,0.0032819586573168635,0.002572766155935824,0.20755528956651687,0.03183064386248589,-3.921194454602432,-3.4474937256931497,36.88135151984231,-9.883653496127346,-10.808015479843723,2.693303761181272,-0.26359510375514006,69.8190564565306,-1.5107203531041944,1.275716306932302
a1525e3885f3708b92744d387bc8c5a7,OP(O)(F)=O,99.985,0.04859999999999998,1.0,2.0,4.0,0.4225457275134986,0.0,57.53,0.002403885211060697,0.9122193336486817,0.18671985641121863,0.0032429131185381264,0.007543717266526073,0.10472045422138762,0.001130431401122678,0.028686658642754992,0.07802977962419391,0.10311872638412752,4.116068288796233e-06,0.024310778424842285,0.010815013882529456,0.3272728644311428,0.1292015036175144,0.0004000533854991772,0.001063177370087942,0.0030311259989503013,5.521403684731752e-05,0.0013041547968896338,0.02786662932485342,2.875823480706534e-06,0.1583017192018815,0.004563406889792532,0.025503404612391024,2.905463111632538e-05,0.00026882595529968966,0.06177474745845757,0.0028171609543278463,0.027025854971725494,0.047920894605704235,-4.96442186514285,-43.368874258231116,19.377674665214208,113.21749663390771,-7.151958821353821,2.2582783533475235,3.2046292067728444,51.468706378935906,0.3140864434908777,-4.851001055200472
9f29b1a7188cfbf7649f253cab725c3a,COC(=O)C(Cc1ccc(OCCn2c3ccc(cc3sc2=O)C(=O)c2ccccc2)cc1)C(=O)OC,519.5750000000002,3.8777000000000026,9.0,0.0,3.0,0.17806846023742587,0.0,100.89999999999999,0.05875506103038788,0.2922092884778976,0.7420594692230225,0.10535154938697815,0.8672403931617737,0.40102460980415344,0.9139470338821412,0.037382501922547814,0.013893103785812854,0.6460663914680481,0.8935308575630188,0.16753527224063874,0.0265175087377429,0.9682594418525696,0.9970366716384887,0.026028196793049574,0.039448170363903044,0.27947148084640505,0.10343240201473236,0.03869706578552723,0.11661661863327026,0.23535127937793732,0.7702009558677674,0.9706453442573547,0.5889095902442932,0.08034533932805062,0.13721318542957306,0.5774812042713166,0.07073583453893661,0.12433956563472748,0.6343231558799743,-4.751968263290887,98.47961101505736,103.21458518052832,56.13161107414462,-8.768974489548672,2.241581891159154,3.2626540303972247,101.11003353225449,-5.6514360151595655,-5.191647786320754
0fc7db1bead42709d38f01f1e35a96b8,Oc1ccc2C[C@H]3N(CC4CC4)CC[C@@]45[C@@H](Oc1c24)C(=O)CC[C@@]35O,341.40700000000015,1.5253999999999999,5.0,2.0,4.0,0.8536215236957835,4.0,70.0,0.10499713867902756,0.9719778180122376,0.7400833249092102,0.011085424665361642,0.05111939981579781,0.15053649842739106,0.012418530508875847,0.7379480481147767,0.31934128403663636,0.7771193027496338,0.011155048664659262,0.01380652494262904,0.3100330740213394,0.027835321985185145,0.9988171935081482,0.0424579456448555,0.12387065440416337,0.050189141556620596,0.0067772926995530725,0.028156106173992158,0.2280903935432434,0.0012342761649051682,0.6695644617080688,0.08116342350840569,0.04989933595061302,0.01203307737596333,0.012302790861576795,0.008821401000022887,0.013674512226134538,0.26043214499950407,0.3132656544446945,-4.997842722543118,50.436912221009344,2.8269118476725317,-20.310454534596154,-9.87129401441207,3.360581764931939,0.5365543921532484,52.9172374859495,-3.0276200109969666,0.5230752088185756
4bd7103c5ff5f27c27c4a936c29e8234,OC(=O)c1cc(Oc2ccc(cc2)[N+]([O-])=O)cc(Oc2ccc(cc2)[N+]([O-])=O)c1,396.31100000000015,4.785800000000004,7.0,1.0,4.0,0.443672998323295,0.0,142.04,0.7042940020561218,0.3241735100746155,0.835731565952301,0.08269487842917442,0.09556010514497756,0.20842294842004777,0.31514541804790497,0.025286313239485027,0.04138534590601921,0.2893525004386902,0.04447906576097012,0.4767319679260254,0.1029020320624113,0.9742693305015564,0.8870706915855407,0.011142229987308383,0.030609134957194327,0.1470918670296669,0.1310153141617775,0.08798138089478016,0.2813463270664215,0.035631776228547095,0.4051973044872284,0.22717704772949218,0.3431281208992004,0.020503957383334638,0.05152165126055479,0.6139142870903015,0.03731601713225245,0.5730193734169007,0.2644590750336647,-4.796757484248972,56.234099022696306,-8.54253410218416,11.042716979948278,-8.25793773021798,2.3506037790269323,1.317507397026208,97.4513277876072,-5.632361468232849,6.954245324638808
3fd030c7351693d651b703b76e2889b8,CNCCN(C)c1cc(OC)c(Nc2nccc(n2)-c2cn(C)c3ccccc23)cc1NC(=O)C=C,485.5920000000002,4.167600000000002,8.0,3.0,4.0,0.290247955431922,0.0,96.34,0.7432481646537781,0.6676763832569123,0.7929707884788513,0.5065426379442215,0.41718087792396547,0.30912247896194456,0.09416341818869114,0.2993254691362381,0.5402440518140793,0.8216683745384217,0.9200715661048889,0.2691102921962738,0.5820118069648743,0.936769425868988,0.9970048069953918,0.06146090477705002,0.028440193459391593,0.8312936186790466,0.28144521266222,0.04397386200726032,0.056695835292339326,0.05342307314276695,0.8849727392196656,0.9487784385681153,0.5568199813365936,0.24803614914417266,0.21372681856155396,0.4777984440326691,0.6489853799343109,0.19804464429616928,0.9519106388092041,-5.195715213500854,29.180266252422154,86.88295732115647,76.315481919419,-11.892246313351505,3.2360345412445297,2.6977408578203113,90.67969101523536,-3.3199857999988636,6.6607154867698615
d2cf17516dc088f688519407f964d068,OC(=O)c1cnn(c1)-c1nc2cc(Cl)c(OC(F)(F)F)cc2[nH]1,346.652,2.9988,5.0,2.0,4.0,0.7601343740550822,0.0,93.03,0.3346194952726364,0.3361908197402954,0.9019977569580078,0.36145067065954206,0.05215715635567904,0.19017154425382615,0.16643004044890403,0.034166735410690305,0.043224663753062484,0.15653921961784362,0.01546686515212059,0.36087158024311067,0.13650580905377865,0.9899628639221192,0.9888159990310669,0.01096710916608572,0.02969749867916107,0.5997897267341614,0.02945573702454567,0.0349135521799326,0.15791638642549516,0.04945072736591101,0.1820003129541874,0.04343211222440004,0.36133849024772646,0.31465808898210523,0.053706641495227816,0.1500275231897831,0.36915292143821715,0.219875568151474,0.07460436075925828,-4.701386274274369,-20.104871684543905,-4.777910871499192,-37.8360109927721,-11.36231183816513,2.9615523577285474,0.18734393720969042,95.89567462343113,-4.133708189122023,-0.14368270223190596
ba2bd9ff534903b028abad4867c1bec6,COc1ccc(cc1)-n1nc(CCC(=O)N(C)O)cc1-c1ccc(Cl)cc1,385.851,3.9815000000000023,5.0,1.0,4.0,0.5144417093532292,0.0,67.59,0.6799028575420379,0.6389461576938629,0.9409742474555969,0.5573672354221344,0.8809656977653504,0.37079098224639895,0.7203428983688355,0.13383038938045502,0.12839770168066025,0.9146408081054688,0.8360647916793823,0.3662803515791893,0.36931191086769105,0.9050333499908447,0.9998327493667603,0.007229562755674124,0.012637974042445422,0.3049263596534729,0.31042123436927793,0.03684868905693293,0.10193031430244445,0.06128708571195603,0.9702526450157165,0.7083002209663392,0.6404323816299439,0.06441612616181373,0.0801830418407917,0.12362973988056183,0.22977086901664734,0.16285375654697418,0.5630048215389252,-5.095342411188776,18.231988837919513,49.039574965857454,3.6907709214393973,-10.21444771770248,2.3876198871612337,2.9968263980459797,94.80545145857118,-3.760374756700764,-4.529566575902119
43369de665c4cf8dfaf6c2617a564e84,Nc1ccc(\C=C\C(=O)NCc2cc3cc(cc(-c4ccc(F)cc4)c3o2)-c2ccc(cc2)C(=O)N2CCC(F)(F)CC2)cn1,610.6360000000002,7.084000000000006,5.0,2.0,2.0,0.1918405357512058,0.0,101.46000000000001,0.4359543800354004,0.5107611417770386,0.7722398519515992,0.07585201002657413,0.6397112369537353,0.17556977570056914,0.4903610527515411,0.10020028762519359,0.07252446077764034,0.6849594831466674,0.6116108059883117,0.4546740710735321,0.31663084030151367,0.9649011254310608,0.995036244392395,0.01515617435798049,0.013185400515794754,0.36430059373378754,0.3379015952348709,0.029466290213167667,0.17125326544046401,0.04396914578974247,0.7814358830451965,0.8933639049530029,0.8380447149276733,0.08988695740699768,0.15212904512882233,0.6256205320358277,0.16166780441999434,0.23082584142684937,0.9313237190246582,-5.306081650833559,9.679583609804343,31.94503284725102,93.644870936938,-11.131956033531846,3.48750492190178,3.872272718940491,103.53005735417928,-5.672398274883436,8.217890437163117
0adc6535d0996062958b0d0d35082194,CC(C)[N+](C)(CCC(C(N)=O)(c1ccccc1)c1ccccc1)C(C)C,353.5300000000001,4.111500000000003,1.0,1.0,4.0,0.7131154199141896,0.0,43.09,0.04315524282865226,0.5047341227531433,0.3914797484874725,0.00701665875967592,0.006559682148508728,0.08693837001919746,0.0034274361838470212,0.11999378427863121,0.6951554656028748,0.6770295143127442,0.07118269521743059,0.23127351142466068,0.015544819203205407,0.008459006108387257,0.1776452474296093,0.0035495039774104953,0.009300277568399906,0.0013032435526838526,0.023515321873128416,0.06890505850315094,0.10367555469274521,0.0004218912285409715,0.7650231838226318,0.018655743822455405,0.03887712704017758,0.0002793891588225961,0.002086971977041685,0.029930505203083158,0.0020564674370689316,0.8676556348800659,0.8891208410263062,-5.324320273418743,27.735745081554228,18.250447147126057,9.933914874302266,-9.74186089216179,2.8127808063000757,-0.12625060661620355,26.574167256213478,-1.4792248298196102,0.16566064722240056
47f34e209f11aadc127a2811276ee858,CC[C@H]1[C@@H](COc2nccc3cc(C(N)=O)c(OC)cc23)NC(=O)[C@H]1F,361.37300000000005,1.5837999999999999,5.0,2.0,4.0,0.8130535163119677,3.0,103.54000000000002,0.8548376798629761,0.9410359740257264,0.9922966957092285,0.21407075375318527,0.07475329712033271,0.3066394865512848,0.04073076583445072,0.09763831496238709,0.006334783998318017,0.6235087513923645,0.4196526974439621,0.14996638149023056,0.5775247573852539,0.9369104504585266,0.9999417543411255,0.03268418628722429,0.03178483601659536,0.06308685056865215,0.09195933938026428,0.019686273485422134,0.07557083368301391,0.015482733957469463,0.9482583284378052,0.08690266162157059,0.15775933414697646,0.06345453448593616,0.00465644164942205,0.011711764335632324,0.11864235997200012,0.09084958359599113,0.38972523212432864,-4.9436195947531925,13.43422955673637,18.37404777838463,-6.858863619695486,-14.127782458081597,2.9665843988655,1.8457637983070896,75.35696716877962,-4.066600652190906,3.8857180228612918
bb82b0c3a12fbbae20d423820aafdc2e,CCN1C[C@H](C)n2c(c(O)c3c2c(nn(Cc2ccc(F)c(Cl)c2)c3=O)C(=O)NC)C1=O,461.8810000000002,2.1407,7.0,2.0,4.0,0.618327322137419,1.0,109.46000000000001,0.19873841255903243,0.39204288721084596,0.8770788192749024,0.08356292434036731,0.2481694519519806,0.3568151146173477,0.43214828372001646,0.08207901641726494,0.09483838602900505,0.7138484954833985,0.7936243295669556,0.21090620011091232,0.11082890629768372,0.9646353721618652,0.9990839838981629,0.007839848799631,0.01294682640582323,0.11506065577268601,0.09245679602026939,0.0076892569195479155,0.046032551862299445,0.0195611672475934,0.945972228050232,0.5811253011226654,0.20770082324743272,0.0126108487136662,0.017425344604998828,0.16704128086566924,0.04961075522005558,0.17701273560523986,0.5662802755832672,-4.603558613334262,-1.8867904393732076,51.14480698448332,77.77551804069938,-13.65844413966995,3.540265878011115,1.4040822130328603,80.68171952970503,-3.936007614207887,4.648449675398717
3eaa7cc3f62fa4ec23aea4db4a66a6ae,CCN1CCC[C@H]1CNC(=O)c1cc(ccc1OC)S(N)(=O)=O,341.4330000000001,0.5567000000000012,5.0,2.0,4.0,0.7869434425499668,1.0,101.72999999999999,0.2795417308807373,0.876289963722229,0.9462252736091614,0.021796600334346293,0.005151250050403178,0.15326409488916398,0.0007054474859614857,0.3036283105611801,0.1385011613368988,0.29102264940738676,0.012115073250606656,0.19010404944419862,0.43994022607803346,0.3585916757583618,0.984348464012146,0.006850843224674464,0.031358829513192174,0.005880808550864458,0.0010521888252696954,0.001110706734471023,0.03465601112693548,2.748358010649099e-05,0.6106787085533142,0.009601713018491864,0.008627868071198464,0.00021012822689954193,0.00020339723632787355,0.0007834566524252296,0.00035453250748105345,0.2116555780172348,0.20809419453144073,-5.455691466214793,28.05931482415981,-27.244883450873818,-0.7081005132781734,-12.757288046069291,1.999813575527599,-1.3159266879585183,32.62711840831531,-1.502973096163684,2.4362069756795512
5ed467225345597b9a141ec8861bede1,FC(F)(F)c1cc(cc(c1)C(F)(F)F)-c1ncn(\C=C/C(=O)N2CC(F)(F)C2)n1,426.2670000000001,3.930900000000002,4.0,0.0,4.0,0.5523080440936853,0.0,51.02,0.18176152557134628,0.9553622484207154,0.9169354319572449,0.31002528965473175,0.2047770343720913,0.17581022083759307,0.10263907629996538,0.20501511693000793,0.024735035374760628,0.5266763508319855,0.0934497993439436,0.47345262169837954,0.37774718105793,0.8943421363830566,0.9952528476715088,0.02941832095384598,0.06574340388178826,0.0066342419013381,0.06626004129648208,0.007620567549020052,0.08902624920010567,0.0149140989407897,0.9588487386703491,0.5828990042209625,0.5829180121421814,0.04420105777680874,0.015618759673088789,0.025389439053833486,0.06564802546054124,0.2765866547822952,0.624854850769043,-4.764538437631754,-3.715472429293962,8.615564489385937,-11.390381863282347,-5.769001331855371,3.139797146720194,3.0539830472751155,93.3881635863734,-5.252808397087205,2.3627657081782467
5fa5d9bb24425429ac83c08668b1dc78,CC[C@H](C)[C@H](NC(=O)[C@H](Cc1ccc(O)cc1)NC(=O)[C@@H](NC(=O)[C@@H](CCCNC(N)=N)NC(=O)[C@@H](N)CC(O)=O)C(C)C)C(=O)N[C@@H](Cc1cnc[nH]1)C(=O)N1CCC[C@@H]1C(=O)N[C@H](Cc1ccccc1)C(O)=O,1046.1969999999997,-1.1050300000000128,13.0,14.0,1.0,0.02228110483469534,9.0,406.34,0.24887525737285615,0.06015968844294548,0.2548227429389954,0.004481945396400988,0.07790880547836423,0.05031632371246815,0.05339438039809465,0.15059415362775325,0.2790326563641429,0.7274560332298279,0.4729084074497223,0.03182567059993744,0.15799818187952042,0.19652868211269378,0.16957291811704636,0.009091929905116558,0.01400062683969736,0.016018213983625174,0.007149890810251236,0.10051699839532376,0.12860276103019713,0.004417250957340002,0.06771285943686962,0.07181144952774048,0.08892827928066253,0.01165322985034436,0.012559668207541109,0.006155917234718799,0.011789493914693593,0.19485212862491608,0.36138792634010314,-7.693867796551214,27.68086456998906,12.45296841668916,-10.851811886005214,-15.734750880410825,2.5154203021759267,-0.8678361756670375,55.59946372048853,-2.6655824172032774,-1.157225482347671
384ba45ac6faa15104b67f6dc6427b00,C[C@@H](Oc1ccc2n[nH]c(\C=C\c3cnn(CCO)c3)c2c1)c1c(Cl)cncc1Cl,444.3220000000001,4.763900000000003,6.0,2.0,4.0,0.4290582972366598,1.0,88.85,0.12195978760719299,0.20630474090576173,0.85619558095932,0.8508829832077026,0.8796266555786133,0.2952574700117111,0.9039776086807251,0.2974747598171234,0.3459167964756489,0.6647972226142883,0.9600841999053955,0.2032157763838768,0.36443623900413513,0.902891194820404,0.9994445085525513,0.008783887606114149,0.011461090762168169,0.8008539795875549,0.5339878797531128,0.04119711667299271,0.08087902441620827,0.13439295142889024,0.8656882762908935,0.6650127053260804,0.5971179842948914,0.05943395718932152,0.2383630320429802,0.6667969822883606,0.26862832307815554,0.15946009010076523,0.8085554361343383,-5.5562779262031885,5.092995894464348,23.427717120259466,89.28082202715652,-13.378641305700677,2.938020724109262,3.3334406199625706,97.77028954246096,-5.016722639777938,15.219259583794235
a9fd6c1f1c9db1fc35dafa96f8baac7d,COc1ccc(CNC(=O)c2cc(cnc2-c2ccccn2)-c2cncc(Cl)c2)nc1OC,461.90900000000016,4.201200000000003,7.0,1.0,4.0,0.4399213544930686,0.0,99.12,0.1005749061703682,0.42752647399902344,0.92605961561203,0.4652812659740448,0.7915459394454956,0.41666038036346437,0.7854388117790222,0.12212403118610382,0.06054745502769947,0.7905179977416992,0.9830145955085754,0.09140103161334992,0.22360475212335587,0.9685029029846192,0.9996908187866211,0.0033367702388204636,0.00502042630687356,0.3516067564487457,0.17929955571889877,0.007056960626505316,0.0252012699842453,0.041591497138142586,0.9732338666915894,0.801066541671753,0.4413769245147705,0.012840057071298362,0.08164437972009182,0.09267148151993751,0.03098597712814808,0.13906414359807967,0.757118308544159,-5.283039932994149,34.4580237733266,60.02433323425746,16.511127908499574,-10.987817177499135,2.5470812122935076,2.814347870743989,93.53915608945059,-4.5569056517604025,-4.305400852100474
fc0fdde1f00f550e823c7468d4cd234d,CNCC(O)=O,89.09399999999998,-0.7096000000000002,2.0,2.0,4.0,0.4695634757445805,0.0,49.33,0.019616967136971652,0.6665081024169922,0.653093695640564,0.00011555686978681479,0.001725701236864552,0.11683965511620045,0.0003459030340309255,0.03439781777560711,0.001585769816301763,0.07839183248579502,7.121716167191039e-06,0.045681107044219973,0.021420704247429968,0.09690496325492859,0.5429297357797622,0.0006300020060734824,0.011926970817148686,0.0005261969316052272,8.99505935194611e-06,0.0007736826548352838,0.0741303451359272,0.000147860572906211,0.021863939240574837,0.0005583908205153421,0.008386692916974425,8.732201314387567e-05,0.00044941445739823396,3.254091971029993e-05,0.00012232481567480135,0.37046695947647096,0.0011359939438989387,-5.365593503023309,-36.56850028524006,-42.63871311503255,-37.30700124840838,-11.477497631863905,1.2028684758007968,-3.1228490230135617,2.629702742561341,0.7441557428126255,-6.55407176764745
613753453b48cf5160195f457bc7adf6,Ic1cnc(Nc2cccc(NC(=O)N3CCCC3)c2)nc1NCCCNC(=O)c1cccs1,591.4790000000005,4.746000000000003,7.0,4.0,3.0,0.2113861967006588,0.0,111.28,0.211588716506958,0.6902519464492798,0.5673746526241302,0.3015887051820755,0.748195493221283,0.3126427263021469,0.7522169351577759,0.40915340185165405,0.515384966135025,0.6534838318824768,0.9100438952445984,0.24834804087877274,0.5488296985626221,0.9105384588241577,0.9913183450698853,0.006247142748907209,0.010323232319206,0.35613835155963897,0.05407503172755242,0.01198263862170279,0.1195236548781395,0.021217089891433717,0.7822109818458557,0.7098418712615967,0.7384692907333374,0.056808655709028245,0.09134498238563538,0.6145828008651734,0.38820528984069824,0.40907920598983766,0.8932817339897156,-5.556222928569133,84.26840141338123,67.64743641404661,66.90219890511015,-10.491479806703154,2.703829579584826,3.505594029971924,104.12312273514999,-5.191753625476775,2.0226024883721685
567656433de60a3171128d3810bce95e,CN(CCCN1c2ccccc2CCc2ccccc12)CC(=O)c1ccc(Cl)cc1,418.9680000000002,5.7815000000000065,3.0,0.0,3.0,0.45406396462781595,0.0,23.55,0.12077701464295387,0.9863791584968566,0.8169533848762512,0.4909612536430359,0.8665652871131897,0.3767716228961945,0.34283024072647095,0.45911954045295716,0.9467193484306335,0.8434087753295898,0.6193121075630188,0.3191689610481262,0.20330767929553986,0.4673546314239502,0.9996147394180298,0.006220182403922081,0.0045336908893659714,0.23341418206691741,0.08190354704856873,0.005105704814195633,0.03998881317675114,0.023789657279849052,0.9356720805168152,0.9948141932487488,0.4167682290077209,0.005373861128464341,0.14150012880563737,0.3862568914890289,0.05438784547150135,0.5267822444438934,0.9743926525115967,-4.846497811209597,98.44229071864531,46.19097754168159,112.47235886713403,-7.057882771189446,2.6432901597506073,4.394627436227952,111.11778452216325,-5.397824895484894,12.764917022581153
7d32633741f575b15e7a5e15642ca965,OC(=O)CN(CCN(CC(O)=O)CC(O)=O)CCN(CC(O)=O)CC(O)=O,393.3490000000002,-2.6845999999999934,8.0,5.0,4.0,0.18191710880196524,0.0,196.22,0.09669227804988623,0.43825300931930544,0.28920492380857465,0.0034654290997423232,0.15007481947541237,0.11838861787691712,0.072322578728199,0.017495289666112513,0.03789172414690256,0.0991485140286386,0.001022589196691115,0.08380176546052098,0.30987398363649843,0.10727164205163717,0.03156704508000985,0.011340513546019792,0.006732789799571037,0.0022586455859709533,0.00019542970067050193,0.018332301080226897,0.04872956834733486,0.007420638808980584,0.014952672331128269,0.0008522589254425838,0.1436239719390869,0.04027672337833792,0.006680669914931059,0.0005393929837737233,0.03370608929544687,0.7999889612197876,0.03828305583447218,-6.18813682522997,10.794809788124999,1.9389105128779902,-19.808127909795477,-12.848616006423223,2.2437164879822555,-1.7033046453356904,40.86563887744514,-1.8699096743077586,0.7460137348899483
e6505c28665b966d911994068c304941,COc1ccc2cc(ccc2c1)-c1cc(nn1[C@@H](C)c1ccc(cc1)C(=O)NCCC(O)=O)-c1cc(Cl)cc(Cl)c1,588.4910000000002,7.499500000000006,5.0,2.0,2.0,0.18607383417650236,1.0,93.45000000000002,0.08968647122383118,0.1350785329937935,0.8691816449165344,0.22992354333400727,0.3240525394678116,0.4040115654468536,0.5699875473976135,0.043162495270371436,0.025953819649294017,0.5172599375247955,0.20803413689136505,0.47016664147377013,0.25955753326416015,0.9621554851531983,0.9554868936538696,0.00931912292726338,0.010874166246503591,0.30142940282821656,0.2241046905517578,0.05296660903841257,0.13894455656409263,0.45480563044548034,0.338944673538208,0.7209976077079773,0.6004265308380127,0.047122415900230405,0.15575649589300156,0.37550959587097166,0.15998512208461763,0.17175447046756745,0.5673313021659852,-5.432061587628725,-17.310075115787747,7.04632212891193,126.0799423289294,-11.436964865539949,3.631801917160453,2.055588542171245,98.7069030397228,-5.573572510454008,-1.0701554890525151
d141fa278f0a27ed4324cc4a797298dc,C[C@H]1CCC[C@@]2(C)O[C@H]2C[C@H](NC(=O)C[C@H](O)C(C)(C)C(=O)[C@H](C)[C@H]1O)C(\C)=C\c1csc(C)n1,506.70900000000023,4.050520000000003,7.0,3.0,3.0,0.521911808548141,7.0,112.05000000000001,0.2820225790143013,0.1665139265358448,0.8309996604919434,0.0015678652278438676,0.01744766519404948,0.06625378206372261,0.026251482870429756,0.026112375780940056,0.0032214280945481732,0.7510072708129882,0.4227557510137558,0.11449643149971962,0.17618969976902008,0.8134175658226013,0.9903429388999939,0.03690461469814181,0.11960284411907196,0.03697986528277397,0.08002029210329056,0.02378904577344656,0.1496586263179779,0.04942753165960312,0.7373266458511353,0.7358388423919677,0.375224107503891,0.04633058048784733,0.06116916760802269,0.20483151599764823,0.28866502046585085,0.06677599251270294,0.17331466525793077,-5.205675092900561,67.45894561112314,70.27212521344049,17.96792497086263,-11.121449329187799,3.490072587486941,2.236963662325783,83.83504547068192,-3.6886075073814544,4.367301897448543
39778d75ea45d47817df9eb218549409,CCc1nc(N)nc(N)c1-c1ccc(Cl)cc1,248.71700000000004,2.5238000000000005,4.0,2.0,4.0,0.8561371493463951,0.0,77.82,0.17618825286626816,0.8735103487968445,0.9798638582229614,0.7539265155792236,0.17316746674478053,0.1955850377678871,0.03642098559066653,0.17020283937454223,0.04007214568555355,0.5738528072834015,0.035039722360670565,0.38244017362594607,0.04429604597389698,0.9186505794525146,0.9999340772628784,0.02641833834350109,0.09564176946878433,0.4444803535938263,0.12827310636639594,0.04356114324182272,0.2776179134845734,0.0034617649856954814,0.9657874703407288,0.03026522006839514,0.24084920883178712,0.05788854248821736,0.008510740380734206,0.1267094947397709,0.045364079624414445,0.3264068394899368,0.125407437980175,-4.59324248336298,43.36223148834913,39.415760194813615,54.269492844500704,-10.856308719526982,2.786279656963109,2.432726267177297,85.06231953007911,-3.554177237867637,13.592691067027493
22a67555d169fe0f4e8ab79ba3440be4,Cc1cc(NS(=O)(=O)c2ccc(N)cc2)no1,253.28300000000002,1.3660199999999998,5.0,2.0,4.0,0.804736706639606,0.0,98.22,0.022756878472864627,0.6864014029502868,0.9464439034461976,0.009335999749600888,0.043887272104620935,0.4741592645645142,0.03574327416718006,0.03899776078760624,0.003144181286916137,0.22057622373104097,0.020040211826562883,0.39329585134983064,0.024392414651811124,0.9653154015541077,0.9989967107772827,0.01954785604029894,0.05423326641321182,0.008468278218060732,0.0029381310450844467,0.0019547713396605103,0.06686741933226585,0.00031431244424311443,0.5659422457218171,0.03982455246150494,0.018733057752251626,0.0005222259089350701,0.0038031390053220094,0.008036069199442863,0.0010313485632650553,0.14327584728598594,0.024597781896591186,-5.065339751358675,2.9799116570728144,-3.145612027367754,11.15503652783775,-11.790423986970861,1.4962366376795613,-0.08217466680826666,90.14197066684642,-2.7949764500626038,0.7308956412912245
dcc30892aac974922be5f24b5b043adf,Nc1ccc(cn1)C(=O)Nc1cccc(c1)-c1nc(N2CCOCC2)c2oc3ncccc3c2n1,467.4890000000004,3.504100000000002,9.0,2.0,4.0,0.4073417143227323,0.0,132.29,0.3722344934940338,0.271015103161335,0.8962608218193054,0.21511418223381043,0.14828897565603255,0.1673217624425888,0.13728096336126328,0.03827592022716999,0.03047778494656086,0.39179715812206267,0.5579296171665191,0.18563527353107928,0.341829976439476,0.9941836595535278,0.9956588745117188,0.03352639339864254,0.0547112837433815,0.5910754144191742,0.3679382801055908,0.04259418249130249,0.12460342571139335,0.05731422379612923,0.8341663479804993,0.3629306524991989,0.715844702720642,0.20984357297420503,0.058407341875135896,0.6269261717796326,0.5376023054122925,0.27396354675292967,0.8877680897712708,-4.938333873892918,24.006361868234613,32.81831918038683,48.79513274813915,-12.788117357923829,2.899189060019168,3.3699936031946924,96.91591599430174,-4.727233122796202,4.795104863960522
e1c5358ad07228c8e98fb1a4caeddc19,BrC1C(Br)C(Br)C(Br)C(Br)C1Br,557.538,4.581000000000001,0.0,0.0,3.0,0.38296815683753394,0.0,0.0,0.029014351405203344,0.9962656736373902,0.9051023721694946,0.20800152719020842,0.9176694631576539,0.4016738712787628,0.4921822428703308,0.14278843738138675,0.030505733308382334,0.5745163679122924,0.0764843663200736,0.11988107413053513,0.004054201021790505,0.21882474720478057,0.999977707862854,0.0027940400410443544,0.03780083758756518,0.0447054797783494,0.03204561485908926,0.11419965364038945,0.3900486022233963,0.0049411675019655375,0.9837629795074463,0.08246452640742064,0.39128980338573455,0.011697642598301172,0.15980271063745022,0.890923261642456,0.04516811175271869,0.7575628995895386,0.4967683345079422,-4.909622626978637,69.98034191082186,24.08142924769114,73.63813239892065,-2.3832886694869493,3.3171668406345796,4.155524737511868,97.86649138971612,-6.683841975316571,-0.04555189825861126
e11d459937b7137ef5e1ccf1a453f525,O=c1[nH]ccc2c(cccc12)S(=O)(=O)N1CCCNCC1,307.37500000000006,0.5121,4.0,2.0,4.0,0.8468722431477018,0.0,82.27,0.15206378251314162,0.6562300682067871,0.8331180214881897,0.06922067180275918,0.10736182555556298,0.37947386503219604,0.039268689975142476,0.22128938436508178,0.04778337515890598,0.43541439175605773,0.18936223909258842,0.17384302169084548,0.3150617480278015,0.8703830361366272,0.9985984325408935,0.01624423898756504,0.01974297296255827,0.04803373441100121,0.038499116478487846,0.01855895174667239,0.07246779575943947,0.0033682667766697706,0.6460263311862946,0.01937181893736124,0.051211316511034964,0.002682900137733668,0.00732178408652544,0.08310908749699593,0.02442758660763502,0.45321292281150816,0.38085261583328245,-5.067691558013354,85.05035048197445,6.170768869319495,-12.406771093441325,-14.741588556396461,2.741608292502689,-0.19326469919951683,54.311801067461396,-3.650031964815876,-3.3241248849522194
b950119e263631eca50fe548579fe28c,CON(C)C(=O)[C@H](O)[C@H](Cc1ccccc1)NC(=O)c1cc2cc(Cl)ccc2[nH]1,415.8770000000001,2.543099999999999,4.0,3.0,4.0,0.5166911592526899,2.0,94.66,0.5195451498031616,0.45352378487586975,0.8907853722572326,0.607192063331604,0.7168403029441833,0.4874522268772125,0.38456119894981383,0.13429572880268098,0.15429962798953056,0.7403545022010803,0.7521080613136292,0.3037299305200577,0.3942658394575119,0.9112971782684326,0.9995903491973877,0.01247224686667323,0.010706966370344162,0.5086336255073547,0.15142601877450942,0.007078162860125303,0.0535529114305973,0.024540048465132712,0.8805368065834045,0.6621655106544495,0.20623643696308136,0.023603993840515612,0.03460378795862198,0.2639881506562233,0.05117329433560371,0.23751650005578995,0.6609821677207947,-5.671618821650116,26.864073363416622,19.079361485593807,101.27765774774618,-16.611355444037194,3.164347385625759,3.6578431643808336,98.27047369129613,-3.264035122662333,28.347144052442502
be729ddb505941885f08b7662e23c9f9,CC(C)c1ccc(CC(=O)N2CCC[C@H](C2)c2cccc(OC(C)(C)C(O)=O)c2)cc1,423.5530000000001,5.000700000000005,3.0,1.0,3.0,0.6804568220209093,1.0,66.84,0.017115881200879812,0.5038048207759858,0.7934523820877075,0.017542141303420068,0.334138023853302,0.2837607592344284,0.3960789322853088,0.06991175152361392,0.1353116597980261,0.7855575084686279,0.7084599375724793,0.07486146613955498,0.09435113370418549,0.5198744356632232,0.9978819131851197,0.004261319688521325,0.0220480153337121,0.02392631657421589,0.05432193949818611,0.029081052169203758,0.12038319557905197,0.1778014898300171,0.9235915064811706,0.7370451807975769,0.568387246131897,0.001985585584770888,0.06056056171655655,0.026377006992697717,0.007497067423537373,0.20690351128578185,0.30545520782470703,-5.364581577745918,30.342683436106807,41.004700368600176,-17.697660390838614,-6.957025596182895,2.7614256917182725,2.3921139661376736,97.64495554350029,-4.3271497187185135,-2.2596113427033626
2a382bfbe37c3708ce335c5b383a5ad6,CCc1cccc(CC)c1NC(=O)c1nn(C)c-2c1CCc1cnc(Nc3ccc(cc3OC(F)(F)F)C(=O)NC3CCN(C)CC3)nc-21,676.7439999999998,5.819000000000004,9.0,3.0,2.0,0.2026769440976434,0.0,126.30000000000001,0.5853813648223877,0.8679980874061585,0.8395937323570252,0.10648028999567032,0.24840719103813172,0.09148214310407639,0.28837829604744913,0.21977462917566298,0.21671279296278953,0.7802408099174499,0.44636560380458834,0.4035361438989639,0.6671579360961915,0.8728462100028992,0.9969203472137451,0.010820170398801565,0.010182137414813042,0.14401025027036668,0.1414108544588089,0.010542036406695843,0.06507738530635834,0.010467335302382707,0.7254632949829102,0.91971675157547,0.6511684060096741,0.24200401082634926,0.07310546785593033,0.7129747867584229,0.3671302080154419,0.23004511892795562,0.9428426504135132,-4.9810136658138005,-1.6604989559885333,54.04477941852756,90.9170738615601,-9.157768671241385,3.612897324141566,3.2105149165256828,95.1971420275258,-5.2972977358566435,-1.8913731814246595
a0ef723752775661d6bb0c3b3006cc0c,Cc1ccc(C(=O)Nc2ccc(Oc3cc4cnn(C)c4cc3-c3cn[nH]c3)c(F)c2)c(=O)n1-c1ccc(F)cc1,552.5410000000003,5.7455200000000035,7.0,2.0,2.0,0.27390839006022377,0.0,106.82999999999998,0.2640931874513626,0.3030422985553741,0.9129035711288452,0.06265891529619694,0.24830163419246673,0.27931936979293825,0.46773970127105713,0.0739952154457569,0.05189400427043438,0.6980101943016053,0.7707965493202209,0.5035092651844024,0.33610692620277405,0.973420774936676,0.9962757349014282,0.019982771901413798,0.08470448404550553,0.4159944474697113,0.2606300890445709,0.012509927526116372,0.0757106177508831,0.05380973685532808,0.6236772179603577,0.895452868938446,0.5068059504032135,0.11711256876587868,0.04572679940611124,0.7676903486251831,0.21695658266544343,0.07128927148878575,0.9030622243881226,-5.449910250365571,36.24578436290119,36.573580763643676,115.0003274290444,-12.021619479940455,2.8145038432693257,3.0174706450257633,95.12367061543175,-6.201902320278149,-2.3596632572954954
bb82b0c3a12fbbae20d423820aafdc2e,CCN1C[C@H](C)n2c(c(O)c3c2c(nn(Cc2ccc(F)c(Cl)c2)c3=O)C(=O)NC)C1=O,461.8810000000002,2.1407,7.0,2.0,4.0,0.618327322137419,1.0,109.46000000000001,0.19873841255903243,0.39204288721084596,0.8770788192749024,0.08356292434036731,0.2481694519519806,0.3568151146173477,0.43214828372001646,0.08207901641726494,0.09483838602900505,0.7138484954833985,0.7936243295669556,0.21090620011091232,0.11082890629768372,0.9646353721618652,0.9990839838981629,0.007839848799631,0.01294682640582323,0.11506065577268601,0.09245679602026939,0.0076892569195479155,0.046032551862299445,0.0195611672475934,0.945972228050232,0.5811253011226654,0.20770082324743272,0.0126108487136662,0.017425344604998828,0.16704128086566924,0.04961075522005558,0.17701273560523986,0.5662802755832672,-4.603558613334262,-1.8867904393732076,51.14480698448332,77.77551804069938,-13.65844413966995,3.540265878011115,1.4040822130328603,80.68171952970503,-3.936007614207887,4.648449675398717
c53d2c5b40a66b3cb1db01c201af07ae,Cc1nc(=O)c2CSCCc2[nH]1,182.24799999999996,0.8676199999999998,3.0,1.0,4.0,0.6471854374206536,0.0,45.75,0.09907829705625773,0.9555213689804077,0.9737358093261719,0.024168214492965488,0.010919970227405429,0.3993915140628815,0.001000182449570275,0.32671468555927274,0.000579412826209591,0.5323905766010284,0.0003325047360704048,0.06650348082184791,0.03557500839233398,0.7870326161384582,0.9996113419532776,0.0028781675355276093,0.013005809672176839,0.00659303036518395,0.00051446626894176,0.002101737936027348,0.06369460485875607,0.0007720419438555836,0.817814028263092,0.016485491394996644,0.004890169412828982,0.0014441977240494453,0.0021954543801257385,0.0005166218266822398,0.001581759873079136,0.5691709220409393,0.018623814405873417,-4.6538242578927145,16.773275724450446,14.06407756616107,-26.47824415808743,-12.645066018083599,1.635248606825489,-0.3644428875068028,30.709093697614584,-1.211443868956693,-4.874096438780401
7b1bfea012b89789ccf4cdfdcdc0f377,Cc1ncc[nH]1,82.106,0.7181199999999999,1.0,1.0,4.0,0.49044689078380066,0.0,28.68,0.18539021983742715,0.6994317650794983,0.9650997996330262,0.009269939392106607,0.014490386517718435,0.12783635705709456,0.0009037672032718546,0.07467389963567257,0.006950440414948389,0.1291627898812294,0.008912892371881753,0.027749736607074738,0.009351447352673858,0.3683327496051788,0.9997115850448608,0.0003343575808685273,0.0037261855555698275,0.04188124977517873,0.0008627387302112766,0.000931119464803487,0.017702759243547916,1.9837864397231896e-05,0.434262615442276,0.0010194979258812964,0.005189208453521133,0.00023659403868805384,0.003264141594991088,0.00016756620243540965,0.0001713897905574413,0.7151055097579956,0.007796945702284575,-4.702099197871204,-13.760205558609504,-19.204726388096567,-23.480253620503106,-10.180560143272938,1.8435151160456293,-1.1308746431232934,-2.7247190100780925,0.5450115887173163,-9.99683358251839
c026da6ccb85c2db6323aef25ff6082e,Cn1cnc2c(NCc3ccccc3)nc(NCCO)nc12,298.35,1.3795999999999995,7.0,3.0,4.0,0.6370330930554226,0.0,87.89,0.5184569895267487,0.8335208535194397,0.8789681434631348,0.9384632587432862,0.24709560871124267,0.10990382209420205,0.0996207796037197,0.18858153522014617,0.286085931956768,0.3133426487445831,0.26282808780670164,0.15469712615013123,0.08261417560279369,0.8511545538902283,0.9999464511871338,0.024648917093873023,0.018770499946549536,0.7800787568092347,0.15249468088150026,0.010199778247624636,0.13894518315792084,0.010326262284070253,0.8856070160865783,0.23243846595287324,0.5202771842479705,0.1935635969042778,0.05465591661632061,0.3986609548330307,0.1887069508433342,0.5180507302284241,0.7138372898101807,-5.372554306999298,40.83027511337998,41.49580658567806,43.722319052315505,-13.278634279229706,2.1240589760961965,2.3305124497089516,77.09478627772819,-2.4517309576779485,8.349346031138158
e59114e53374936bd72ab8c608860a5a,FC(F)(F)Oc1cccc(CC(=O)Nc2ccc(CCCCc3nnc(NC(=O)Cc4ccccn4)s3)nn2)c1,571.5850000000003,4.549500000000002,9.0,2.0,3.0,0.23689812419046952,0.0,131.88,0.2744122162461281,0.5497700214385987,0.8260536313056945,0.02401462085545063,0.7054758191108703,0.2044633224606514,0.7032611131668091,0.058361740596592424,0.19005001336336136,0.7652786135673523,0.8835340023040772,0.4128539502620697,0.3319974333047867,0.9169581890106201,0.9764986515045166,0.008804298145696521,0.02699468545615673,0.028936152532696723,0.03764318972826004,0.012825087178498507,0.0824296496808529,0.08148041740059853,0.5169513463973999,0.9339055299758912,0.5846491158008575,0.03669914975762367,0.0629160663112998,0.478664767742157,0.18131947964429856,0.1415485270321369,0.6301775753498078,-5.530812059821652,39.693878892378756,54.219792733217126,64.86093501338402,-8.277818407821494,2.852617597020436,2.8649484615190417,98.76437679528446,-5.23113379651917,-1.4849972358538701
f28a48953f0783970a87e900a9462cda,Fc1ccc2c(c1)nc(NNC(=O)c1cnccn1)c1cccn21,322.30300000000005,2.1734999999999998,6.0,2.0,4.0,0.5648133637310419,0.0,84.21,0.9206670761108399,0.8620917797088623,0.9867185950279236,0.8938132524490356,0.1207863673567772,0.4756040096282959,0.09125580489635468,0.1045632928609848,0.03551586139947176,0.4401688277721405,0.7694701313972473,0.3242091476917267,0.4761806696653366,0.9966445207595825,0.9999085426330566,0.01964829508215189,0.0435123723000288,0.9122879266738891,0.15297770053148269,0.01885392442345619,0.19850776791572572,0.01848408589139581,0.9114238023757935,0.1006360836327076,0.5717884004116058,0.2562033236026764,0.03305785655975342,0.26661965548992156,0.28570912778377533,0.5783110648393631,0.5538688242435456,-4.989801893586896,27.510074569489603,20.007355714853094,61.33793281018512,-14.342827366327558,2.654723858709538,2.137512884439636,85.4141380790351,-4.127398708305466,-1.711338957677284
a8e602cea367eca52d4526e49d01cc3f,CCn1c2nc(Nc3ccc(N4CCNCC4)c(F)c3)ncc2cc(-c2ccc(Cl)cc2Cl)c1=O,513.4040000000001,5.077500000000004,7.0,2.0,2.0,0.388054626169556,0.0,75.08000000000001,0.2099179208278656,0.3647010505199432,0.8434842109680176,0.2236025184392929,0.3121273934841156,0.2776178568601608,0.311150524020195,0.2313765302300453,0.06369440630078316,0.7162225842475891,0.6240058481693268,0.47824732661247255,0.4782618582248688,0.9829465866088867,0.9973183512687683,0.03866640217602253,0.035474968329072,0.4956041395664215,0.27730537950992584,0.031849220581352713,0.08293634429574012,0.060431094467639924,0.871026337146759,0.7519479334354401,0.72465740442276,0.055976736918091775,0.08096135407686234,0.5737740159034729,0.4229413211345673,0.24992323517799378,0.9261566638946533,-5.075381170893534,22.756745646250003,33.158197123162786,70.4919303061964,-10.571943867473305,2.7783952906386538,2.864787783871374,99.35940282123545,-5.5671211636251074,15.357593675650227
11292056bfbe08a33136fa3411c9dfec,OCCCCC\C=C/C\C=C/C\C=C/C\C=C/CCCC(O)=O,320.4730000000001,5.189100000000004,2.0,2.0,3.0,0.32236263987538427,0.0,57.53,0.6328322350978851,0.7469173789024353,0.5534926801919937,0.042675110325217244,0.21054874509572982,0.08587604798376561,0.16041124537587165,0.10032536722719669,0.014783401554450393,0.3447593539953232,0.0449838537722826,0.6483459234237671,0.140833197592292,0.05152352415025234,0.9115468621253967,0.025064253155142067,0.025397797278128565,0.0040100575104588644,0.011735381558537483,0.021580292284488677,0.09403376206755638,0.21904674731194973,0.5201465308666229,0.17966383397579194,0.8741564989089966,0.005503326631151139,0.38886421322822573,0.059098045155405995,0.0325619725510478,0.9333536744117736,0.134448317065835,-5.377536235327236,67.04182578836887,3.5983280578657477,25.981049638060426,-6.788846616045525,1.4539132355597035,2.180840671753798,100.08674699570199,-4.1012189860522925,1.1033982856882176
ffa16106655742154eae7652adae9af9,COCc1c(CN2CCNC(=O)C2)n2ncnc(N)c2c1-c1cc2cc(C)cc(OC)c2s1,466.5670000000003,2.588420000000001,9.0,2.0,4.0,0.44975547909255076,0.0,107.01,0.35478185713291166,0.7705722928047181,0.780934464931488,0.0696781799197197,0.6172549664974213,0.3140108808875084,0.5422017693519592,0.19573601335287094,0.09770133271813393,0.8348546504974366,0.8719630479812622,0.17194122970104217,0.5058332681655884,0.9591622829437256,0.9977277874946594,0.010190283413976431,0.01576145030558109,0.2499239042401314,0.1194743350148201,0.02827829010784626,0.08108283057808877,0.030166550911962985,0.8649056315422058,0.5902577102184295,0.5112547874450684,0.06723071485757828,0.01650464739650488,0.10114761590957641,0.31799099445343015,0.20236015766859056,0.8919662237167358,-5.3686250911510145,26.635528374298065,80.05113865561263,-1.5854569185086231,-12.345821816263484,3.0721304348972165,2.764775036065098,93.8377789164804,-3.3288943164454934,-2.0357119625486817
484642f43b532d85327e04ba7b30abf0,Nc1nc(NCc2ccccc2)nc(n1)-c1ccccc1CO,307.3570000000001,2.2252000000000005,6.0,3.0,4.0,0.668548304557522,0.0,96.95,0.26262991055846213,0.7676266670227051,0.9068889856338501,0.9086977481842041,0.49681875109672546,0.16632243543863295,0.07454108074307442,0.2098928228020668,0.3385321795940399,0.34415457844734193,0.5551553845405579,0.18249951153993607,0.09875441491603851,0.8322497844696045,0.9997944116592408,0.029086040705442427,0.061857734620571134,0.7564146399497986,0.26737668812274934,0.04185502491891384,0.3325327068567276,0.007137579657137394,0.8877342224121094,0.12191431820392609,0.4091518700122833,0.10000863000750541,0.01239777635782957,0.4446683287620544,0.05113290287554264,0.4411526799201965,0.6099206268787384,-5.153289496072068,37.54076716206962,26.045205077666946,35.7833587111174,-11.667741821951722,2.1177832650796704,3.0553146280625834,90.44648907382029,-3.8241874973051972,6.445444308163523
ddec04d916ce7f4b27cc086d71e31209,O=C(N1CCNCC1)c1ccc(\C=C\c2[nH]nc3ccccc23)cc1,332.4070000000001,2.7787000000000015,3.0,2.0,4.0,0.7752072726994869,0.0,61.02,0.14258540868759156,0.7876396894454956,0.7575406193733215,0.348856458067894,0.2658242926001549,0.49364572763442993,0.24706491082906723,0.5776166975498199,0.05136139392852783,0.47830961346626283,0.25734545290470123,0.14426939338445663,0.4190088391304016,0.8805453538894653,0.9934157848358154,0.022393129765987396,0.0374888438731432,0.26580623388290403,0.06212784759700298,0.02223952654749155,0.15559848099946977,0.02021172596141696,0.6258476793766021,0.3163255751132965,0.3567042887210846,0.04964114092290402,0.04052859786897898,0.20776194036006929,0.11454076915979386,0.4475938677787781,0.7978261590003968,-5.163501606872446,24.44887486838823,5.541824819642682,6.66879149666534,-12.732727155215638,2.372180119897399,1.5708118587574906,74.25495135840946,-3.8570290233397913,-4.9092201633841395
c3f344bf9e758c06f6a53549907aff06,OC(=O)c1ccc(CN2CCC(CN[C@@H]3C[C@H]3c3ccccc3)CC2)cc1,364.4890000000001,3.7425000000000033,3.0,2.0,4.0,0.7857639825022791,2.0,52.57,0.1301111176609993,0.8098631381988526,0.8570508599281311,0.00839561726897955,0.03895772099494934,0.10842282921075821,0.010839765705168248,0.4053213894367218,0.9405847191810608,0.2934082090854645,0.012577216885983945,0.050407087057828905,0.5620024025440216,0.0674322009086609,0.9674214482307434,0.0020633331732824445,0.011913682892918586,0.022698994167149066,0.0019056434859521687,0.0046005671378225085,0.0920945592224598,0.0033144536660984158,0.32560996413230897,0.05312403216958046,0.04363387413322926,0.0028551519149914383,0.010610399721190333,0.008253683988004922,0.0012311983969993888,0.5738894641399384,0.7137013912200928,-5.548962742036723,22.187148038199794,-18.002688068649853,-11.977510369690053,-8.440678771739448,3.210541993398688,0.4438460831844173,61.42758086274612,-2.81646877547346,0.3545218201020484
0725adc29504943110a02874e0878089,Cn1cnc2c(F)c(Nc3ccc(Br)cc3F)c(cc12)C(=O)NOCCO,441.2320000000002,3.0113000000000016,6.0,3.0,4.0,0.40456998279113743,0.0,88.41000000000001,0.9438644647598267,0.7271179914474487,0.927570128440857,0.23832208290696144,0.059831542521715166,0.1348428562283516,0.09177225418388843,0.03289780393242836,0.017722145840525626,0.5568935155868531,0.19216168597340583,0.3937596321105957,0.4254785358905792,0.8929252028465271,0.9992392063140869,0.0397562351077795,0.03253926616162062,0.7105661392211914,0.3720238596200943,0.02370615052059293,0.09073639288544655,0.029311200976371764,0.8481930375099183,0.4674720585346222,0.5001480519771576,0.20781575739383698,0.04418490454554558,0.4262498885393143,0.3400881886482239,0.36482530236244204,0.7851673364639282,-5.362922596163253,54.616453974577794,26.555885060745503,87.16766172785866,-13.595670523611426,2.29726081513732,2.352726081412133,86.60712994825303,-3.7127129425037166,9.038099101427402
80da01b3a9b15268c903511bb5dc6c1d,O=C1CCO1,72.063,-0.06669999999999998,2.0,0.0,4.0,0.37438135799613564,0.0,26.3,0.5534804165363312,0.9926039099693298,0.9184919595718384,0.004426726000383496,0.023701927717775108,0.049076351895928384,0.0028996565786655994,0.04145826790481806,0.0019854235484672244,0.18280391208827496,0.00020913848202326336,0.14977755695581435,0.02701637167483568,0.6563818991184235,0.9982375144958496,0.0017776898632291705,0.0035557954339310526,0.000280757927976083,0.0005628743296256289,0.000647594832116738,0.03947821520268917,0.0006601175678952132,0.8018982946872711,0.013068815879523753,0.010459241271018983,0.0003851832589134574,0.0024639063281938433,0.00011364889141987077,0.001519707916304469,0.9297969460487365,0.007412693195510656,-4.066938353439079,39.28210245485836,3.4259254398544554,-4.000850334018765,-5.106454901002737,1.2074590839076722,-0.7372332202189212,26.474621059765116,1.0431095032086715,-2.0492770031104968
024902cd07c0d97c5a6b294596c1f6c4,OC(C1CCN(CC1)C(=O)Oc1ccc(cc1)[N+]([O-])=O)(c1ccc2OCOc2c1)c1ccc2OCOc2c1,520.4940000000005,4.199100000000003,9.0,1.0,3.0,0.3885420973238216,0.0,129.83,0.24207278788089753,0.6162912309169769,0.7222967743873596,0.1054491177201271,0.863502037525177,0.1913778603076935,0.9091748714447021,0.19485411196947097,0.46167725920677183,0.8497284293174744,0.9598789572715759,0.20897551327943803,0.238117253780365,0.9231455326080322,0.9984416365623474,0.009029173571616412,0.027068286575376986,0.29626594185829164,0.17639100998640062,0.018740831501781942,0.13438407629728316,0.006248564040288329,0.926674485206604,0.897020447254181,0.4865205466747284,0.00961749516427517,0.05338920578360558,0.8911590576171875,0.07480879873037338,0.23419017791748048,0.9226600050926208,-4.784216714106963,54.76825470184713,65.84239878330929,-8.188282393618593,-7.853687150841988,3.111741372687793,3.476685491114464,101.37713739568213,-5.618227247773768,-0.3847945199954236
9baae5af92efe0b69db15a6d4d88d965,CCc1cccc(c1)N(C)C(=N)Nc1cccc2ccccc12,303.40900000000005,4.885270000000003,1.0,2.0,4.0,0.5341643395360848,0.0,39.120000000000005,0.5767383456230164,0.9157328486442566,0.8723553061485291,0.906186044216156,0.6460334360599518,0.24848901629447936,0.07910240069031715,0.7195485353469848,0.9076459050178528,0.6159684419631958,0.45315438508987427,0.2020399823784828,0.09956387281417847,0.640801978111267,0.9996677517890931,0.02315544355660677,0.04578508399426937,0.7057382941246033,0.11579543948173524,0.04290123209357262,0.2549894869327545,0.016703981533646585,0.9199216961860657,0.7704766631126404,0.5044967532157898,0.038077013194561006,0.08880965486168861,0.38958835899829863,0.13238265216350556,0.7295677661895752,0.9198031187057495,-5.434097413407465,64.37391620548864,24.874490816121867,77.69770638631168,-8.843711510076066,2.576176903132557,2.011861735048634,92.13160899610894,-4.289729803716293,18.347332079957678
e26a4cd7d3a377714872a926fe44d659,Cc1cc(O)cc(C)c1Cl,156.61199999999997,2.662440000000001,1.0,1.0,4.0,0.6125193183423138,0.0,20.23,0.024735576286911965,0.5982263028621674,0.9483390212059021,0.965606689453125,0.5923832058906555,0.3348936140537262,0.48325619995594027,0.4765959829092026,0.056676905741915105,0.6278492033481597,0.19238806739449502,0.432934707775712,0.00019278510744697997,0.4122945547103882,0.9999986410140991,0.00033377371000824495,0.01530823465436697,0.07321073412895203,0.012810039846226574,0.04192848689854145,0.09033493772149086,0.007562968553975225,0.9220787286758423,0.0035519231110811233,0.23248597085475922,0.004622541856952012,0.04494628868997097,0.7701336741447449,0.0488225931301713,0.8216853141784668,0.10851083397865295,-4.500483982178789,165.65997784089367,92.35355181078322,33.17125655092932,-6.627171119416552,1.8237639082618293,3.533336167172739,86.81173808836128,-2.2176080178357402,0.8819603313485711
08f376c998881f8284dea79ce043bec7,Brc1ccc(NC(=S)NCCc2ccccn2)nc1,337.246,2.7682,3.0,2.0,4.0,0.8405439066338769,0.0,49.84,0.3561237543821335,0.902838158607483,0.935067093372345,0.9174296617507934,0.9006248950958252,0.28308706283569335,0.2853192090988159,0.2486362040042877,0.26892933398485186,0.5267540872097015,0.49504061341285704,0.238476000726223,0.16295315623283385,0.805268931388855,0.9998567700386047,0.022082908451557158,0.024471123050898314,0.5601192235946655,0.12017471939325333,0.02314293561503291,0.2787988096475601,0.03593843206763268,0.9642676711082458,0.07355755940079689,0.6717649221420288,0.15971182137727738,0.3799909591674805,0.3588250458240509,0.1546906054019928,0.6593002796173095,0.37531414031982424,-4.945254016124598,89.81296618094714,53.30321946279521,96.99102105987393,-10.906309028783852,2.7045320996646813,2.7623940995150873,81.14493052067589,-3.382438561414646,29.902685951044084
6f35d64d5e84f3bd5c68cf354372e45e,Cn1c(NCCN(CCO)CCCc2ccc(cc2)[N+]([O-])=O)cc(=O)n(C)c1=O,405.45500000000015,0.33119999999999994,9.0,2.0,4.0,0.4079432744228384,0.0,122.63999999999999,0.3773328959941864,0.6544551849365234,0.6506678104400635,0.023951194202527403,0.06787419281899928,0.16725187599658967,0.06800217851996422,0.22149553298950195,0.42052357494831083,0.4954847633838654,0.10278875529766082,0.3300014466047287,0.5353735148906708,0.2965483069419861,0.9341181635856628,0.025745693780481815,0.027144907414913176,0.0377329321578145,0.016354685463011265,0.0105144368018955,0.0499456588178873,0.0007258806494064629,0.5667577862739563,0.5695518493652344,0.034208128787577154,0.001992439350578934,0.009627825394272805,0.07371554411947727,0.007079300889745355,0.5336593151092529,0.8828751802444458,-5.344235888564027,37.88814210031718,27.693868612625675,52.133792398629,-12.318409910177571,2.7807931802131907,1.210057954634895,66.0097807392837,-2.7051791853430496,1.92161139069689
f7c897aab735627617eafd9c76c8deaa,CN[C@@H](C)C(=O)N[C@@H](C1CCCCC1)C(=O)N1CCC[C@H]1C(=O)Nc1snnc1-c1ccccc1,498.65300000000013,2.8076,7.0,3.0,4.0,0.5154303025279506,3.0,116.32000000000001,0.18632660061120987,0.5074308216571808,0.8071133971214295,0.01050953685771674,0.1859449565410614,0.31511768102645876,0.07078518830239773,0.18415468484163283,0.029184879269450903,0.8091514945030213,0.903825044631958,0.22198439687490462,0.3966034173965454,0.8044700980186462,0.9857386946678162,0.010404819156974554,0.020712942630052567,0.03176253829151392,0.015267505124211312,0.019816542603075506,0.08195289224386215,0.032403061352670195,0.7838958740234375,0.5067132174968719,0.4387654304504395,0.06841032803058625,0.05935547985136509,0.06598205789923668,0.07627169862389564,0.1490488313138485,0.28394244611263275,-5.3271541048865005,33.54315220085625,34.86884947951185,65.4249425883738,-10.204687540092015,3.334175953533564,2.454962378017062,81.30350708780728,-3.8159069845630276,6.9783249891328865
4ad81871bdf548c35f6b79051ad664c3,Clc1ccc(cc1)C(c1ccc(Cl)cc1)C(Cl)(Cl)Cl,354.491,6.495500000000002,0.0,0.0,3.0,0.5403341220433435,0.0,0.0,0.04919523075222969,0.8598533987998962,0.8653267741203308,0.8194202303886413,0.984736442565918,0.20845038890838624,0.8790974020957947,0.025847695022821426,0.38575049340724943,0.4954364776611328,0.4240639716386795,0.5597279906272888,0.0039248221786692735,0.2436279572546482,0.999996280670166,0.0014430417795665562,0.0026299643563106657,0.046998915076255796,0.12801578044891357,0.38561789095401766,0.7574735641479492,0.010995295958127826,0.9658623099327087,0.01685574499424547,0.219374418258667,0.0017523926799185574,0.11129012405872345,0.9775399804115296,0.07723157703876496,0.7889685988426208,0.6639035284519196,-4.60114777566665,60.39050148672338,5.8548108668299035,30.17945659341435,-3.9467953952418995,3.0284765314424056,3.8579054626416514,102.87079064347088,-7.275036065069896,10.409239129768816
ec8150f0a5399a2bc5e80d10434c5012,Cc1ccc2C[C@@H](CCc2c1CCC(O)=O)NS(=O)(=O)c1ccc(Cl)cc1,407.9190000000001,3.5014200000000013,3.0,2.0,4.0,0.7671257368531637,1.0,83.47,0.0214151993393898,0.5587901771068573,0.9291271924972534,0.4472750186920166,0.6428942561149598,0.6834481477737426,0.4871108829975128,0.06263184547424316,0.36697002351284025,0.7074636816978455,0.5767748832702637,0.4580062687397003,0.13363618776202202,0.907961642742157,0.9990862250328064,0.019694522954523563,0.0643579676747322,0.08514306992292404,0.024505238607525827,0.026105522736907007,0.13244396448135376,0.24509380608797074,0.7769865155220032,0.15172912776470185,0.19670145809650422,0.005318003566935658,0.027142197266221045,0.13822862058877944,0.019304676353931426,0.20825602114200592,0.17675825208425522,-5.445469202111812,3.777709144403837,13.338964811295307,-1.6175737808606399,-7.976772400765819,2.6233795297712024,1.0614971927167272,98.47260619247525,-4.1709126647386,-2.950744753559993
fc93c37c1a45c766dba25ba6cc1f752a,CC(C)COC(=O)c1ccc(N)cc1,193.24599999999998,2.0816,3.0,1.0,4.0,0.590312419298587,0.0,52.32,0.3590038299560547,0.8809358716011048,0.9252318024635315,0.8861008286476135,0.5512667655944824,0.1800308682024479,0.2390749454498291,0.21109488159418105,0.037570403143763545,0.38585421442985535,0.07481991685926914,0.4080537334084511,0.007666169025469571,0.5771314322948455,0.9999806642532348,0.0057405309285968546,0.15337203294038773,0.7850940823554993,0.07616007626056671,0.15628758668899537,0.708574652671814,0.006360828690230846,0.9744501233100891,0.003918799350503832,0.07932127341628074,0.32319678366184235,0.014430256746709346,0.13101603090763092,0.009056891500949859,0.5022129714488983,0.26104972064495086,-4.248667233945211,109.27111226247287,60.714155356243324,17.223398707097655,-7.01466776603354,2.0332539519467283,2.0905328616375236,78.34531137324765,-2.82930832912062,6.190287143108731
241ffdf67d613159a3f4094e812fda83,Cc1cc2sc(NC(=O)Cc3ccccc3)nc2cc1Cl,316.8130000000001,4.439320000000002,3.0,1.0,4.0,0.7758709829653985,0.0,41.99,0.26606832444667816,0.9583298206329346,0.9004743814468383,0.9847966313362122,0.9743086576461792,0.36079503893852233,0.8203159689903259,0.10487771257758141,0.12154720649123192,0.6635197758674621,0.4538526713848114,0.20066436678171157,0.022274476056918503,0.9605239748954773,0.9999926567077637,0.07014268077909946,0.14310179501771927,0.94119234085083,0.3904975116252899,0.06230858340859413,0.6484406888484955,0.21429717689752578,0.9676648259162903,0.43076697885990145,0.9151737928390503,0.5684916019439697,0.4699061751365662,0.9178431987762451,0.5521058082580567,0.5861328840255737,0.2857412725687027,-4.605635655672574,76.82952295337273,82.95758310738717,112.2835549016603,-10.073008243067887,2.5267177709887383,3.944137976232997,101.94209372046987,-5.057580975720289,23.48800906417552
4044ea5a9c6ab28ef847774645414d20,O=C(CSc1nc2CCSc2c(=O)n1-c1ccccc1)Nc1ccc(cn1)-c1ccccc1,472.5950000000001,4.673500000000003,7.0,1.0,4.0,0.3245484819411356,0.0,76.88,0.19231819808483125,0.7403335213661194,0.844909417629242,0.21300456821918487,0.7957359790802002,0.6934269428253174,0.830371105670929,0.13450631499290466,0.07516312152147293,0.6501621186733246,0.7198451042175293,0.44509921669960023,0.2030581057071686,0.970590603351593,0.9977660417556763,0.015956278890371323,0.02696042638272047,0.2716409146785736,0.12995728552341462,0.014390283636748791,0.13865523189306259,0.2267463356256485,0.9090632796287537,0.9575906038284302,0.7338433623313904,0.08811558037996292,0.15047973841428758,0.5261025667190552,0.11818544417619706,0.2884173631668091,0.7399692535400391,-5.478293592561845,115.09443935836084,118.85038585645825,38.15016295710276,-10.111877109447331,2.3294687357715262,3.875439524887791,98.27803703854589,-5.3553714628122835,-6.173228386564707
fe3c2eed394389e7e7e6d5d9fd8001d6,CC1(C)CCC(C)(C)c2cc(ccc12)C1(OCCO1)c1ccc(cc1)C(O)=O,380.4840000000001,4.9817000000000045,3.0,1.0,4.0,0.8156957051988875,0.0,55.76,0.15697489008307458,0.6622150540351868,0.8631232261657715,0.0035732558782910926,0.14483965933322906,0.18967786207795143,0.10419022291898727,0.023853658325970174,0.04122120742686093,0.5582376062870026,0.02029948364943266,0.40365241169929506,0.055601942166686055,0.7636245489120483,0.9878581285476684,0.0007737013249425218,0.008387068845331669,0.03600761517882347,0.07762964777648448,0.052153317630290984,0.10734441131353378,0.11236419640481472,0.7818669676780701,0.15973098278045655,0.2272693932056427,0.005653183767572045,0.06155083030462265,0.5282419621944427,0.033671859093010424,0.5786342680454254,0.2701013058423996,-4.959748124559399,60.595034280326765,56.387873205211484,3.8609014367087204,-5.218277153934464,2.7386426869635216,2.4099768903416416,100.13193921180489,-6.171294634464247,0.7771875795948155
2642d6990b3eb114921d71813a66ddd3,CCCCCCCCCCC[C@@H](C[C@@H]1OC(=O)[C@H]1CCCCCC)OC(=O)[C@H](CC(C)C)NC=O,495.7450000000004,6.881900000000007,5.0,1.0,3.0,0.0948674729834446,4.0,81.69999999999999,0.48308278918266295,0.35564887523651123,0.5262360751628876,0.004713898815680295,0.07149374447762966,0.024045878928154706,0.055602452158927916,0.029639909230172633,0.019532261160202326,0.7554989099502564,0.8461990118026733,0.28053601682186124,0.13501369319856166,0.476916241645813,0.9940969944000244,0.015993911121040583,0.052585572376847266,0.010589570854790509,0.16187735721468927,0.04672942571341991,0.09796801060438157,0.04275406002998352,0.8283026814460754,0.9543847918510437,0.4791563510894775,0.010321833984926343,0.14999072030186653,0.11657499521970749,0.11885883659124374,0.839205288887024,0.5557265341281891,-5.222041324212232,111.88258701314476,113.59130310533892,20.654806339502603,-3.5004528664712815,1.9969164991891055,4.308941976718896,109.4739967873024,-7.041139305730016,6.846886473534705
f8a253396d03de7de8944c4fea6476b6,CCOc1nc2cccc(C(=O)OCc3oc(=O)oc3C)c2n1Cc1ccc(cc1)-c1ccccc1-c1nc(=O)o[nH]1,568.5420000000003,4.705220000000004,11.0,1.0,2.0,0.242490769835421,0.0,155.59,0.06579258739948272,0.2966788083314896,0.7219155073165894,0.22854461520910263,0.9221467256546021,0.3949347734451294,0.9652950048446656,0.06111659072339535,0.11516775824129581,0.699673306941986,0.8901448965072631,0.22227653078734874,0.14406436830759048,0.9616712212562561,0.9976246953010559,0.006093333021271974,0.014989876747131347,0.1792071521282196,0.12843564301729202,0.013940070243552326,0.042045353725552556,0.09221436753869057,0.6547318220138549,0.9420175194740296,0.3322637856006622,0.019552488625049592,0.06487043350934982,0.5787172734737396,0.07177271358668805,0.1976689487695694,0.9256558775901794,-5.24683738508285,79.25492315456698,71.18738517808474,26.0781774426627,-9.32602461564677,2.518165131124401,3.280733073408058,97.29208960135455,-6.051297214733114,-2.517749180216256
3eb7c2324971f150eee70d85ae966258,OC(=O)[C@@H]1CCC[C@H]1C(=O)c1ccc(cc1)-c1ccc(NC(=O)Nc2ccccc2)cc1,428.4880000000001,5.681200000000004,3.0,3.0,3.0,0.44016180456196397,2.0,95.5,0.050409088283777236,0.45407616496086123,0.9551854968070984,0.12575674131512643,0.09512155428528786,0.7756758689880371,0.18676116168498993,0.036962616816163064,0.020678491238504647,0.2479338452219963,0.01995162758976221,0.6966222405433655,0.1734937235713005,0.9821436405181885,0.9814466118812561,0.03276079671923071,0.04926171414554119,0.3149976909160614,0.045678280480206016,0.0199106658808887,0.15756806284189223,0.4703701674938202,0.3799470692873001,0.27214296385645864,0.6627807915210724,0.07817031368613243,0.057669582590460775,0.4935744881629944,0.10417883992195129,0.17494436204433442,0.159100741147995,-5.079806482831303,34.29584966366322,2.178555336736447,43.11829014972581,-9.060293831036521,3.1317921590790663,1.681633674199506,95.05040649478391,-5.205254601626407,-5.652571831945242
81209170c81e7f0a45831ea6ef555a75,C[C@H](CCCC(O)(C(F)(F)F)C(F)(F)F)[C@H]1CC[C@H]2\C(CCC[C@]12C)=C\C=C1\C[C@@H](O)C[C@H](O)C1=C,524.5860000000004,6.789500000000008,3.0,3.0,2.0,0.3355016715591355,6.0,60.69,0.4484080970287323,0.9248090267181397,0.62070392370224,0.011804939198191278,0.09113963395357132,0.03721770476549864,0.11108552291989326,0.06803878135979176,0.09469120409339667,0.7606273651123047,0.45194175839424133,0.5388402163982391,0.11279416531324386,0.11277423948049545,0.9996272444725036,0.038773488625884055,0.06694707050919532,0.0076493832282722,0.249476557970047,0.033911827579140665,0.1365037202835083,0.012413993570953607,0.8124071359634399,0.9080839276313781,0.6726449728012085,0.006813118513673544,0.2588680386543274,0.9046216249465943,0.1518278017640114,0.5696350455284118,0.8365715026855469,-4.871128661067072,25.55748166391961,22.052785382355168,31.060827337393867,-3.9595259554190667,6.023548300882586,4.781921741106602,103.54673116440092,-5.356107612957399,5.6842952156809705
a02496795029cebd1c40feefa678dedb,CCCCCCCCOc1ccccc1C(=O)Nc1ccc(cc1)C(=O)OCC[N+](C)(CC)CC,483.6730000000004,6.321400000000007,4.0,1.0,3.0,0.1723215809225798,0.0,64.63,0.19274327233433725,0.38661092072725295,0.22137172222137452,0.17684159874916078,0.038458965718746185,0.1539996787905693,0.0091139012016356,0.5327353298664093,0.6727990746498108,0.7703245282173157,0.19309637174010277,0.458637535572052,0.015089634899049997,0.15038265530019998,0.07834816724061966,0.011094549763947725,0.02553702425211668,0.038425232656300067,0.14630759209394456,0.033663048036396505,0.09567529335618019,0.005412974808132276,0.7667124390602111,0.8805183291435241,0.11518639996647835,0.0063632175792008635,0.04257817193865776,0.3247683972120285,0.020092499535530807,0.7869811534881592,0.9763916254043579,-5.162869032295241,117.75018724328936,110.90254167673538,40.099818520792354,-7.457129967268,2.528753668965453,2.7510835128574844,79.69724344807523,-4.518319236883234,6.040277439317775
d7bf8184c31ce18937d5a41e068abff5,[H][C@@]12CCCCN1C[C@@H]1C[C@H]2CN2C(=O)CCC[C@]12[H],248.36999999999998,1.8716999999999997,2.0,0.0,4.0,0.653212201411745,4.0,23.55,0.09374988861382008,0.8868739366531372,0.7671632647514344,0.004365563520696014,0.02168196989223361,0.05724013149738312,0.004755365860182792,0.46501882672309874,0.048470684140920636,0.4457037791609764,0.006044036732055247,0.004109303485893179,0.13602555692195892,0.03505273791961372,0.9911403894424439,0.019275313895195722,0.22048305869102477,0.005699552054284141,0.006997128471266478,0.024901284370571375,0.20030615627765655,0.00010454596103954827,0.9106392741203309,0.018251780793070792,0.02739479737356305,0.0008733511451282539,0.0008296788113511866,0.0006350131581712049,0.0031008489488158373,0.6411517143249512,0.4060607381165028,-4.619344426306528,29.169570544558972,-3.5591428301004213,15.692404326722809,-7.749669084793327,2.276538940478288,-0.08496173186854916,31.968361563001373,-1.3932949367578256,3.126281112927477
df5915da25e397229f3efa6347e41409,Oc1cccc(Nc2ccc(Nc3cccc(O)c3)nn2)c1,294.314,3.375000000000001,6.0,4.0,4.0,0.5895670551083633,0.0,90.3,0.6624408066272736,0.22443888038396836,0.7619035720825196,0.9089292168617249,0.7089626908302307,0.17200497090816497,0.551793771982193,0.23094502687454224,0.5145811378955841,0.5285176992416382,0.6711226820945739,0.14517121911048889,0.02719050459563732,0.8565604448318481,0.9989600658416748,0.01118873069062829,0.05021165534853935,0.8965171456336976,0.17665139138698577,0.19072507470846176,0.5261463522911072,0.03370135277509689,0.6561898112297058,0.11366780176758766,0.8490672588348389,0.31408366560935974,0.2663999229669571,0.9370043635368347,0.4151314675807953,0.7762963891029357,0.5844617545604706,-5.348015287557959,72.87968469178105,15.398937467042154,-11.712517269214752,-10.562958350856821,1.786731227572444,2.9621935529265544,88.15152244700654,-3.581664242677109,-5.167069536429651
4c743a9cf6420acec9496c62123a9c9f,CCCC[C@H](C)C[C@H](O)\C=C\[C@H]1[C@H](O)CC(=O)[C@@H]1CCCC\C=C\C(O)=O,380.5250000000002,3.8872000000000027,4.0,3.0,4.0,0.25594104504524345,5.0,94.83000000000001,0.11302163004875183,0.6667739033699036,0.5955860078334808,0.03003006409853697,0.11336258053779602,0.11266817227005958,0.14668002128601074,0.05926099494099617,0.09391373470425605,0.5066523134708405,0.15135761052370073,0.0865037240087986,0.2057313323020935,0.19869523793458937,0.9941217184066773,0.06810919269919395,0.08393752723932266,0.01893967594951391,0.07273831814527512,0.038516560569405556,0.1413113757967949,0.32431243658065795,0.5853653490543366,0.48002648949623106,0.5138212263584137,0.015299896756187082,0.2563630729913712,0.12979786992073059,0.07804922834038734,0.3600908420979977,0.060779156535863875,-5.293389824695094,67.3420413242436,2.131688245632744,-18.010272622018345,-9.12170048073848,3.218220612956827,1.4075329848836802,93.31301362868828,-3.521724860008007,0.8065340971224148
673c86b48db5148e6c157797830ad54b,Cc1cc(O[C@@H](CCC(F)(F)F)c2ccc(cc2)C(=O)NCCC(O)=O)cc(C)c1-c1ccc(cc1)C(C)(C)C,555.6370000000003,7.935040000000008,3.0,2.0,2.0,0.26635431892994355,1.0,75.63,0.1510404661297798,0.2953470528125763,0.8959057569503784,0.049362960085272786,0.13620424568653106,0.3875766694545746,0.16239793077111245,0.06771412566304207,0.009609490539878607,0.7317501783370972,0.1348554402589798,0.8769955396652221,0.05041848793625832,0.8004656076431275,0.9785773515701294,0.003964371746405959,0.00799059090204537,0.04833369664847851,0.07449085339903831,0.04851066321134567,0.1772220604121685,0.2530490256845951,0.32352870106697085,0.8624110817909241,0.35681937634944916,0.005421737022697925,0.08461625427007675,0.442550528049469,0.03080631624907255,0.2609151303768158,0.6261434197425843,-5.254687278671061,19.11190179805221,33.001688051714225,64.23684435670202,-6.279468144039742,3.4720131251206974,2.7242219312307263,102.87006801660459,-6.373538244594539,1.3515357111166784
f5951c315b785c79f046aaab7154244e,SCCCC(=O)NC1CCN(CC1)C(=O)COc1ccc(Cl)cc1Cl,405.3470000000001,3.189400000000002,4.0,2.0,4.0,0.685486027719133,0.0,58.64,0.1409301370382309,0.9585920095443725,0.6989282906055451,0.49285630583763124,0.8766669869422913,0.10519206076860428,0.5941008448600769,0.3461585283279419,0.36363485455513,0.8513775706291199,0.689841878414154,0.15828894898295404,0.1751597508788109,0.6775106847286224,0.9998039364814758,0.006516469200141728,0.009358821902424097,0.14759265929460524,0.059757602959871294,0.0053528488264419135,0.1276329442858696,0.03375945556908846,0.976137661933899,0.45989848375320436,0.5661690473556519,0.012824833579361438,0.09927071779966354,0.03322896771132946,0.11938373595476151,0.5341002345085144,0.7039490103721618,-5.104477005502682,54.760889867407705,12.189858129936045,21.463066583839645,-9.038407213918134,2.187331470317405,2.163345572273412,87.96147988269233,-3.894679616269248,2.4901274795479154
783adafca73a445236b4d1b4eb7c028d,CCc1cc2C(=O)c3c([nH]c4cc(ccc34)C#N)C(C)(C)c2cc1N1CCC(CC1)N1CCOCC1,482.62800000000044,4.773280000000004,5.0,1.0,4.0,0.5820901201895604,0.0,72.36,0.3451525390148163,0.8875171899795532,0.7073719263076782,0.3282742500305176,0.4035301446914673,0.07670149002224207,0.4089533507823944,0.3910131350159645,0.13923631310462953,0.7190982103347778,0.5529625952243805,0.14810357391834258,0.5255942463874816,0.7032735705375671,0.9978798985481262,0.12192809134721756,0.022140682302415372,0.6189124524593353,0.46745812296867373,0.1237524501979351,0.0681381031870842,0.018215289898216726,0.8104904055595398,0.9542423844337463,0.5321142494678497,0.29630727618932723,0.20555788278579712,0.8133984327316284,0.6659604251384735,0.36500777006149293,0.9744061350822448,-4.812379871716835,35.265719749015226,59.423884004726446,96.41315495552952,-10.012553473105594,2.8921070348087614,3.8682063183801008,95.56552752525147,-4.776839990071503,10.567457955244334
19909c0b04be6a5dfa86ff3b4dd584c2,Cc1ccc(NC(=O)C2(CC2)c2ccc3OC(F)(F)Oc3c2)nc1-c1cccc(c1)C(O)=O,452.4130000000002,4.747020000000004,5.0,2.0,4.0,0.5800857204161392,0.0,97.75,0.5423484802246094,0.6277738511562347,0.9626341342926026,0.03924331236630678,0.14405169188976288,0.22783370912075043,0.31718325316905976,0.016573497094213963,0.075564294308424,0.38650661408901216,0.22113073021173477,0.5317614257335663,0.2039259158074856,0.9677079796791077,0.9931016802787781,0.022468789387494324,0.08147422969341278,0.17598895430564881,0.12002863734960556,0.018551022978499532,0.19770251512527465,0.11975793763995171,0.4306911051273346,0.25806934684515,0.6701425313949585,0.18658738434314728,0.05557730048894882,0.7537604808807373,0.29068713784217837,0.15700251311063768,0.33100685477256775,-4.909703607562032,20.888324654252536,34.12422992573405,-13.201193072431128,-7.981160791126629,3.63750830344799,2.1408191424202587,89.50513652478932,-6.171947477369144,1.4074650168541396
519d4c5658db02e37ff4cf53f2ec3cd5,OC(=O)c1ccc(cc1)-n1nc(nc1-c1ccccc1O)-c1ccccc1O,373.36800000000005,3.7107000000000023,6.0,3.0,4.0,0.5031628713401723,0.0,108.47,0.12160371094942093,0.11162671372294426,0.7214141845703125,0.07643413357436657,0.16966549754142762,0.31304970681667327,0.22309201955795288,0.010987164545804262,0.03497808203101158,0.13933435901999475,0.012404709588736296,0.21601693332195282,0.17293935418128967,0.955065643787384,0.848318338394165,0.010850522178225219,0.04018882773816586,0.17284321486949922,0.03626977615058422,0.12437353506684304,0.39065447449684143,0.1250029742717743,0.13036465793848037,0.10809225663542747,0.1966486766934395,0.06971695199608803,0.04359737820923328,0.1453986793756485,0.032019336521625516,0.2246036171913147,0.1568383000791073,-5.376814352307027,33.28199333616758,4.202673219432974,-34.508532217488025,-11.031066824095657,1.781416578982385,1.029925884808799,98.1314563847067,-4.155196978150213,-0.4420193189891567
7e3f22945d8b9452c54caf8559bcc58e,C[C@H]1CO[C@@H]2Cn3cc(C(=O)NCc4ccc(F)cc4F)c(=O)c(O)c3C(=O)N12,405.35700000000014,0.9626999999999997,6.0,2.0,4.0,0.7924971534172238,2.0,100.86999999999999,0.6973308742046356,0.7140647530555725,0.9372928500175476,0.017128072027117015,0.04990009954199195,0.17036429941654205,0.07675436232239008,0.034908263199031356,0.01807251968421042,0.5567434966564179,0.09062151648104191,0.11325515806674957,0.30822685062885286,0.9488972067832947,0.9975720643997192,0.022847655043005944,0.03400088008493185,0.022690982092171907,0.07465879023075103,0.010501082148402929,0.07036154493689536,0.008593236841261388,0.8394617915153504,0.16394190937280656,0.12447277903556823,0.030547442846000195,0.005555492686107754,0.022545324359089135,0.08218939453363419,0.16667052656412124,0.32847065627574923,-4.703774217116416,40.53176177931722,26.181511231581347,-3.248312729562874,-13.424344977045171,3.108553071146442,0.8200508103118,75.71971480268924,-4.05339827175105,-2.2932535712982753
9108297bcad9397b38465182115ed0f2,Oc1c(C(=O)C2CC2)c(=O)[nH]c2cc(Cl)ccc12,263.68,2.4798,3.0,2.0,4.0,0.817994245013786,0.0,70.16,0.16877806186676025,0.5719378530979157,0.9699387550354004,0.955051851272583,0.10669668689370156,0.4141360342502594,0.18506892174482345,0.2459468960762024,0.05372520312666893,0.5729356169700622,0.0777676522731781,0.11365859508514405,0.03405242264270782,0.9484172701835633,0.9999932765960693,0.02342558642849326,0.015408906619995832,0.7484441280364991,0.031081693060696126,0.020203345082700254,0.057162937521934507,0.023848080635070802,0.9329506039619446,0.037910886202007534,0.37301081120967866,0.19053809940814972,0.08453098461031913,0.616085308790207,0.24338754117488862,0.2789042204618454,0.04236437045037746,-4.331311573817952,86.00077138279065,0.3811050616151931,-2.9032720953521585,-15.166751562841654,3.4001029162756096,1.720933733884578,93.45955522102184,-4.891387599832581,-0.5564371847911511
d96b2958c8108601f9b73988b65c1495,OC(=O)c1nn(CCc2ccccc2)cc1NC(=O)CSc1ccc(Br)cc1,460.3530000000002,4.317300000000003,5.0,2.0,4.0,0.489607428743088,0.0,84.22,0.17079178914427756,0.4957280337810516,0.9001875758171082,0.46518628001213075,0.8961417436599731,0.432351678609848,0.9129080772399902,0.024649861641228198,0.4914169371128082,0.21327318698167802,0.4178178757429123,0.4888389647006989,0.10821014493703843,0.958360469341278,0.9912543535232544,0.009380252938717604,0.01976376920938492,0.11951427608728409,0.05973743572831154,0.01422986900433898,0.16046487540006638,0.3398506879806519,0.31214300394058225,0.4029137432575226,0.517429256439209,0.04170542731881142,0.10329229086637497,0.5040227890014648,0.09580728560686111,0.45261051654815676,0.21811769604682923,-5.4917053813140555,82.96352722601786,66.15256106189912,14.890114636021929,-8.83113867989708,1.938676979671478,1.9580884458850403,94.9831911461174,-4.855163813930853,-5.8802626181171425
cfd1908aadb8209cc366ec6f01e546ce,Cc1noc(NS(=O)(=O)c2ccc(NC(=O)c3cc(nc4c(C)cc(C)cc34)-c3ccccn3)cc2)c1C,527.6060000000002,5.571580000000004,7.0,2.0,2.0,0.29539986774708504,0.0,127.08000000000001,0.09144998490810394,0.3081573784351349,0.8044294953346253,0.112361840903759,0.4792270541191101,0.5916076481342316,0.7339836239814759,0.10429574176669121,0.07818525917828083,0.7009067416191102,0.6469872415065765,0.5729888081550598,0.23691369146108626,0.9805229067802429,0.9843320608139038,0.026550368592143058,0.09098598472774029,0.16403901875019072,0.09588900953531265,0.012718424759805202,0.07912900000810623,0.07741397581994533,0.8078982353210449,0.7811342477798462,0.43326810002326965,0.05066043511033058,0.060673458874225615,0.6197901368141174,0.1835963472723961,0.12739046066999435,0.8111349225044251,-5.160318595590789,19.386700002541936,58.53192788979963,151.17595291464113,-11.533296362729383,2.720500735444358,2.5689164847806873,98.19389477845482,-4.362844878544232,-1.9820597369934254
311a650e456a4fa8c460d56f9d9f8678,CNC(=O)c1ccc(Oc2ccc3CCN(CCc3c2)C2CCC2)nc1,351.4500000000001,3.186600000000002,4.0,1.0,4.0,0.919118649793458,0.0,54.46,0.4706322491168976,0.970059871673584,0.8973702192306519,0.22726159244775773,0.07690727040171623,0.29074088037014006,0.023901940695941447,0.6424857139587402,0.818742835521698,0.7731608629226685,0.14893530160188675,0.06999190822243691,0.6507892668247223,0.30776340663433077,0.9974926948547364,0.014416537061333657,0.05668400786817074,0.19617168456315995,0.032883965596556666,0.022191786393523216,0.1256502613425255,0.0011541362007847055,0.930687427520752,0.22003451585769654,0.044730665534734725,0.012245865911245346,0.011701137851923704,0.03611947521567345,0.015336293540894986,0.2691716209053993,0.7857218623161316,-4.790581809774783,34.4166797064581,34.65096178920377,2.057654832918857,-10.175381107203853,3.0503440870317253,1.6144468997158754,72.7723862832622,-3.1595792007736736,3.356780619167863
4ceb20d55d76f066d95721ddfeb878f9,COc1ccc(cc1)S(=O)(=O)N(C(C)=O)c1ccccc1\C=C\c1cc[n+]([O-])cc1,424.47800000000007,3.240800000000002,5.0,0.0,4.0,0.44756418880689397,0.0,90.62,0.06427664719522,0.5373193383216858,0.8179274678230286,0.09723601453006267,0.6155691146850586,0.7333288550376892,0.7818705677986145,0.06105709597468376,0.13826752901077272,0.6330847978591919,0.6639861762523651,0.4635155349969864,0.06928722746670246,0.9653510212898254,0.9903897166252136,0.05128723196685314,0.06799015030264854,0.019576939567923547,0.201670753210783,0.01397305317223072,0.06889105848968029,0.08703165128827095,0.9503369569778443,0.6031772136688233,0.4567990958690643,0.013575643952935933,0.034486671537160875,0.5938081026077271,0.10654076896607875,0.09524627849459648,0.6059600114822388,-4.880301359588985,68.8132108313284,57.34204904096241,25.261708873157527,-9.030118047390731,2.5038580394499563,1.5259475087759962,94.25350338450683,-4.488681923520497,1.6482564142814191
13e834f364487f153953ca9a5c94b492,Fc1cccc(c1)C#Cc1ccc(cn1)C(=O)NC1CCC1,294.3290000000001,2.902800000000001,2.0,1.0,4.0,0.8653746855119955,0.0,41.99,0.5776328623294831,0.9508123159408569,0.9694689512252808,0.8747048139572143,0.8592936038970947,0.6666360557079315,0.6461525917053222,0.21341148316860198,0.06941368263214827,0.7035817503929138,0.5064165204763412,0.22942997962236406,0.13349140882492067,0.8153815627098083,0.9999844074249268,0.01110366485081613,0.05078269243240356,0.22964251339435576,0.26386840641498566,0.03579516485333443,0.2827624797821045,0.029168954025954007,0.9903065323829651,0.11288680508732796,0.492024827003479,0.3841196671128273,0.19667532816529273,0.6261382341384888,0.12399397641420365,0.3264955013990402,0.2788103759288788,-4.304331411553388,75.55505210806011,44.641969455192736,-5.928452394988186,-9.819537370488328,2.539936742547339,3.8704691325424507,91.46449745389279,-4.442614041767449,-2.2964525414466554
1d3a99011705f6920f0076c1cbf3367c,Fc1cnc(=O)[nH]c1,114.07899999999998,-0.09100000000000003,2.0,1.0,4.0,0.5118854906703542,0.0,45.75,0.09237532764673233,0.8907217502593994,0.9394652724266053,0.0004276604093320202,0.0009859888552455232,0.29984840750694275,0.0006885817158035934,0.032168435491621496,0.0005587094012298622,0.12278024554252624,0.00011349248488841112,0.19360375329852103,0.11507087238132954,0.9731642961502075,0.9913790941238403,0.0017529025237308816,0.006916683563031256,0.003000763175077736,0.00013539782448788174,0.0016112542361952364,0.05539325140416622,4.7904115399433066e-05,0.08501916974782944,0.012894544890150428,0.005056218709796667,0.0005718014319427312,0.0007878729476942681,0.00043640786316245794,0.006206859508529306,0.3886312782764435,0.004284877830650657,-4.341558160985189,12.876652621007674,7.5288602946842875,-6.986411240782428,-11.849282658211209,3.1495795190872182,0.2510246624667575,46.13841784762831,-0.2989954573241511,-0.15784065990000168
b9977c21a4dd94650cb5897739b20091,FC1(F)Oc2ccc(cc2O1)C(=O)NC1Cc2ccccc2C1,317.29100000000005,2.9053000000000013,3.0,1.0,4.0,0.9263127453115126,0.0,47.56,0.7992485761642456,0.9857494592666626,0.9638236045837403,0.9780665278434754,0.9250421762466431,0.44750685095787046,0.6541428864002228,0.4863130211830139,0.3110276907682419,0.6047139644622803,0.2563484415411949,0.3790443778038025,0.0887053869664669,0.8760291576385498,0.9999790668487549,0.013337279227562249,0.04490949399769306,0.5898839831352234,0.0753380823880434,0.028539043478667737,0.45560961961746216,0.02093928772956133,0.9360451817512512,0.3202833324670792,0.3353267163038254,0.2434024542570114,0.040543578937649725,0.6650890231132507,0.12269544005393981,0.5532855570316315,0.6810598731040954,-4.331789344714984,34.84679388325565,21.879901309677084,-5.303998100370842,-6.884142346026576,3.2363518386758847,3.786937882141763,91.94093486393926,-4.705384141551366,-7.228882769321258
d19cc7e6626c20ec9bed20bbd8f3c511,NC12CC3CC(CC(C3)C1)C2,151.253,1.9139,1.0,1.0,4.0,0.5620664127719119,0.0,26.02,0.008778806007467211,0.9773152589797973,0.936460018157959,0.001149415475401838,0.03817586875520647,0.2285489708185196,0.0030061508034123106,0.531465721130371,0.003520772117190063,0.23292686343193053,0.0011014485426130705,0.07129991352558136,0.0023270173202035948,0.007066111173480749,0.9990092396736145,0.00016457047204312402,0.006272873957641423,0.0004272145504728542,0.0007658443335458287,0.004743577668705257,0.04133134968578815,0.00014821026313711628,0.8926552057266235,0.007064588228240609,0.002375277306418866,2.351192200809038e-05,0.006214411978726275,0.0028262721345527096,0.0001349673465288248,0.5244446396827698,0.14170986358076335,-4.239837528783437,34.826420283204506,-21.937847768606566,14.081021494578678,-3.6562522332940643,2.268745462490716,-0.6741971417536332,16.12704192267887,-1.256210357207157,6.669977554030294
13e834f364487f153953ca9a5c94b492,Fc1cccc(c1)C#Cc1ccc(cn1)C(=O)NC1CCC1,294.3290000000001,2.902800000000001,2.0,1.0,4.0,0.8653746855119955,0.0,41.99,0.5776328623294831,0.9508123159408569,0.9694689512252808,0.8747048139572143,0.8592936038970947,0.6666360557079315,0.6461525917053222,0.21341148316860198,0.06941368263214827,0.7035817503929138,0.5064165204763412,0.22942997962236406,0.13349140882492067,0.8153815627098083,0.9999844074249268,0.01110366485081613,0.05078269243240356,0.22964251339435576,0.26386840641498566,0.03579516485333443,0.2827624797821045,0.029168954025954007,0.9903065323829651,0.11288680508732796,0.492024827003479,0.3841196671128273,0.19667532816529273,0.6261382341384888,0.12399397641420365,0.3264955013990402,0.2788103759288788,-4.304331411553388,75.55505210806011,44.641969455192736,-5.928452394988186,-9.819537370488328,2.539936742547339,3.8704691325424507,91.46449745389279,-4.442614041767449,-2.2964525414466554
b7f25fc534e7cc35c53281a3389c7681,COc1cc(ccc1Nc1ncc(Cl)c(Oc2cccc(NC(=O)C=C)c2)n1)N1CCN(C)CC1,494.9830000000003,4.550800000000004,8.0,2.0,4.0,0.4405432502465815,0.0,91.84999999999998,0.3796610414981842,0.5102812618017196,0.851382851600647,0.16919396296143532,0.5462088942527771,0.3387824326753616,0.3851089984178543,0.2458333417773247,0.1868756853044033,0.8309417128562927,0.7393988490104675,0.33370723128318786,0.6179075956344604,0.970726728439331,0.9919253945350647,0.00978670408949256,0.01772585595026612,0.4755682110786438,0.1898678421974182,0.031422811560332775,0.07004916965961457,0.055855047702789304,0.8597693800926208,0.8340740442276001,0.8198848843574524,0.09932851195335388,0.1818328768014908,0.496252304315567,0.5192845284938812,0.22725472450256348,0.8468505501747131,-5.016650913004303,27.746433915109066,45.86596777043669,34.84750575521326,-10.966379798702292,2.633332339647256,3.7402385485021057,98.002032116795,-4.968569728184421,10.240677693544276
57dea4190fbd9f49f1576bebe4cd7a9e,CN(C)CCOc1ccc(cc1)-c1nc(c([nH]1)-c1ccc2\C(CCc2c1)=N\O)-c1ccncc1,453.5460000000002,4.870600000000003,6.0,2.0,4.0,0.30794495948992967,0.0,86.63,0.5965928375720978,0.32048265635967255,0.7916190147399902,0.5775824517011643,0.4908608913421631,0.23914468586444854,0.2650521457195282,0.3508391171693802,0.4115350380539894,0.7678372502326966,0.7020280241966248,0.2626850977540016,0.5109159231185914,0.7761870861053467,0.9926208138465882,0.024280686862766743,0.018133953958749772,0.7953340649604798,0.4708376467227936,0.06264429613947868,0.09227307736873627,0.03717022854834795,0.6748276948928833,0.9337338924407959,0.3842989206314087,0.165934456884861,0.369211408495903,0.47021072506904604,0.30042693614959715,0.28446740210056304,0.9570375919342041,-5.389790612700634,-16.188154629180996,-19.045690535867653,-19.472467523725165,-11.225171062681367,2.554469330911395,2.32494892567149,83.77759745032317,-3.7148319464133186,-3.0502670597834243
589ed53c1939f8e91e8d250e2f2e5a4d,Oc1cccc(c1)-c1nc(N2CCOCC2)c2oc3ncccc3c2n1,348.362,2.980200000000001,7.0,1.0,4.0,0.5959336714692189,0.0,84.51,0.42732326686382294,0.4487187206745148,0.8297428011894226,0.9903716564178466,0.36200890839099886,0.18085358440876007,0.25378724485635756,0.1648050904273987,0.11553209945559502,0.3414418935775757,0.4463213086128235,0.021203329879790546,0.04550041412003338,0.9850298047065735,0.9999433517456054,0.06261980049312114,0.06499485336244107,0.8752485275268554,0.33321084678173063,0.1934916317462921,0.48680274486541747,0.11882846355438233,0.9639763951301574,0.21581923663616182,0.8367954730987549,0.6175647497177124,0.18950464129447936,0.7919048428535461,0.659616231918335,0.47466249465942384,0.7780491590499878,-4.950524980225116,77.18109207889079,46.05553029237851,-4.961087028450768,-10.205076625911317,2.5439712255251363,3.3227671510191987,102.24255252325655,-4.681037835842857,4.657712517532632
004a9318c0436053ef1afcb3e25c313e,OC[C@H]1O[C@H](C[C@@H]1O)n1cc(I)c(=O)[nH]c1=O,354.1,-1.2181,6.0,3.0,4.0,0.578029884636738,3.0,104.54999999999998,0.6281624555587768,0.37593342661857604,0.805701756477356,0.007033099804539233,0.004220102296676487,0.13583261296153068,0.0028777214465662837,0.024097933387383818,0.000501128822361352,0.10083142295479774,0.00019209565471101087,0.09383432865142823,0.22001394629478455,0.9285850882530212,0.871924638748169,0.01873874422162771,0.015867042541503906,0.010687285754829644,0.015891986712813378,0.036424295231699946,0.16161743700504302,0.01456539502250962,0.056347507238388064,0.003128614940214902,0.0780798014253378,0.02021481217816472,0.016913703363388776,0.02259192350320518,0.4496572777628899,0.5601467847824096,0.03447734080255031,-5.350278299813396,37.59723786678052,-31.429217130841085,-9.998124730216958,-22.081535698621764,2.045992312389921,-1.3715454425296714,43.799928923806604,-1.7412740291737598,-0.8197692552232165
da655b853848902219144eecdc6c728e,CCN1CCN(CC1)c1cc(-c2ccc(F)cc2)c2CCCCCCc2n1,367.51200000000034,4.6886000000000045,3.0,0.0,4.0,0.7845609545042489,0.0,19.37,0.6577341020107269,0.9951761841773987,0.9304322719573974,0.6445297360420227,0.41491795182228086,0.5385375201702118,0.11711896061897278,0.7915269374847412,0.5177434742450714,0.7815286993980408,0.31343021988868713,0.2091676265001297,0.6493456959724426,0.6423642754554748,0.9998894095420837,0.010648651607334613,0.03654028177261352,0.18650583922863007,0.12247759848833084,0.011287980899214744,0.05473977290093899,0.007099497667513788,0.9873328685760498,0.9555140376091004,0.23401003777980806,0.009846449829638004,0.02195567637681961,0.08908573687076568,0.02493089996278286,0.4994202256202698,0.9864122629165649,-4.6577424282435045,47.96083111500626,43.33306936576603,21.48982891425878,-7.683829623378587,2.867222954055876,4.061250278136704,91.59811414771991,-3.5952559261327295,10.389770611476619
972131e03f84e8b9af53122cdc8c269b,CCCCC\N=c1/ccn(Cc2ccccc2)c2ccccc12,304.437,4.780500000000004,2.0,0.0,4.0,0.5831265170362682,0.0,17.29,0.22057158201932908,0.9563489437103272,0.7180558681488037,0.8514668822288514,0.9330562949180603,0.29637675881385805,0.6143157839775085,0.2684353530406952,0.7610252499580383,0.5813157141208649,0.6491674304008483,0.13184465393424033,0.09218689277768136,0.2681919127702713,0.9999662876129151,0.007483872771263123,0.007377635315060615,0.337870854139328,0.494197416305542,0.07421757951378823,0.19341735243797303,0.026059698686003684,0.9542827725410461,0.8120826959609986,0.41078552007675173,0.03304377971217036,0.3857680678367615,0.5758957207202912,0.05355910584330559,0.6840079069137573,0.9337066531181335,-4.622098738069106,113.01117315182998,46.604940697972175,34.260540677869145,-5.783706276680257,2.5300043476347853,2.4489622111417835,93.94840755550166,-4.549647852701343,14.86475185099322
37e3bfd4b9c2b10ed296a0ada310d74e,N[C@@H](Cc1ccc(cc1)B(O)O)C(O)=O,209.00999999999996,-1.6792,4.0,4.0,4.0,0.44320670899853837,1.0,103.78,0.32976183891296384,0.5788754045963287,0.8960143566131592,0.014434535708278417,0.041428889334201816,0.18228937238454818,0.012791430205106735,0.10197994709014893,0.08586229085922241,0.06763724684715271,0.009447057219222187,0.30001910626888273,0.2721839673817158,0.18109283074736596,0.9588459134101868,0.0041394341504201295,0.051823078840970996,0.10427346900105476,0.0011035177449230105,0.007670918339863419,0.04089310299605131,0.001900225371355191,0.0364013091661036,0.0029294898035004736,0.010072909761220217,0.002853669656906277,0.003297292580828071,0.0019248508906457573,0.0030266316083725543,0.3460287243127823,0.012081366311758757,-5.708583119602191,1.5406743515784442,-18.377232770534196,10.113155119828159,-13.402738048533786,1.4516887935918468,-1.1370871482265144,52.42798820508616,-1.8526475328021401,2.0058597126600217
7744329a675e6bd1b78426db8f4e933f,C(CCc1ccccc1)CN1CCC(CC1)c1ccccc1,293.4539999999999,4.888900000000005,1.0,0.0,4.0,0.6854784689791693,0.0,3.24,0.165987541526556,0.9936646819114685,0.8462583661079407,0.16651865616440772,0.3511819809675217,0.06166645362973213,0.015127098932862282,0.6540780067443848,0.9815809488296509,0.38955397605895997,0.01401522612432018,0.02743090093135834,0.2813735846430063,0.018870861548930407,0.9990850687026978,0.0014613865176215767,0.009210499282926322,0.014914258755743504,0.027705839835107327,0.0030544747598469256,0.08913367465138436,0.0010767781248432584,0.9468941569328309,0.762197744846344,0.19418063163757324,0.0008505869278451428,0.015862160082906484,0.02705087885260582,0.0009860962716629728,0.9439754843711853,0.9898106098175049,-4.632284218555812,90.20153196036009,4.604847923082435,-22.89363595830146,-4.777437303258703,3.052378869609772,3.0447653766976432,88.22331179720808,-3.7927198255544874,1.7897322515071026
5a24a07f240011ed2d17fb1c09b0d512,CCC(CO[N+]([O-])=O)(CO[N+]([O-])=O)CO[N+]([O-])=O,269.16599999999994,0.00770000000000004,9.0,0.0,4.0,0.39282535343109687,0.0,157.11,0.1402215451002121,0.9732786655426026,0.8990588188171387,0.034460468171164396,0.10410460177809,0.1434457890689373,0.018248562002554536,0.1726825088262558,0.033424184937030074,0.49287663996219633,0.0022884982186951674,0.27495481073856354,0.02505499143153429,0.2294280968606472,0.9882748007774353,0.006987275247229263,0.0033415509009500966,0.0007164158858472547,0.001984705636277795,0.013179242531623458,0.022122496645897625,0.0025856218788248954,0.738656884431839,0.008932149305474013,0.06475945198908448,0.0019395113740756642,0.0038658951132674703,0.0031563043288770133,0.0008929012925364077,0.8580622434616089,0.12581753921695055,-4.481894890165253,64.01024839321322,21.64258175491927,25.15116585008928,-5.686946720593246,2.402735274703371,1.412025594333484,62.39792901235969,-3.2927247263028834,7.050966247311925
e63626084f8cbc66ad18c676ef4b4d64,COc1nccnc1NS(=O)(=O)c1ccc(N)cc1,280.30899999999997,0.8681999999999999,6.0,2.0,4.0,0.8045216732232587,0.0,107.2,0.018859510589390994,0.6748514294624328,0.925054669380188,0.009608305292204022,0.024707933887839317,0.4332995653152466,0.0488059401512146,0.0449811689555645,0.0020329653314547615,0.21116330921649934,0.02482849396765232,0.2208515852689743,0.03403153112158179,0.9826251149177552,0.9975918769836426,0.005789774795994162,0.023986826464533807,0.0131270719692111,0.003197683527832851,0.0018821199802914635,0.020169326104223728,0.00020249589724699035,0.4269991874694824,0.009262928320094944,0.011645341198891402,0.0005695250263670459,0.0025595958810299634,0.003180724091362208,0.0020502146217040718,0.10912229530513287,0.03386175502091646,-5.017971141473092,-1.4941686001432644,-5.185297401810468,-26.309401447336008,-13.105031025203672,1.743330235476114,-0.39091046707960075,84.05757436929878,-2.928825361546419,-8.517507732572591
e882bd7460851f4a6835c21b72bcf525,Clc1ccc(cc1)N1CCN(Cc2c[nH]c3ncccc23)CC1,326.8310000000001,3.5385000000000018,3.0,1.0,4.0,0.799289386461013,0.0,35.16,0.3011760413646698,0.9672011256217956,0.7808261156082154,0.7540513753890992,0.6957253456115723,0.2492984026670456,0.21541023552417754,0.5800687491893768,0.8322379231452942,0.4825586199760437,0.4076361060142517,0.12589169293642044,0.5950414061546325,0.6850858807563782,0.9994855761528015,0.022733658738434314,0.015056907385587692,0.5433059751987457,0.14714650362730025,0.04234502967447042,0.12096208930015565,0.009265100304037332,0.8520782709121704,0.35663844645023346,0.36226512789726256,0.01799697186797857,0.07222463712096214,0.12393095940351487,0.10099631994962692,0.6354363083839416,0.9156509160995483,-4.891006237507474,72.59489954733496,27.317595930354635,14.17587012846759,-11.676050344311506,2.749877036989654,3.2194102594464944,102.33663564123924,-3.619841192187036,27.27262847378476
af19fab6d8d4ee0155eac0d67748ec24,[Y+3],88.906,-0.0025,0.0,0.0,4.0,0.3913752707084747,0.0,0.0,0.49789555445313455,0.984498918056488,0.942006516456604,0.050595307652838525,0.11341052372008562,0.16235920190811157,0.03671174142509699,0.17518008202314378,0.006943761472939514,0.2260965198278427,0.024560351224499753,0.4421768456697464,0.2364454098045826,0.21864500939846038,0.9986773252487182,0.006802216570213205,0.00342175000696443,0.05602988889440894,0.006776977831032127,0.0010207634327798587,0.0035188407783607544,0.0037100060006196147,0.8258413553237915,0.013505709134915379,0.04723322680220008,0.010902473039459437,0.04739731592126191,0.018341701656754594,0.004733108228174387,0.828629446029663,0.11593671925365925,-4.3014444554805324,28.578796940147964,1.7947451115636155,7.212710781516714,-0.44533714153970944,2.5392023639006434,2.6386740781063467,80.50806586018894,-3.7113966761011623,-1.8220346484707854
68c9e2b85b75a44083169982ffacbd48,CC(C)(O)CNc1nc(Nc2ccnc(c2)C(F)(F)F)nc(n1)-c1cccc(n1)C(F)(F)F,473.3810000000001,4.292600000000002,8.0,3.0,4.0,0.4552702646600812,0.0,108.74,0.343503837287426,0.7337371349334717,0.8453862428665161,0.7172054767608642,0.38306420743465425,0.1393883779644966,0.3248862013220787,0.21432795077562333,0.3912076711654663,0.5262884259223938,0.5578052878379822,0.4377363741397858,0.5131311118602753,0.846944797039032,0.998071813583374,0.06399825401604176,0.0246673995628953,0.24187670946121215,0.45415930151939393,0.05316232293844223,0.1310158722102642,0.07927606031298637,0.9138745069503784,0.6284442663192749,0.590314507484436,0.07155597507953644,0.09696191847324372,0.8145313620567322,0.4492929458618164,0.22471844255924225,0.9177597761154175,-5.078339636485671,1.6298214751057372,31.042747364008125,53.02863216212237,-7.605210347889153,2.871345281851796,3.2979089130708346,91.43005705465126,-5.792675016484137,16.30689068527772
c2b577cff57dfceebb72bda44b4641f1,Nc1ccn([C@@H]2O[C@H](CO)[C@@H](O)C2(F)F)c(=O)n1,263.2,-1.2886,7.0,3.0,4.0,0.6120873727300362,3.0,110.60000000000001,0.7277194201946259,0.9261220216751098,0.9234090685844422,0.001554120941727888,0.0060203758301213385,0.10580131988972426,0.004504544625524432,0.013405577628873289,0.0007207577336885151,0.1306048020720482,0.001176974319969304,0.16118376776576043,0.6514233469963073,0.9377067446708679,0.990129542350769,0.03621958997100592,0.044619405269622804,0.004204556113108993,0.09299105182290077,0.018612736091017722,0.12153745740652085,0.012281138845719398,0.144459130987525,0.003267951007001102,0.19825795590877532,0.03105869945138693,0.0029025343246757984,0.007620941754430533,0.4382471114397049,0.2481354832649231,0.083763961866498,-5.542842772307273,23.309434037563367,-13.130639991372822,6.692675206346502,-18.394718775420394,2.661712512746579,-1.3210072631036414,16.37251050258341,-0.8950284838988001,0.06281254993946135
ac788db6252e4265b0fac6ff48373fcf,CNC(=O)c1cc(COc2nnc(Nc3ccc(Cl)cc3)c3ccoc23)ccn1,409.83300000000014,3.953400000000002,7.0,2.0,4.0,0.49660282011600054,0.0,102.17,0.4074750363826752,0.5553458869457245,0.9327312350273133,0.6869791150093079,0.6569333553314209,0.2399819552898407,0.5790437698364258,0.12670523300766945,0.34798026978969576,0.6611120939254761,0.7780660152435303,0.2849830210208893,0.29409185945987704,0.9758264780044555,0.9995655059814453,0.008212227048352361,0.01675762068480253,0.7026602745056152,0.13909342586994172,0.011887184344232082,0.10827694982290267,0.059798651933670045,0.9301985621452331,0.653198504447937,0.7404958963394165,0.09175878763198853,0.11608607023954391,0.4129936516284943,0.20054869949817658,0.2666792243719101,0.6902809500694275,-5.1799956197771255,57.583316500850785,35.267658897859995,133.0873104319731,-12.111416826939935,2.450247053792479,3.3640221515151234,100.69363174653384,-5.479043120773943,7.911186965016936
f019f236ebdc4d67f4f17b4e463df7fc,CCN1CCN(CC1)C(=O)Cc1ccc(Nc2ncc(F)c(Nc3ccc(cc3)C(=O)Nc3ccccc3Cl)n2)cc1,588.0870000000001,5.715200000000004,7.0,3.0,2.0,0.23027458141408352,0.0,102.49,0.23784288465976716,0.42513289451599123,0.6489207148551941,0.0665233101695776,0.6297294676303864,0.39764575064182284,0.4517099693417549,0.17095166593790054,0.2908464014530182,0.8018031477928161,0.8000391840934753,0.4998479425907135,0.6433433771133423,0.9569324851036072,0.9704953670501709,0.007896516565233469,0.010422095656394958,0.248714941740036,0.14407872259616852,0.014136452320963144,0.05397327393293381,0.06381344329565763,0.6634457826614379,0.8262567758560181,0.685239577293396,0.05100522339344025,0.0807182990014553,0.6530421435832977,0.2941588908433914,0.2815245807170868,0.9306590557098389,-5.31148764943959,21.448177283892882,30.42421993180894,142.25986952496717,-11.277783137880752,2.597447535670916,2.8998481935819824,98.47307631469263,-5.163621124796059,10.769856053487521
05b3c507ec064f55d43a3f1f5eb62d4d,OCC(CO)OP(O)(O)=O,172.073,-1.5511000000000004,4.0,4.0,4.0,0.38218395046799075,0.0,107.22,0.004770942070172169,0.7323920011520386,0.22175284400582312,0.0038350650341726577,0.006031463196268305,0.06242574020870961,0.00107493833022545,0.02087678459356539,0.021432008581177796,0.040325975394807756,5.08074653353842e-06,0.018597495416179298,0.010761255724355578,0.023934727348387242,0.05718669067136943,0.001266232743364526,0.0046532437118003145,0.0010150294588299857,0.00013210670123271485,0.0027583868359215558,0.03206252348609269,1.780523551005997e-05,0.019343255425337703,0.0011724379670340567,0.010265506093855948,2.5421435049937518e-05,7.903659882231295e-05,0.004330621902181519,0.0006290646897923579,0.07479089535772801,0.019649208529517636,-5.755587427540444,25.51303917677171,-1.2551987399619045,18.57160787612877,-15.56125024116128,1.0083178443442153,1.751213491804415,34.59812837952763,0.6637198720102189,3.094170237419418
802150e5fa0924760a4699df6d651104,CS(=O)(=O)CS(=O)(=O)OCCCl,236.69799999999998,-0.4262999999999999,5.0,0.0,4.0,0.47841667670180765,0.0,77.51,0.9644652128219604,0.9764841437339783,0.875952136516571,0.029143257322721182,0.03312490943353623,0.1984791249036789,0.002625705979880877,0.08248180467635394,0.0008591037820679049,0.6366657733917236,0.0009844338779657845,0.9282365560531616,0.03709492108318955,0.951916778087616,0.9927573561668396,0.013847774610621855,0.0011672034353978234,0.0017446663579903543,0.009951028833165764,0.010017254296690226,0.05032799709588289,0.042806443432345985,0.740330970287323,0.0666945529403165,0.6398890078067779,0.008586976572405546,0.038785618543624875,0.018384470394812523,0.11100277006626129,0.9153017401695251,0.09377302341163159,-4.828535222039255,-11.421458569246122,-13.010946214260406,33.94485167190756,-8.865628991055381,3.3116152605183737,0.08219176155531556,41.768509955156574,-0.9563223370867412,-1.0353435340769084
809b044dba26ddf00f8095c87966a128,C[C@]12CC[C@H]3[C@@H](CCc4cc(OC5CCCC5)ccc34)[C@@H]1CC[C@@]2(O)C#C,364.5290000000001,5.228400000000006,2.0,1.0,3.0,0.7283713862390043,5.0,29.46,0.1330972507596016,0.28933187313377856,0.8298835158348083,0.26561281085014343,0.436669921875,0.4493760198354721,0.21372001469135285,0.16116912215948104,0.1048504114151001,0.7294383406639099,0.4476116538047791,0.2111222471576184,0.026369422487914563,0.07838478237390518,0.9997834324836731,0.41538721323013306,0.5895964145660401,0.03738487772643566,0.20297287702560424,0.8969656348228454,0.936601972579956,0.08447406589984893,0.9374027490615845,0.6892710208892823,0.6948183417320252,0.055918869003653525,0.27028362452983856,0.7895524740219116,0.3175322234630585,0.348104789853096,0.4584435760974884,-4.7331578511232575,56.36079779063645,45.202998816803444,-0.10189160314812966,-4.0027518274355565,2.5594395193589667,4.849446739185845,101.1313458253334,-6.5042550732309135,0.26740270746041067
d2b2cf66180bbe08590407e4b5e3c987,Nc1nc(N)c(N=O)c(OCC2CCCCC2)n1,251.28999999999994,1.998,7.0,2.0,4.0,0.7901907634181753,0.0,116.47999999999999,0.8127904295921325,0.8428713083267212,0.9519376635551453,0.8050382494926452,0.3483221873641014,0.256034129858017,0.3281391739845276,0.2982941284775734,0.1422845317982137,0.4560408115386963,0.15245035886764527,0.5166505128145218,0.04468051344156265,0.7295749068260193,0.9999123930931091,0.0032611079048365356,0.025988937914371492,0.801603639125824,0.14030668810009955,0.08317210972309112,0.42750134468078616,0.016160997934639453,0.8792114853858948,0.04348329417407513,0.35913763046264646,0.3467339649796486,0.10334011986851692,0.6509164154529572,0.1600544795393944,0.6327159345149994,0.3077354431152344,-4.480275310314591,66.54770674873636,27.375149658088667,-15.860388242208625,-8.15765124833504,2.024022029214803,2.449722529979999,85.16489277636768,-4.272049605427071,-2.4536814058461305
3a7888d18af639eb49e46eb561465b24,Cc1cc2nc3c(nc(=O)[nH]c3=O)n(C)c2cc1C=O,270.24800000000005,0.2425199999999999,6.0,1.0,4.0,0.5043662759724074,0.0,97.71000000000001,0.5496385902166366,0.614133334159851,0.968794870376587,0.6424049258232116,0.005702554823074024,0.22527393102645873,0.015960378246381877,0.1401219792664051,0.0007927281214506366,0.23076662421226501,0.004490900528617203,0.15469115525484084,0.13840812519192697,0.9921674966812134,0.9981168270111084,0.04174712635576725,0.02824686896055937,0.08057116419076919,0.0038707517320290207,0.011090912763029337,0.07579519525170327,0.007816169131547212,0.49199833869934084,0.05100796325132251,0.048280651494860646,0.1781778395175934,0.007199308415874839,0.07614962719380855,0.43218634873628614,0.5788599610328674,0.1493002340197563,-4.781524292565033,-7.426265151788729,-3.2191384694705634,8.75730071987014,-13.277832283466504,1.9955401346776824,-0.4257834728639412,70.89018070630416,-3.6222581864695926,-1.1344939019292604
92aa5b9258179e87b4b4e3a8c52d56a7,CC\C=C/C\C=C/C\C=C/C\C=C/C\C=C/C\C=C/CCC(=O)NCCNC(=O)c1ccccc1O,490.6880000000003,6.716100000000007,3.0,3.0,3.0,0.15791497855433745,0.0,78.43,0.7694314181804657,0.7233437061309814,0.46246857196092606,0.05699026472866535,0.38965754956007004,0.13071609251201152,0.19284119978547096,0.22471877969801426,0.0734951850026846,0.7809746265411377,0.7394880890846253,0.8016379356384278,0.1248208646196872,0.15369699597358705,0.9365727663040161,0.016012085415422917,0.010652975179255009,0.009417771105654537,0.04541448205709457,0.04222504766657949,0.08898143917322159,0.06478248555213213,0.7901135563850403,0.6797259092330933,0.8601361870765686,0.010235748905688524,0.41277539134025576,0.17648062631487846,0.05716175362467766,0.8612181186676026,0.6781105309724808,-5.4126618215113,86.45827431442261,101.65937397782781,-37.235267107778455,-6.066109353667571,1.8338261162707252,4.128457218194147,108.5148814280805,-6.6321761068659075,-4.203212591796248
ece0f110d6fdca7cbbe0a898d85e8313,COc1ccc(Cl)c(Nc2ncnc3cc(OCC4CCN(C)CC4)c(OC)cc23)c1,442.94700000000034,4.764600000000004,7.0,1.0,4.0,0.5650157210870816,0.0,68.74,0.24498175084590912,0.9312597274780273,0.9452569246292114,0.3190961956977844,0.13160258382558823,0.12569426968693734,0.02742495499551296,0.6465171337127685,0.4421798914670944,0.817243504524231,0.36457554399967196,0.18298891931772232,0.6664987564086914,0.7740970373153686,0.9987788081169129,0.012174059543758631,0.020084463618695737,0.6038879752159119,0.16256182491779328,0.012201622873544694,0.06216089725494385,0.007423455640673637,0.9399399280548095,0.7896414637565613,0.46034634709358213,0.057607142999768254,0.07190028131008148,0.11924431920051574,0.09950468614697457,0.15729015469551086,0.9363722324371337,-4.974605296204235,12.50574928627681,16.33418554902262,22.541083155878475,-9.18123582830505,2.696731263792397,2.4464885349204315,95.89373663672467,-3.4265021400548035,13.247431334473774
985cb57c79a5cee21e72e9600e411d84,COc1ccncc1C(=O)NC(=O)Nc1ccc(-c2ccccc2)c(c1)C(F)(F)F,415.3710000000001,4.737900000000002,4.0,2.0,4.0,0.645251461844898,0.0,80.32,0.3214853465557098,0.9342415571212769,0.9600802302360535,0.8624381780624389,0.8919259905815125,0.6371341109275818,0.7483997225761414,0.2608406513929367,0.1018170140683651,0.404325932264328,0.8790126204490661,0.4147514492273331,0.4248334288597107,0.9784437537193298,0.9999271512031556,0.007096255663782358,0.018631972186267377,0.4442200601100922,0.2906712979078293,0.017766354233026506,0.0940097413957119,0.12351945638656617,0.9150104641914367,0.6504539549350739,0.5776635408401489,0.04398227334022522,0.07688369825482369,0.731140422821045,0.23431338965892792,0.16494063585996627,0.8092082619667054,-4.953583795271664,47.508457922580256,36.15822632107044,53.28726081631589,-10.723142525159295,2.4197495830118605,3.128969288982131,104.64282003525793,-6.716137359243488,-2.6941231913093433
e5b29b0707f0ae0b0efff4b1da6d2746,NC(=N)NC(=O)Cc1c(Cl)cccc1Cl,246.097,1.5455700000000003,2.0,3.0,4.0,0.5462961576523643,0.0,78.97,0.26351725310087204,0.8468211531639099,0.9486342549324036,0.364461949467659,0.1623769223690033,0.0961211860179901,0.013824023492634296,0.16950470209121704,0.1980859488248825,0.3356992989778519,0.020731921028345823,0.27408306300640106,0.058990181982517244,0.45937512516975404,0.9967074513435363,0.03176777884364128,0.0315451018512249,0.04459869526326656,0.00212411874672398,0.012588286306709051,0.047372394055128095,0.004083397262729704,0.5348541259765625,0.01301122116856277,0.0620438477024436,0.00754275294020772,0.01683719167485833,0.011329081119038164,0.024582837522029877,0.63278169631958,0.047297826036810875,-5.466038163283407,10.002251849225214,-8.241540930896555,-3.8472989019724393,-11.496266630015032,2.536505397015205,0.32728232323447093,38.20771877580968,-2.013583343882101,-1.3324818053736571
24e4cb1d1ee5fbbc604a4bfb3e969daf,COC(=O)Nc1c(N)nc(nc1N)-c1nn(Cc2ccccc2F)c2ncc(F)cc12,426.38700000000006,2.5575,9.0,3.0,4.0,0.45107300436695036,0.0,146.86,0.618019026517868,0.7497112870216369,0.9363737225532531,0.30268933475017545,0.2517547395080328,0.19416461735963822,0.3600705862045288,0.0626331090927124,0.06284389197826386,0.3611596167087555,0.7153220891952514,0.21234493851661682,0.6494151711463928,0.9873971700668335,0.99876629114151,0.028446516208350658,0.02824583016335964,0.5816566407680511,0.19939396977424623,0.014755493495613337,0.04673866592347622,0.050926961749792096,0.8508484482765197,0.29098165333271026,0.4974265038967133,0.17412059158086776,0.012054879893548786,0.2494054615497589,0.2918341502547264,0.21560859084129333,0.8408057451248169,-4.905454165555452,16.874678338841004,42.46593036245541,38.51318464566704,-12.030630383237085,2.60499954887208,2.7765899865364245,85.08264254135943,-5.01101860577994,-1.2882173323981143
8ca5f0774ed54d0902191594e619efbf,COC(=O)c1ccc2n(CCCc3ccccc3)c(NC(=O)c3ccccc3)nc2c1,413.4770000000001,4.708000000000004,5.0,1.0,4.0,0.4455509053891264,0.0,73.22,0.4205984741449356,0.6820541858673096,0.7835215091705322,0.4609615921974182,0.9299684643745423,0.2685121864080429,0.9350659132003785,0.044714970886707305,0.33219036757946013,0.646455991268158,0.5980792999267578,0.2958645194768906,0.15515173077583314,0.9532692432403564,0.9992335200309753,0.01615545516833663,0.02788502424955368,0.6695611357688904,0.18487124145030975,0.02726962324231863,0.18426876664161682,0.06551329120993614,0.8771403312683106,0.9520488023757935,0.6230715870857239,0.18886772245168687,0.24084366261959075,0.7653364658355712,0.31576157808303834,0.34217322468757627,0.9019137024879456,-4.8280169537418605,123.24113212485815,123.88104804186199,23.360865273781222,-9.413784646007729,2.16776673341793,4.503628711326709,105.025380563313,-6.565214483344008,-1.6112152881777306
efddea7a10b20fba946e28ab744aea2c,CN1CCc2c(C1)c1ccccc1n2Cc1ccc(cc1)C(=O)NO,335.40700000000004,2.7965,4.0,2.0,4.0,0.5715392634266342,0.0,57.5,0.9268282175064086,0.9837091565132141,0.8674508571624756,0.5334939241409302,0.2891439884901047,0.4207962155342102,0.030802129209041594,0.3310701668262482,0.724295437335968,0.7680393099784851,0.4003819763660431,0.24040356278419495,0.8651263236999511,0.7368433713912964,0.9986067891120911,0.00994343925267458,0.015270275995135307,0.36839447617530824,0.09569455981254578,0.029180864989757537,0.08128105700016022,0.010481874365359545,0.9227542877197266,0.5132796585559845,0.1198621153831482,0.02675069458782673,0.03286089077591896,0.08246173039078712,0.10804058387875556,0.6375298023223877,0.8028777480125427,-5.094043569240685,4.929194460771271,24.492709381303957,49.411455649334776,-11.937967095417815,2.777577983820524,2.0702652691832975,81.27977156940457,-3.1400722112256787,-1.1799005765052673
34cea86d32f688a402ea3db2167c53e2,CC(C)c1ccc(C(=O)c2cccs2)c(SCCCCCCCCN(C)C)n1,418.67200000000037,6.491800000000007,5.0,0.0,3.0,0.21133344551180921,0.0,33.2,0.20834723114967346,0.8787944674491882,0.607349157333374,0.1780751496553421,0.21868705451488496,0.18800199627876282,0.1759195938706398,0.32310111820697784,0.66777024269104,0.8177138209342957,0.5238282382488251,0.2521226853132248,0.4229838699102402,0.30657118260860444,0.9942154288291931,0.030399218574166297,0.024508937634527682,0.052480225637555125,0.2215756356716156,0.05158427022397518,0.07428705021739006,0.012773888278752565,0.9517331957817078,0.9656186103820801,0.4832973778247833,0.010587426833808422,0.17293022871017455,0.1629708245396614,0.03660092055797577,0.6799404084682464,0.8940693855285644,-5.28249216067754,117.21533443388623,91.39589232335784,76.96867948923507,-5.131493166341827,2.2436303833615936,3.1812131210784713,83.74477849234835,-4.244899908293542,20.632254017659353
693f0bff695f253f841bba1df7dc3bf9,CC1(C)S[C@@H]2[C@H](NC(=O)[C@H](N)c3ccccc3)C(=O)N2[C@H]1C(=O)OCOC(=O)[C@@H]1N2[C@@H](CC2=O)S(=O)(=O)C1(C)C,594.6680000000002,-0.5885999999999969,11.0,2.0,2.0,0.23381389101473452,6.0,182.48,0.0974321074783802,0.04326792769134045,0.34645033478736875,0.0027220405580010267,0.08912529153749346,0.03786184843629599,0.02285710801370442,0.0206398518756032,0.04231398273259401,0.5266093969345093,0.808794641494751,0.11018128357827664,0.03438147790729999,0.8279187917709351,0.43267203085124495,0.03377303965389729,0.05181247666478157,0.005336254381109029,0.022871495969593526,0.044082253146916626,0.07996352054178715,0.011070045921951533,0.29386666864156724,0.15757561102509499,0.28487915396690366,0.015218072431162,0.012982529774308204,0.021044326294213534,0.04007264189422131,0.29160104393959047,0.24032104313373565,-6.289942347189475,74.29016878921554,105.89329987267188,1.5203320624488643,-11.010509678510015,2.5614663515177325,1.4416163489852711,69.16941300754338,-3.111378645398267,2.2291947437906634
08742fb4b2ee8825432975b154a4b581,COc1ccc(C(=O)c2ccccc2)c(O)c1,228.247,2.631800000000001,3.0,1.0,4.0,0.8212834753282111,0.0,46.53,0.1264515995979309,0.445341682434082,0.629432636499405,0.9625761270523071,0.8323962092399597,0.24611374735832214,0.6369218707084656,0.20455299764871598,0.15330228358507156,0.48621373772621157,0.42814052402973174,0.025890739634633064,0.003460499132052064,0.4967610418796539,0.9999760866165162,0.00361644437070936,0.05134013220667839,0.3410417914390564,0.16674574017524718,0.4283407986164093,0.7502939462661743,0.013525267131626606,0.9680996298789978,0.09641547799110413,0.2671869099140167,0.21093108654022216,0.03559092320501804,0.5624456107616425,0.03541559688746929,0.5064872086048127,0.18508491516113282,-4.411533733416057,137.38831555775914,60.79297632335182,-15.03327182074776,-9.042512573280312,1.6590837230365074,3.201351814921293,92.02751983709962,-4.338469518795212,-4.051529242739802
f145536c767983537e81279d19b6a7d9,COc1cc2ncnc(Nc3ccc(Cl)cc3F)c2cc1OC,333.7500000000001,4.183100000000002,5.0,1.0,4.0,0.7757387424369416,0.0,56.27000000000001,0.5168307602405549,0.8578934073448181,0.9830491781234741,0.9665921807289124,0.6487557709217071,0.294108846783638,0.11031432449817657,0.2585173636674881,0.07011581733822822,0.6490087032318115,0.8649012088775635,0.11394313499331474,0.04700304418802261,0.9905883073806763,0.9999805450439453,0.019315857626497745,0.038326342776417735,0.9243178844451905,0.4988833427429199,0.03825370408594608,0.1339682847261429,0.047122763097286226,0.9803970098495484,0.311479777097702,0.6866630911827087,0.4870307624340057,0.054714426025748254,0.4022762894630432,0.39024637937545775,0.14321619570255278,0.5808471739292145,-4.353791022029337,60.833945692048346,55.69253984611496,45.034393979333,-10.731851224182014,2.880967235339509,3.460074490697116,97.9823757877963,-5.237705537955262,3.2527451371004488
b9c672581e397f23bf741bc80b9ba3f8,CC(C)(N)C(=O)N[C@H](COCc1ccccc1)C(=O)N1CCC2(CN(c3ccccc23)S(C)(=O)=O)CC1,528.6750000000002,1.7653000000000019,6.0,2.0,3.0,0.5385863973247067,1.0,122.03999999999999,0.13182357847690582,0.8631803274154664,0.4571902215480804,0.01611126950010657,0.4044602751731873,0.13352258279919624,0.3563481330871582,0.17516063302755355,0.2988329082727432,0.8660052657127381,0.9383750319480896,0.07028750330209732,0.18550000786781312,0.3097949519753456,0.9975589036941528,0.011020795628428458,0.038890172727406025,0.03613568693399429,0.052222422510385516,0.01631718538701534,0.06345623508095741,0.008587437868118285,0.9211807608604431,0.39063443541526793,0.23645081222057343,0.004634016007184982,0.01321054231375456,0.060116734355688095,0.02334747724235058,0.18231562823057174,0.8887963771820069,-5.533781928435244,31.607286015688317,49.226981002325466,7.741330403949486,-9.901567768756234,3.1845252381646936,1.1871308690333209,74.28941550322494,-2.7309586423295142,-2.5490429929951133
bbdcfa0d4ae130f5ed00db8b34c535d9,CCCCOCCOc1nc(sc1C)-c1ccc(C(O)=O)c(F)c1,353.4150000000001,4.151320000000003,5.0,1.0,4.0,0.6859411970951788,0.0,68.65,0.49588336050510406,0.582772171497345,0.9707458019256592,0.2101025253534317,0.37447777986526487,0.3497916698455811,0.701358950138092,0.05416809879243374,0.00756444213911891,0.31107876300811765,0.05275525040924549,0.4696720838546753,0.08609500527381897,0.9682583093643189,0.9982914566993714,0.008870052453130484,0.11193202584981918,0.5274695813655853,0.17586992979049682,0.04842416495084763,0.2518205106258392,0.23284742385149002,0.707923698425293,0.2191546842455864,0.48300317525863645,0.2599243938922882,0.07290725037455559,0.2857534378767014,0.126150956004858,0.2442791521549225,0.11035065650939942,-4.599822781133513,77.94458517395461,47.484842771894414,0.9278246214821599,-6.835467153072095,2.597327809197633,1.7826709989136962,90.77328636335622,-4.11866775002966,6.956174976398065
dec1a20746263519def2c119a11df791,OC(=O)CSc1nnc(Br)n1-c1ccc(C2CC2)c2ccccc12,404.28900000000016,4.2371000000000025,5.0,1.0,4.0,0.6447720583090041,0.0,68.00999999999999,0.11750727817416191,0.8688957571983338,0.9496432304382324,0.22620069310069085,0.1879604145884514,0.5782689213752746,0.0951048918068409,0.04697962924838066,0.036150431260466576,0.3286227762699127,0.11114951819181443,0.23930183947086334,0.37721394896507265,0.967247474193573,0.9965861678123474,0.012847435101866722,0.02709759958088398,0.1452585682272911,0.028049278445541857,0.02491032937541604,0.0983951061964035,0.3387970611453056,0.5789832711219788,0.11746558099985123,0.588068038225174,0.030301590077579023,0.03765928484499455,0.03247485775500536,0.03447993732988834,0.41874451041221616,0.012369638122618199,-5.082760783096466,19.74870703220909,16.390703833486356,5.092698882781187,-8.864541937012195,2.577811630206003,1.3649594460392485,99.83969299019914,-4.276392052214817,-6.311126709097373
4c729739313d9acd5b88b066cd307f8e,Cc1nc(C)c(C)nc1C,136.19799999999998,1.7102799999999998,2.0,0.0,4.0,0.5422770005695131,0.0,25.78,0.2373384192585945,0.9798635840415955,0.9958068251609802,0.3280796855688095,0.00209571430386859,0.28517024517059325,4.60732118881424e-05,0.6286001726984978,0.000549521024004207,0.788911783695221,0.0023566620679048357,0.037083422672003506,0.005151067266706377,0.2919679135084152,0.9984344840049744,0.0005267635908239754,0.023464090906782076,0.012375235045328736,0.000923182928818278,0.002521766335121356,0.025571953132748605,1.7093015662794643e-05,0.9781193256378173,0.0019777132372837515,0.007160466862842441,0.0003101548136328347,0.00023000493185918459,0.0001291046411779462,5.8634198434859285e-05,0.8644543886184692,0.09609510991722345,-4.356428946500669,-10.464326884961991,1.7360654751252589,0.17385259272130965,-6.433499833667365,2.143948152571123,0.4161004930393825,12.608103651639599,-0.4785206526083402,-3.1276662958222783
118722f7651c3dee08030ddb4d8ddf34,CCCCOC(=O)C(=C)C#N,153.18099999999998,1.40948,3.0,0.0,4.0,0.26535410858412994,0.0,50.09,0.1016576573252678,0.9033399105072022,0.4361462414264679,0.9588567733764648,0.609050053358078,0.06531633585691451,0.32411450147628784,0.0986191863194108,0.021666853874921798,0.4126433163881302,0.07363520935177803,0.28288290575146674,0.006684006983414292,0.7861392974853516,0.9999403238296509,0.031115245819091798,0.01135938367806375,0.012282657949253917,0.0519137904047966,0.15622418224811555,0.06062289029359817,0.05775410458445549,0.9904481053352356,0.023668219149112702,0.37695701122283937,0.3325870305299759,0.12209963202476501,0.06272585466504096,0.07060260400176048,0.900450611114502,0.06250636801123619,-3.8089875385158436,148.98287900333585,108.0741700695384,20.10956373955729,-4.393250066262904,1.7291055158188666,2.7896525186626357,100.61330570970546,-4.859579305870812,13.6425814428883
0725adc29504943110a02874e0878089,Cn1cnc2c(F)c(Nc3ccc(Br)cc3F)c(cc12)C(=O)NOCCO,441.2320000000002,3.0113000000000016,6.0,3.0,4.0,0.40456998279113743,0.0,88.41000000000001,0.9438644647598267,0.7271179914474487,0.927570128440857,0.23832208290696144,0.059831542521715166,0.1348428562283516,0.09177225418388843,0.03289780393242836,0.017722145840525626,0.5568935155868531,0.19216168597340583,0.3937596321105957,0.4254785358905792,0.8929252028465271,0.9992392063140869,0.0397562351077795,0.03253926616162062,0.7105661392211914,0.3720238596200943,0.02370615052059293,0.09073639288544655,0.029311200976371764,0.8481930375099183,0.4674720585346222,0.5001480519771576,0.20781575739383698,0.04418490454554558,0.4262498885393143,0.3400881886482239,0.36482530236244204,0.7851673364639282,-5.362922596163253,54.616453974577794,26.555885060745503,87.16766172785866,-13.595670523611426,2.29726081513732,2.352726081412133,86.60712994825303,-3.7127129425037166,9.038099101427402
942af17b32b5232e90b9f0d40e5e3dea,CCOC(=O)c1ccccc1OC(N)=O,209.20099999999996,1.3208,4.0,1.0,4.0,0.7612185387603416,0.0,78.62,0.05813420861959458,0.9934765338897705,0.9340861201286316,0.7367308437824249,0.0693631861358881,0.42069403529167176,0.020165645517408848,0.1897713854908943,0.011899469234049321,0.3281233236193657,0.0015456708031706512,0.15292808935046195,0.029549310076981784,0.7251874327659606,0.9999020338058472,0.0027509979088790716,0.025619128346443178,0.02514325100928545,0.0017380512203089894,0.005160698154941201,0.03829539194703102,0.0011298103258013726,0.9468375325202942,0.011077053844928741,0.0032835920341312886,0.002900131419301033,0.0032312133349478244,0.0021397599950432776,0.0020026977406814696,0.1505323514342308,0.0282684575766325,-4.050979535352369,74.36942073984785,48.820505579726856,-3.5765974386163784,-11.529167403948737,2.4036845504375797,1.356529320319526,71.52727135265154,-2.0753637974934,4.142097878998898
5677ec5d2c4dc4c12e68cfbb0e7abbf6,[H][C@@]12CC[C@@]([H])(C1)N1C(=O)c3c(O)c(=O)c(cn3C[C@@]1([H])O2)C(=O)NCc1c(F)cc(F)cc1F,449.38500000000016,1.6343999999999999,6.0,2.0,4.0,0.742207162248136,3.0,100.87,0.7275495171546936,0.8150561451911926,0.9155653953552246,0.014031059201806783,0.03230906585231423,0.10989248156547546,0.09983382783830166,0.04309424478560686,0.023266175016760825,0.6501424252986908,0.1974221482872963,0.06249189302325249,0.3013496816158295,0.9357516407966614,0.9967323184013367,0.05921060331165791,0.081025230884552,0.02132825329899788,0.18596314936876296,0.02033163420855999,0.11400672122836113,0.012872566794976592,0.8297606110572815,0.21442752107977867,0.22583807110786439,0.10814585089683533,0.012841795012354851,0.15971260219812394,0.1885497748851776,0.1577098399400711,0.42650784850120543,-4.777375060647757,26.219834721509734,29.5534840891972,27.520790327223096,-12.093345331655915,3.848659456483129,1.4548882617953083,76.05381850601255,-4.052325973868935,-0.11475157400197755
b0c3b429b1ea9c8ad4b44c72eb816a69,CC(C)C(=O)Nc1ncc(s1)-c1cc(nn1-c1c(Cl)cccc1Cl)C(F)F,431.2950000000001,5.834700000000002,5.0,1.0,3.0,0.5527413128428958,0.0,59.81,0.35617071986198423,0.8732344746589661,0.9027722358703614,0.6603743314743042,0.9211241245269776,0.5083871424198151,0.8654752373695374,0.048878810554742816,0.04798303470015526,0.7614490151405334,0.6269395589828491,0.5988295614719391,0.11512828692793846,0.9580575704574585,0.9999640941619873,0.009524168772622943,0.029980418272316456,0.6579570770263672,0.7071893215179443,0.04308187998831272,0.17245084345340728,0.2204159215092659,0.9671830296516418,0.6975895226001739,0.8845157265663147,0.14953932166099548,0.23026026785373688,0.9035985350608826,0.3946015238761902,0.35938947796821596,0.6829412698745727,-4.547702647635437,49.95753553423913,72.94440358945398,41.43637011249823,-8.012398351529331,2.884191161171134,3.4572190452375366,97.73598031947066,-6.201957542279354,8.111526019217468
d350cf2391310d39324185623d8bf7e0,OCCNC(=O)Cn1ccnc1[N+]([O-])=O,214.181,-1.1001999999999996,6.0,2.0,4.0,0.47711583816008973,0.0,110.29000000000002,0.9186017036437988,0.846181082725525,0.7981008529663086,0.0012123477557906882,0.0044521720832563,0.15312502309679984,0.0017455901419452858,0.010377447586506605,0.0005149602213350591,0.10542331859469414,0.00012394326802223077,0.5003145486116409,0.027161900792270897,0.5766523972153663,0.9607796311378479,0.004822337697260082,0.001600341941229999,0.0015916189353447408,0.00032500931120011957,0.001973224499670323,0.028451995365321635,0.0005016761900151323,0.10612764190882444,0.008059193434019108,0.057532628625631334,0.00045388610669760965,0.006470111885573715,0.0009369890765810851,0.003048635821323842,0.891192352771759,0.008428763487609103,-5.0782368462574095,28.768167868811027,-8.333779449696813,-5.373166930867366,-16.854745229731762,2.180084102974932,-0.8030500217045166,29.41233407259723,-0.6838061230053378,5.315745178581172
ef4483243331394984c9566ba48f1dcf,CC(C)C[C@H](NC(=O)[C@H](C)NC(=O)C[C@H](O)[C@H](CC(C)C)NC(=O)[C@@H](NC(=O)[C@@H](NC(=O)CC(C)C)C(C)C)C(C)C)[C@@H](O)CC(O)=O,685.9040000000002,1.4672000000000078,8.0,8.0,2.0,0.08251368715651947,7.0,223.25999999999996,0.09432641714811325,0.0771705001592636,0.32019878923892975,0.0007858328550355509,0.017230873135849832,0.05477468017488718,0.009826159197837114,0.01874648630619049,0.01582486249972135,0.6521999716758728,0.2522116959095001,0.13241466432809829,0.03710863282904029,0.28916258215904234,0.12305392175912858,0.02181594029534608,0.06861656159162521,0.010328816855326295,0.005761200375854969,0.036633165762759747,0.08609183840453624,0.012666690908372403,0.15011389851570128,0.11443926393985748,0.09013026058673859,0.004296075191814452,0.0191539010964334,0.004458397766575218,0.011975745391100644,0.12914428785443305,0.11565208584070205,-6.428360331234094,7.209471040879755,70.13686109463109,-22.895951561928108,-11.777499035494088,3.1104350979206017,0.30097263541066893,78.0340448163442,-3.15508645432577,0.17013795969756326
8ff4b2e43f4bea901f09b779d988ac6a,CC[C@H]1OC(=O)[C@H](C)[C@@H](O[C@H]2C[C@@](C)(OC)[C@@H](O)[C@H](C)O2)[C@H](C)[C@@H](O[C@@H]2O[C@H](C)C[C@@H]([C@H]2O)N(C)C)[C@@](C)(C[C@@H](C)C(=O)[C@H](C)[C@@H](O)[C@]1(C)O)OC,747.964,2.4397000000000046,14.0,4.0,2.0,0.2658294280815995,18.0,182.91,0.20995634645223618,0.038120337203145026,0.8888914585113525,8.888454797215673e-05,0.0025021158304298296,0.0066558681428432465,0.0014427569723920897,0.007700827671214938,0.0013353741280297982,0.5803982675075531,0.2679829552769661,0.013721992820501327,0.14332006871700287,0.46167283654212954,0.8708019018173218,0.019506683014333247,0.043619392067193986,0.006373426527716219,0.06403523534536362,0.016445739753544332,0.09745006933808327,0.008769393793772905,0.7425266623497009,0.8000936150550843,0.06034286618232727,0.01097420824225992,0.007918398547917604,0.18299380391836167,0.06675965040922165,0.2693830944597721,0.23509777784347535,-5.5639644429578725,91.73664655407632,41.12502994950362,13.631453071453922,-11.090351476517194,2.4579877180932312,1.0312662411107962,59.972762847647935,-2.882857929833368,1.4284998742360018
ea126e7059042c39a6edb1355b0257d6,CCS(=O)(=O)N1CC(CC#N)(C1)n1cc(cn1)-c1ncnc2[nH]ccc12,371.42600000000004,1.0956799999999993,7.0,1.0,4.0,0.7167032115900049,0.0,120.56,0.27072243839502336,0.5382316470146179,0.7604209423065186,0.14032925590872763,0.05399164594709873,0.2583767376840115,0.05657140426337719,0.1836453855037689,0.012674741819500924,0.6040523171424865,0.44302301704883573,0.06722874864935875,0.494559508562088,0.89399174451828,0.9985719799995423,0.023788801021873952,0.013294124696403741,0.06780586279928684,0.17357637733221054,0.04689081646502018,0.04856941439211369,0.006589426007121801,0.7801384329795837,0.01713214023038745,0.06474528536200523,0.011600924655795097,0.011457815812900663,0.018537218775600196,0.09115358591079711,0.3897071063518524,0.6371938705444335,-5.432460719012797,49.77390204983995,39.97559531756741,-50.87556614281808,-14.189821857363603,3.0021838777847303,0.9496838777232984,85.73315949943355,-4.076799487459326,-5.891218208739383
8397acbd917d677d7df34a75be0af324,CCCCCCCCCCC(C)(C)C(=O)Nc1c(OC)cc(OC)cc1OC,393.56800000000015,6.207900000000006,4.0,1.0,3.0,0.38187710616722637,0.0,56.790000000000006,0.12571946531534195,0.816144871711731,0.7174369931221009,0.0638879157602787,0.43291610181331636,0.23556166589260102,0.232190278172493,0.3723807007074356,0.0428705483675003,0.8988169312477112,0.7989114046096801,0.4712987422943115,0.015842274762690067,0.41571748852729795,0.9997482180595398,0.0010073916288092732,0.013999133836477995,0.3761431217193604,0.12778227403759956,0.01574990963563323,0.04372697472572327,0.005362531659193337,0.9735109448432923,0.9199262380599975,0.3000257909297943,0.0070033378433436155,0.03650593124330044,0.2906405121088028,0.0362529531121254,0.3109289973974228,0.8891721367835999,-4.449793321321874,111.42369655908333,137.3352980482222,11.307181754363446,-4.505273005553808,2.643667219588662,3.997200432251806,100.29507760958214,-5.809233873715412,7.611789904361013
b1a413ffaa2ab17419a33e43a72c825c,Brc1ccc(CN(c2ccc(cc2)C#N)n2cnnc2)cc1,354.211,3.3821800000000017,5.0,0.0,4.0,0.720803730982883,0.0,57.74,0.4042980670928955,0.821061646938324,0.9593646407127381,0.8971770405769348,0.9436143279075623,0.22715774178504944,0.8874693870544433,0.11449243575334549,0.15485553294420243,0.5270153760910035,0.7786260962486267,0.3849179565906525,0.22345755249261856,0.9259593844413757,0.9998378992080689,0.008155571669340134,0.023337508924305438,0.5522931218147278,0.8041754484176635,0.04245270453393459,0.15800097584724426,0.07109668813645839,0.9358651041984558,0.1920564129948616,0.5412577629089356,0.24544620811939238,0.10358732715249061,0.6242250025272369,0.2289736360311508,0.47330242693424224,0.5752024412155151,-4.936441795485124,73.37494618823209,38.655929719314685,10.059212598609053,-8.267182474159679,2.5043676552794243,2.963755514228926,83.78302585187073,-4.785844138350791,1.4636511970721737
2b959659435deeecdaef03c15c2317c5,COC(=O)c1cnn(c1\C=N\NC(=S)NC(C)(C)C)-c1ccc(F)cc1F,395.4350000000002,2.5336,6.0,2.0,4.0,0.3584595303430779,0.0,80.53999999999999,0.11905903443694114,0.680790376663208,0.8261363983154297,0.8216291546821595,0.9324722051620483,0.25427376180887223,0.9108248353004456,0.10479413047432899,0.029450126737356187,0.6206775605678558,0.7685337901115418,0.22777986228466035,0.07630233913660049,0.928940224647522,0.9998104333877563,0.007116525922901929,0.006562240282073617,0.35445077121257784,0.3920468807220459,0.05049154870212078,0.05132823809981346,0.09599292054772376,0.9868014216423034,0.4922698140144348,0.37881010174751284,0.058299227803945544,0.2094857931137085,0.4018359325826168,0.058630543574690816,0.3658828854560852,0.5136419475078583,-4.61952830296787,57.28802744330894,72.14392467606736,59.080879189962516,-8.917415108557083,2.743429498418174,3.1309861540334216,86.262953960094,-5.062945861831754,15.223011493355937
ffa631a9556ae69ac53d91ee258ea6e0,FC(F)(F)c1ccc(CN2C(=O)[C@@]3(COc4cc5OCOc5cc34)c3ccccc23)o1,429.3500000000002,4.252400000000002,5.0,0.0,4.0,0.6096522961687846,1.0,61.14,0.20109640955924987,0.960543441772461,0.81523517370224,0.7843985438346863,0.9884470343589783,0.19527367800474166,0.9129236936569214,0.13395944386720657,0.5100997596979141,0.7576120495796204,0.9793576121330261,0.1384493663907051,0.0344800716266036,0.8796042203903198,0.9999672651290894,0.01772156017832458,0.07076790630817413,0.2718335598707199,0.4340108633041382,0.024553767498582603,0.14568975269794465,0.0642802208662033,0.9471766114234924,0.9322492003440856,0.7281992197036743,0.015831216145306824,0.06968778222799302,0.8418505549430847,0.14773651361465454,0.1330217555165291,0.9092958211898804,-4.5681758894503774,53.14828874064646,54.61674422602006,93.65939791625428,-5.088479022438308,3.87508396653667,4.143710331484952,99.88029079185762,-5.986112864855525,2.758783948280949
a101b0827a5916fc920fbf7a3b5edb3b,CN(C)C(=O)[C@H]1CC[C@H](NC(=O)C(=O)Nc2ccc(Cl)cn2)[C@@H](C1)NC(=O)c1nc2CCN(C)Cc2s1,548.0690000000003,1.2896000000000005,8.0,3.0,3.0,0.4796796282412841,3.0,136.63,0.45258782207965853,0.5468094825744629,0.7679338932037354,0.023139675427228213,0.08221348524093627,0.20098319798707961,0.05148011837154627,0.08254314213991165,0.1248895563185215,0.7340652465820312,0.6974066734313965,0.1601868487894535,0.5111741542816162,0.8590338587760925,0.9786388278007507,0.01949329674243927,0.025844569131731988,0.09971863739192485,0.03652526065707207,0.01846324959769845,0.08063386790454388,0.012945385416969657,0.7028896808624268,0.3672756522893906,0.25961356461048124,0.0977229431271553,0.045503788813948634,0.19307465106248856,0.13206994384527207,0.19481957703828812,0.4679083526134491,-5.190726568596787,29.674364879073345,25.06683984016287,50.519656070253724,-12.687825957007709,3.244279705275465,2.184358162984238,67.50374785689627,-3.087727125168328,10.022965132951636
26825cb3b0d28e1ce28daa1404bdb2a5,CCc1cc(Nc2nc(cs2)-c2ccc(c(F)c2)-n2cnc(C)c2)c(C)cc1C,406.53000000000014,6.366160000000005,5.0,1.0,3.0,0.41888709691865217,0.0,42.74,0.5482493758201599,0.6094105482101441,0.9251206636428833,0.7125778675079346,0.8945172667503357,0.3889702022075653,0.4520841896533966,0.14992485493421553,0.30964386463165283,0.6614954233169555,0.8378753542900086,0.5287628829479217,0.13041966110467912,0.85212482213974,0.9997062444686889,0.022299117967486383,0.034608299098908904,0.8080166935920715,0.6646477460861206,0.0374136358499527,0.18875328302383423,0.11602859869599343,0.7517509937286377,0.9734503269195557,0.8144081592559814,0.24866074323654175,0.44654746651649474,0.6760798454284668,0.16203685104846954,0.3023869156837463,0.8838935852050781,-5.03299544932583,23.765748102113463,55.254125395862545,57.964657496897004,-8.13130752747509,1.8673869119704842,4.353299108313331,106.8792768721969,-5.20971992438479,11.713547888856526
86873b948d794bcacc78df34b925ac2f,Cc1ncc(COP(O)(O)=O)c(C=O)c1O,247.143,0.5174199999999998,5.0,3.0,4.0,0.5238999149743511,0.0,116.95,0.09285070961341262,0.6052695512771606,0.7108212113380432,0.007038829542580061,0.01605779763776809,0.2738695375621319,0.006519416967057623,0.03896060204133391,0.0706788563518785,0.15066120773553848,0.0008894294334140795,0.03636059612035751,0.14792765751481057,0.27945735603570937,0.6292546808719635,0.008093200845178217,0.013596779946237803,0.007011748553486541,0.004286819678964093,0.03129025502130389,0.0791974976658821,0.0007313669608720374,0.07495476480107754,0.005733352014794945,0.009567237948067487,0.0010927487128356006,0.0006025465962011367,0.003207468765322119,0.007468283805064857,0.22022827565670014,0.011938205279875547,-5.430351302361084,11.85742903458738,4.30367174268176,29.62760505668889,-12.560670584874476,1.9373496696788184,0.43537974148932995,63.03628774329403,-1.1474968750893741,11.839907472943
0daa0639fce83e0b66ed2bd0471ba1f3,N#Cc1cc(ccn1)-c1nnc([nH]1)-c1ccncc1,248.24900000000002,1.8003799999999996,5.0,1.0,4.0,0.7461736235697171,0.0,91.14,0.3020839884877205,0.3377344459295273,0.9443470358848571,0.9109080910682679,0.27919431030750275,0.23416047394275666,0.31217900216579436,0.2522133648395538,0.05991934984922409,0.3919031977653503,0.49987769722938535,0.10236687250435353,0.21316820979118348,0.9417463779449463,0.9995979070663452,0.025489336997270583,0.02793692946434021,0.641445642709732,0.13262409418821336,0.07157911360263824,0.11531509310007096,0.03432754278182983,0.8829021215438843,0.053931006044149396,0.14639435820281504,0.38923960030078886,0.03892956478521228,0.14545471221208572,0.24161619693040848,0.33251114189624786,0.3203239575028419,-4.976109117798588,-3.7049451190874576,-3.195730379787186,2.103910746743998,-12.046906358567018,2.6252452991919326,1.4419806253939411,81.6029307611664,-3.8404089284964242,-3.146707130842939
7d6f008789b79cba013fc6b3bb4089d3,Fc1ccc(cc1)[C@@H]1CCNC[C@H]1COc1ccc2OCOc2c1,329.3710000000001,3.326500000000002,4.0,1.0,4.0,0.9339413767145557,2.0,39.72,0.4076175481081009,0.9880037188529969,0.950823450088501,0.9367257475852966,0.7610755562782288,0.12354425266385079,0.26172455996274946,0.8026466369628906,0.9747599244117737,0.5189743340015411,0.9171520709991455,0.03983975099399686,0.5079791903495788,0.31749129593372344,0.9999836206436157,0.01951314676553011,0.07364120557904244,0.38170936703681946,0.1666291758418083,0.021406079828739166,0.21355342864990234,0.0031046003743540494,0.9497295141220092,0.5440125405788422,0.20879288464784623,0.025510573387145997,0.017113995924592017,0.05820598490536213,0.0202340426389128,0.3604999154806137,0.9340888142585755,-4.79154919057017,40.963389699847724,3.838769700196424,13.037436137730925,-6.907593089601998,2.8255498803217023,1.7004702301586352,82.33802771823959,-2.972425041680858,12.021960562577847
1f1f9716eea0fd8df4b94cb8a945fcd1,Cc1c(Cl)cccc1Nc1ccccc1C(O)=O,261.708,4.090220000000002,2.0,2.0,4.0,0.8748545232166112,0.0,49.33,0.07077496871352196,0.350718754529953,0.9782340168952942,0.45136386156082153,0.23914822041988373,0.49891489148139956,0.46589282155036926,0.033331765234470366,0.08558950871229172,0.24357175529003144,0.05611158832907677,0.4792264699935913,0.03731615412980318,0.9666046261787414,0.9998427391052246,0.008060626522637903,0.047765400260686874,0.5545875489711761,0.04231857694685459,0.04151150472462177,0.20432184338569642,0.4310252696275711,0.5323771595954895,0.003762975602876395,0.477376264333725,0.12778046056628228,0.10496519133448601,0.6462284386157989,0.21546169221401215,0.42898825109004973,0.04543870724737644,-4.269468355118571,70.60117080876306,38.87272107291412,-2.040151975480889,-7.654807927200176,2.5151410556319695,1.882173673151278,90.53710080234649,-4.9036435434784655,1.2898296773393163
e1317748793bcb55262db1ae15f452e2,[O-][N+](=O)c1cnc(Sc2n[nH]c(=O)n2-c2ccc3OCCOc3c2)s1,379.3790000000002,1.8476999999999997,10.0,1.0,4.0,0.5376383447807966,0.0,125.17000000000002,0.6483466684818268,0.8468977093696595,0.9086058259010314,0.41771463453769686,0.7002953886985779,0.37377281188964845,0.5758276641368866,0.14346649274230003,0.09189319759607315,0.3737516850233078,0.47320910096168517,0.2298616498708725,0.28366750478744507,0.9858647584915161,0.9983362555503845,0.007447710761334747,0.015828975895419716,0.29957857429981233,0.03535435106605291,0.05258739246055484,0.22634626626968385,0.032790288887918,0.7180387735366821,0.31932377219200136,0.43466259241104127,0.11918772757053375,0.0652578555047512,0.3151330709457397,0.2089093178510666,0.5461254000663758,0.214354944229126,-4.922071551323748,43.59092004446143,14.62641699927197,-26.819532255227802,-11.571553385769013,2.2648191157311026,1.642509661417521,103.10841011243622,-4.20998822252295,-10.040773152453179
f9478328a53ec4a67dea2a8eb413ba47,COc1cc2CCN(CCc3ccc(NC(=O)c4cccc5c4[nH]c4c(OC)cccc4c5=O)cc3)Cc2cc1OC,563.6540000000003,5.5602000000000045,6.0,2.0,2.0,0.24029909184903464,0.0,92.89,0.3751527011394501,0.5302781283855438,0.7359637379646301,0.2910607159137726,0.7683680176734924,0.3010080486536026,0.6623391151428223,0.2931592375040054,0.23598428815603256,0.8620885252952576,0.7315242886543274,0.36487396359443663,0.44700042605400087,0.9227290868759155,0.9918501019477844,0.013645516335964203,0.015740415081381798,0.742665958404541,0.20194479823112488,0.013902545068413019,0.0404611062258482,0.03350182957947254,0.7999643325805664,0.9874333500862121,0.5582468569278717,0.10919244140386582,0.2565532550215721,0.7305705666542053,0.3545669883489609,0.27538656890392305,0.9676374316215515,-5.411202669848591,44.34039021559563,61.22025240981843,97.04470245572017,-12.1461474312858,2.9172319701198077,3.357027254738159,96.99444058063425,-5.94208715539127,2.1955166790391423
d5805218aa080a0ea0ead867bd697a55,Fc1cccc(c1)N1CNC(=O)C11CCN(CCNC(=O)c2ccc3ccccc3c2)CC1,446.5260000000002,3.1372000000000018,4.0,2.0,4.0,0.6322038538795826,0.0,64.68,0.344719597697258,0.9399574637413025,0.6695725321769714,0.3182121753692627,0.32956446409225465,0.16836336702108384,0.17473242580890655,0.5445120096206665,0.552677857875824,0.6938074231147766,0.3103791683912277,0.2667876571416855,0.6866588175296784,0.7187627553939819,0.9907576322555542,0.03815981410443783,0.03360908403992653,0.28888875544071196,0.05121053159236908,0.010230138339102269,0.10225648283958436,0.012768467236310244,0.8269766926765442,0.6063891172409057,0.41061350107192995,0.07254821844398976,0.026242725923657416,0.1596301779150963,0.099941585958004,0.3727979212999344,0.9605862855911255,-5.142389472944844,24.98747028129561,21.542722832037317,60.998623612125,-10.820787744738093,3.088610984144128,2.51318845994225,96.66057315923392,-4.053449024385731,1.8295646513653836
a802ad2538c484174518bc23c9d754f3,NC(=O)c1ccc2nc(c(-c3ccccc3)n2n1)-c1ccc(cc1)C1(N)CCC1,383.4550000000002,3.5001000000000015,5.0,2.0,4.0,0.5632488000301973,0.0,99.3,0.6246842503547668,0.736956787109375,0.9326712250709533,0.4118457078933716,0.21452129632234573,0.4340767502784729,0.38148981630802153,0.16695428937673568,0.08177692350000143,0.5165364742279053,0.1568172626197338,0.38588552474975585,0.6584635972976685,0.8495856761932373,0.9979107141494751,0.12849900275468826,0.0773920051753521,0.16933068931102752,0.38275888562202454,0.12214421853423119,0.1944675028324127,0.08215602338314057,0.8597249984741211,0.7297293543815613,0.49969095587730405,0.3099848091602325,0.11147773936390877,0.5511626303195953,0.287706196308136,0.2406454414129257,0.7772319436073303,-5.152865606238651,-4.405046297318916,21.327274218599115,3.4401344012387876,-11.543521927665376,2.463973235525967,1.7864853106472907,87.49777360714339,-4.660528877787156,6.321159578104551
7489c5c3ac7276861a5732566e452a43,COc1ccc(OC)c2c1[nH]c1ccccc1c2=S,271.341,4.067790000000002,3.0,1.0,4.0,0.5633422274167591,0.0,34.25,0.8038986563682556,0.7363924026489258,0.8179917216300965,0.9952515602111817,0.7283034563064575,0.23330335617065429,0.42448767423629763,0.5267655253410339,0.23536015748977662,0.6857053279876709,0.8600905537605286,0.0747226357460022,0.03315809303894639,0.96561518907547,0.9999842405319214,0.04879107438027859,0.017647627182304858,0.9804783344268799,0.35811189711093905,0.16599010974168776,0.17979295551776886,0.20805491209030152,0.9662430286407471,0.3686135411262512,0.7630499720573425,0.44509299993515017,0.5567430675029754,0.8212497234344482,0.761941796541214,0.6517082929611206,0.6069249272346496,-4.570075297894233,82.62579036521291,46.9659725962911,14.737434997176265,-9.682692611454277,2.5508151869270828,3.279056799648912,98.91917579999615,-5.90837363540801,-2.356519696040265
4728415a335e249fa898f559644a8839,CC(C)(C)c1ccc(cc1)C(=O)CCCN1CCC(CC1)OC(c1ccccc1)c1ccccc1,469.6690000000001,7.217600000000008,3.0,0.0,3.0,0.30994100504194527,0.0,29.540000000000003,0.052254294604063035,0.8516077995300293,0.6018128752708435,0.027282215468585492,0.1254277639091015,0.10392612218856812,0.08882317170500756,0.4156340479850769,0.7491853594779968,0.7243835091590881,0.14471375718712806,0.11104136370122433,0.18750961031764746,0.09136126339435577,0.9970039248466491,0.009902131929993629,0.0023715558694675566,0.033403166197240354,0.04140902943909168,0.01596782747656107,0.07297060787677764,0.005648261541500688,0.9203333616256714,0.9949621558189392,0.4689531683921814,0.0018076509237289428,0.16912709921598434,0.11951835304498673,0.006875955639407039,0.6481220364570618,0.9651395082473755,-5.050047420651024,82.71002661050952,52.008923138976556,43.723338724770855,-5.7317416268934505,2.6451911521465576,4.423904986377271,104.03422827354275,-5.112699340183787,3.4501086267248624
19bd0e6e9b1209940485d71d21f044ce,Oc1ccc(cc1)[C@H]1COc2cc(O)ccc2C1,242.27399999999997,2.8165000000000004,3.0,2.0,4.0,0.8080456387787933,1.0,49.69,0.43314420580863955,0.40195865631103517,0.6031164288520813,0.9038484692573547,0.8351020097732544,0.1819732367992401,0.5858265578746795,0.3149410426616669,0.4478708505630493,0.6372752070426941,0.5278243988752365,0.07458001803606748,0.00752273416146636,0.37249414920806884,0.9998439311981201,0.007198674930259585,0.04813825488090515,0.4942096292972565,0.2531418174505234,0.6196226060390473,0.8287862658500671,0.043689067102968694,0.8366783022880554,0.06483769342303276,0.6956816613674164,0.2667170733213425,0.24126168340444565,0.8921089768409729,0.36598825752735137,0.844717538356781,0.6282695949077606,-4.878230492095858,132.10831474657837,52.340140398674365,-5.548382762244167,-9.229357938391109,2.0790608223368987,3.0704056317754413,82.46265967712341,-3.0804777522537194,-1.0154769325154753
5151db7b6e3c91b41109b466d9312107,C[C@H](NC(=O)Cc1cc(F)cc(F)c1)C(=O)N[C@H]1c2ccccc2-c2ccccc2N(C)C1=O,463.4840000000002,3.512900000000002,3.0,2.0,4.0,0.6079944800936932,2.0,78.51,0.38360829949378966,0.6500736474990845,0.8723431587219238,0.06647740453481674,0.46486225724220276,0.5789166331291199,0.2597212612628937,0.1660026103258133,0.13126219809055328,0.8571413040161133,0.8423799395561218,0.612260240316391,0.3927953511476517,0.9350635766983032,0.9910017490386963,0.010187439247965812,0.057470666617155074,0.09437806606292724,0.04870901554822922,0.004537333245389163,0.03958382569253445,0.03419655449688434,0.8354560017585755,0.8097357511520386,0.25181945860385896,0.01053222855553031,0.013287987280637025,0.1713496744632721,0.03946562297642231,0.1451662339270115,0.8860944271087646,-4.890865734594767,33.827648179791964,47.68176612329991,87.08670333124275,-9.533258876169581,3.620514028657724,3.5140380028746634,93.60981686202942,-4.194127750422112,6.888569394734619
e8abfa1de697e8eb88a27923aded51ec,O[C@@H]1[C@H](Oc2cc(O)cc(O)c2C1=O)c1ccc(O)c(O)c1,304.254,1.1862999999999997,7.0,5.0,4.0,0.5005308756296324,2.0,127.45000000000002,0.6313422918319702,0.05775200892239809,0.5171466827392578,0.3654185771942139,0.14549676552414895,0.08689867183566094,0.1621429592370987,0.03561394233256578,0.1300157703459263,0.4368488073348999,0.18847486674785613,0.03587508909404278,0.12511973157525064,0.7068248629570008,0.993813955783844,0.06477293148636817,0.05485766418278217,0.6330626010894775,0.09739116877317429,0.1450532555580139,0.26072040796279905,0.014761701598763466,0.24999550580978394,0.12332301959395409,0.3483950078487396,0.057806949317455295,0.05109248012304306,0.6225816249847412,0.24395063519477844,0.6706666231155396,0.1817281052470207,-6.152956639615689,65.01872041886992,-9.129197847424688,-0.3703609094684438,-14.17930329637852,2.357235666351607,0.9788023362741928,68.34813538265588,-2.5743238395091823,3.443182840310203
8642a2acf1d5303dca7a2f4f1fdceea6,O[C@H]1Cc2c(O)cc(O)cc2O[C@@H]1c1ccc(O)c(O)c1,290.271,1.5460999999999996,6.0,5.0,4.0,0.5095927314649248,2.0,110.38000000000001,0.33653407394886015,0.13677498400211335,0.39863731265068053,0.24493606090545655,0.19669732749462127,0.1451538920402527,0.11291122138500213,0.09261920601129532,0.07459839545190335,0.4414206564426422,0.09196685403585433,0.04682462252676487,0.0642990693449974,0.26470900774002076,0.9918136954307556,0.030707827117294074,0.06115895658731461,0.29530000388622285,0.05861902981996536,0.12233126759529114,0.2483196258544922,0.008987047662958502,0.15095368176698684,0.1163301296532154,0.10636551231145859,0.013469959888607264,0.05594613067805767,0.19954027831554413,0.06714915186166763,0.5975520789623261,0.25387207567691805,-6.206270224629909,53.06746910903896,-17.03833680312399,17.2384656043449,-13.113137067874998,2.4717880800480696,0.950814355770056,60.69749758671799,-1.7823217738324568,0.06543395941404792
11cdaecd2bac8d61b0f00556b5b33a6d,O=C1N(CCCCN2CCN(CC2)c2ncccn2)S(=O)(=O)c2ccccc12,401.49200000000013,1.2234999999999998,7.0,0.0,4.0,0.672881017074317,0.0,86.71000000000001,0.3225019365549088,0.9693422198295594,0.6213467001914978,0.07009678930044175,0.24077889323234558,0.49138009548187256,0.2540803089737892,0.36363434195518496,0.34150278866291045,0.7175747156143188,0.18587925434112548,0.18498953878879548,0.6995559334754944,0.7912483811378479,0.9963623762130738,0.012071094196289777,0.037384990602731705,0.02114324299618602,0.010749249532818795,0.006554570840671658,0.04317568615078926,0.001477605596301146,0.9220465898513794,0.2867837011814117,0.14816243797540665,0.0016911446291487664,0.002937917201779783,0.016615316085517407,0.008542438223958015,0.41508644819259644,0.8855018973350525,-4.737189618792934,87.83273132822566,49.03021048471931,-16.466448263611237,-10.856018801486135,2.971454865106952,1.0632839738235238,80.28079067052725,-2.88807897938377,-3.854159004027525
b57ee4ab1e9a301d9c6391f2d86a4b36,CC(C)(CCCCCCCCCCC(C)(C)CC(O)=O)CC(O)=O,342.52000000000004,5.889200000000004,2.0,2.0,3.0,0.3638576214902517,0.0,74.6,0.013301176438108086,0.5669090509414673,0.5621937245130539,0.04695122730918229,0.044552683271467684,0.38736107647418977,0.09187428019940853,0.0797656986862421,0.0657602746039629,0.6324828147888184,0.059648516587913036,0.43669885993003843,0.034887627325952054,0.15731521956622602,0.9720101833343506,0.0006451943801948801,0.0033835792215541004,0.003772907529491931,0.026342197507619857,0.21253787279129027,0.2277754545211792,0.28126305639743804,0.655791825056076,0.2642014749348164,0.1474967710673809,0.001080202584853396,0.1487632893025875,0.1302509732544422,0.014809870813041925,0.8264649629592895,0.3982111483812332,-5.06173029465869,77.30947487628052,26.199605459752338,12.258819053376428,-3.6246228201977333,1.8509727313138378,2.601029186295184,107.1676060849438,-5.218148205216865,2.477068547248863
88b280d8d921451f930497e6251bc761,CCn1cc(C(O)=O)c(=O)c2cc(F)c(cc12)N1CCN(C)CC1,333.36300000000017,1.6105000000000003,5.0,1.0,4.0,0.9243839877881741,0.0,65.78,0.6992273986339569,0.3932273894548416,0.9323055982589722,0.005666313436813652,0.010530190169811248,0.14040413945913316,0.009822081378661095,0.04037240818142891,0.019903996586799623,0.10039911307394504,0.0022234088159166277,0.23620356768369674,0.4879595100879669,0.9278018832206726,0.9031899571418762,0.02664782144129276,0.0801808275282383,0.015219011623412371,0.004494093684479594,0.013782153371721506,0.08939888477325439,0.002239264451782219,0.20793406665325165,0.0134507080540061,0.029426205717027188,0.004382233368232846,0.0008954627206549049,0.0024990493664518,0.010311373416334391,0.24588013291358948,0.11933469772338867,-4.520376152381953,23.50265652300525,7.34535885666776,7.070465437779637,-12.078503315714366,2.330154331327982,-0.41849175123467725,43.1228535249047,-2.5244876386567867,3.869548862935427
fb4df8d58fdcbe33603915c4046ef76a,Clc1ccc2c(ccnc2c1)N1CCN(CCCN2CCN(CC2)c2ccnc3cc(Cl)ccc23)CC1,535.5230000000001,5.424100000000006,6.0,0.0,2.0,0.32832192761910883,0.0,38.74000000000001,0.4897176265716553,0.9328842639923096,0.6405652165412903,0.38329253196716306,0.26312603056430817,0.1365804612636566,0.07252462469041347,0.3857122898101807,0.5279168367385865,0.6281095802783966,0.21666156649589538,0.3311808705329895,0.6051669955253601,0.8022631168365478,0.9683419346809388,0.033034312352538106,0.020976158510893583,0.31788219809532164,0.17871401309967042,0.039904870092868805,0.06399101465940475,0.012656933907419444,0.7958775043487549,0.8476016640663147,0.5040698528289795,0.011337401950731874,0.1484079048037529,0.08803873769938945,0.16111314594745635,0.6911420226097107,0.9569211959838867,-4.970873123823589,13.95686686232582,12.943390233875121,64.01839130579613,-9.341543209430828,2.655403157360425,2.5170412731470035,103.39072650131399,-4.056955405719987,17.21117890319881
ccb6c300fd261b321d81a8bb0daec4b5,CN(C)c1c(C)n(C)n(-c2ccccc2)c1=O,231.299,1.55042,4.0,0.0,4.0,0.7846896255721666,0.0,30.17,0.22192579060792922,0.988588809967041,0.9527269005775452,0.3419724315404892,0.06628212872892618,0.7544545531272888,0.03518727645277977,0.41887239515781405,0.00310298150870949,0.7430859088897706,0.004013199196197093,0.28434423804283143,0.059726963937282565,0.626727944612503,0.9995054483413697,0.009733591042459012,0.06125517338514328,0.02975889341905713,0.022159528359770773,0.00724012809805572,0.06873694509267807,0.0011900389043148607,0.985176968574524,0.03183758975937963,0.023987482581287623,0.00570299169048667,0.0015435673965839669,0.004209189608809538,0.001696474911295809,0.47238178849220275,0.3725842148065567,-3.8726954705224754,34.84109360702503,45.20156926459139,11.743392745219271,-10.106565141400413,2.6626189053728746,0.9352864769043479,51.86429456479681,-1.1500246905986837,1.6670688090448487
a10ce379fef6bd5b9a71c324b345bd8b,C[C@H](C(O)=O)c1ccc(c(F)c1)-c1ccccc1,244.265,3.6808000000000023,1.0,1.0,4.0,0.8937504426107861,1.0,37.3,0.056282132491469385,0.6970067858695984,0.9849731087684631,0.07522680759429931,0.09099648892879486,0.7942323088645935,0.1730879470705986,0.034843191504478455,0.002472505799960345,0.24907620400190353,0.005663575674407184,0.6097138822078705,0.043472384288907054,0.9572884440422058,0.9992987513542175,0.004784509749151766,0.058138423785567286,0.05859181955456734,0.025162979401648043,0.03779098726809025,0.2612370908260345,0.3844157010316849,0.6678393363952637,0.009186197689268738,0.07850705832242966,0.07758456394076348,0.003077286574989557,0.014775019697844982,0.012382534751668572,0.2036472424864769,0.018689034413546322,-4.230441658875863,13.072488728292493,19.600708271969918,-7.623539325454026,-7.855917693530534,2.957806016046608,0.537684746869038,98.74759133517406,-3.812711700706772,-0.05161286022440148
39bb7ba50991674c8ef49017e0f2a325,C[C@H](N)C(=O)N[C@]1(C[C@@H](Sc2nnc[nH]2)[C@H]2[C@@H]([C@@H]12)C(O)=O)C(O)=O,355.3760000000001,-1.0972999999999986,7.0,5.0,4.0,0.4245814913668974,6.0,171.29,0.043938399851322175,0.4338142216205597,0.8156524181365967,0.0004496524546993896,0.009911686019040643,0.18891813158988952,0.0026695596287027003,0.03803065847605467,0.010181664722040296,0.17826270163059235,0.005577912740409374,0.01651875264942646,0.2669010654091835,0.6705524563789368,0.7146682024002076,0.006339328596368432,0.015570782124996185,0.017197217606008054,0.0015498726221267133,0.009103847132064403,0.05836612842977047,0.0014475575706455856,0.006326112354872748,0.0028321793302893638,0.03601499386131764,0.0009677569119958207,0.002106900908984244,0.0003173771867295727,0.006547320075333119,0.21920034438371658,0.003049377049319446,-6.6405213829707135,-15.14950878553591,-43.82326507715379,-15.905270934914304,-16.483976885362374,2.684300219765459,-2.8415686973182543,40.05595869841788,-1.696863498576345,2.0724882854973363
613753453b48cf5160195f457bc7adf6,Ic1cnc(Nc2cccc(NC(=O)N3CCCC3)c2)nc1NCCCNC(=O)c1cccs1,591.4790000000005,4.746000000000003,7.0,4.0,3.0,0.2113861967006588,0.0,111.28,0.211588716506958,0.6902519464492798,0.5673746526241302,0.3015887051820755,0.748195493221283,0.3126427263021469,0.7522169351577759,0.40915340185165405,0.515384966135025,0.6534838318824768,0.9100438952445984,0.24834804087877274,0.5488296985626221,0.9105384588241577,0.9913183450698853,0.006247142748907209,0.010323232319206,0.35613835155963897,0.05407503172755242,0.01198263862170279,0.1195236548781395,0.021217089891433717,0.7822109818458557,0.7098418712615967,0.7384692907333374,0.056808655709028245,0.09134498238563538,0.6145828008651734,0.38820528984069824,0.40907920598983766,0.8932817339897156,-5.556222928569133,84.26840141338123,67.64743641404661,66.90219890511015,-10.491479806703154,2.703829579584826,3.505594029971924,104.12312273514999,-5.191753625476775,2.0226024883721685
db02e16757c7f605db1bcdf21b53eb0e,CNC(=O)[C@@H](NC(=O)[C@H](CC(C)C)[C@H](O)C(=O)NO)C(C)(C)C,331.41300000000007,-0.20809999999999906,5.0,5.0,4.0,0.32574873859172876,3.0,127.76,0.8406010866165161,0.4121045172214508,0.8578207612037658,0.0038092743838205934,0.07387525960803032,0.2850343033671379,0.009573460137471557,0.029058238305151463,0.006060668104328215,0.6383074164390564,0.1433006726205349,0.687159252166748,0.3123568132519722,0.28143678456544874,0.9771211266517639,0.002774934726767242,0.010801043966785074,0.014386056689545512,0.03015816891565919,0.016408996121026576,0.029845548421144487,0.0011436045169830322,0.7474254012107849,0.018630260368809104,0.08812568224966526,0.0008417731616646052,0.0069490401074290276,0.005472355545498431,0.007632060628384352,0.5285695314407348,0.19844431877136232,-5.568382971869061,29.842538331229115,20.52095098561283,-15.219067142286352,-14.853013010360248,2.5734630980292694,0.8483409025411597,52.970000382708825,-1.6789629013320209,3.0567733431400534
ba6f28eadd90cc38990e85a7c66d19bd,CC(=O)Oc1ccc2[C@H]3CC[C@]4(C)[C@@H](O)CC[C@H]4[C@@H]3CCc2c1,314.42500000000007,3.8289000000000035,3.0,1.0,4.0,0.6328232396055683,5.0,46.53,0.16059572100639344,0.5622159630060196,0.8274155497550965,0.3186299905180931,0.2320418879389763,0.331952828168869,0.06894867829978465,0.36170355379581454,0.03381603620946407,0.7641273736953735,0.05456993915140629,0.02978794788941741,0.03002984980121255,0.09194069728255272,0.9998198986053467,0.7741949796676636,0.8889388561248779,0.04025905691087246,0.06832975819706917,0.793910562992096,0.9098245978355408,0.016998121049255133,0.9796877264976501,0.526354855298996,0.22986314594745635,0.028361169248819353,0.055913533084094524,0.3630112335085869,0.1795855276286602,0.34529599249362947,0.39447208642959597,-4.3488165985011396,70.81161654569514,37.44921134687438,1.258456884892383,-5.612396911050385,2.2485102685771996,3.7079663772697318,92.52438279999825,-4.521539886044366,-4.702692583922348
8a10cf6a0e1205119464a2a55f22608d,N[C@H](CSC(c1ccccc1)(c1ccccc1)c1ccccc1)C(O)=O,363.4820000000001,4.123600000000002,3.0,2.0,4.0,0.6198570343045388,1.0,63.32,0.09591022059321404,0.21573543399572373,0.9281563401222229,0.1755598656833172,0.2089304432272911,0.48510160446166994,0.27477005422115325,0.048820198699831965,0.11016009971499444,0.3914101868867874,0.1793414905667305,0.521499228477478,0.06450680643320084,0.43956376910209655,0.9922672510147095,0.014018060453236104,0.00755898542702198,0.1505259696394205,0.1405288852751255,0.38952791690826416,0.43919485807418823,0.6422486424446106,0.47843668460845945,0.03839907087385654,0.24420822858810426,0.066080960072577,0.11210087537765503,0.4711430311203003,0.09703422151505947,0.6170656681060791,0.36895758509635923,-5.292216756256797,52.49762201385333,21.56593914151062,2.7908862981812783,-7.703645787860621,2.5719448201725457,1.9196817391366494,90.81642049715164,-4.298599606510376,-1.2370434339787653
770f58b5176fc2871da3d9bc5abf3dbb,N[C@H]1CCCC[C@H]1Nc1ncc(C(N)=O)c(Nc2cccc(c2)-n2nccn2)n1,393.45500000000004,1.581599999999999,9.0,4.0,4.0,0.492881036705245,2.0,149.66000000000003,0.6325778484344482,0.6248342514038085,0.9436113476753235,0.5874099791049957,0.18878228813409806,0.3097070097923279,0.1385180450975895,0.22567605078220368,0.24176939576864243,0.44587732553482057,0.8575499534606934,0.18474264591932296,0.7061651647090912,0.9120051741600037,0.9993774890899658,0.04991315305233002,0.03540948033332825,0.38396683633327483,0.22629423141479493,0.0741155281662941,0.12780186980962754,0.024234555289149286,0.8255985856056214,0.07171255815774202,0.24150314033031464,0.261296483874321,0.06056702714413405,0.435232412815094,0.35658921003341676,0.2353671208024025,0.6926234483718872,-5.60739025208537,8.315389929028385,18.252354373543668,13.337242906708587,-13.784367162032515,2.4983064985504835,1.2489381208959913,81.62813444255417,-3.701947100618338,4.4102676925124635
62a4de35500b462edbe38ac21350f5b6,OC(=O)c1cc(NCc2c(F)c(F)c(c(F)c2F)C(F)(F)F)ccc1O,383.219,4.277700000000001,3.0,3.0,4.0,0.41893421534777747,0.0,69.56,0.04262110982090235,0.3415383815765381,0.9318845272064209,0.4224138200283051,0.19563004970550538,0.37336261570453644,0.41173547208309175,0.0851255938410759,0.06935730949044228,0.3446730762720108,0.12062744945287704,0.6830049812793731,0.027590367756783963,0.8931524157524109,0.9947630763053894,0.016594810178503394,0.058731714636087416,0.06732363328337669,0.09871907234191894,0.042208946868777276,0.23089019060134888,0.2784524329006672,0.27700407803058624,0.1640689939260483,0.4250748872756958,0.02321842946112156,0.04940839558839798,0.48111324906349184,0.17808876037597657,0.31253125369548795,0.44346236288547514,-5.085823328178668,17.149227405199785,27.696757359311384,13.98562799205271,-5.754634185059213,3.205918784010065,0.962782426836205,90.14313797388147,-4.5125408508342,7.1572843101247825
63271811cf08119ade61357a759981eb,ClC(Cl)C(=O)NCCCCCCCCNC(=O)C(Cl)Cl,366.116,3.166800000000001,2.0,2.0,4.0,0.43606871287607907,0.0,58.2,0.8951094031333924,0.9624520182609558,0.8175652384757995,0.7748260021209716,0.8143045246601105,0.1881790816783905,0.3007571049034595,0.2511145055294037,0.1764769970672205,0.6384331822395325,0.5482466116547584,0.8798464655876159,0.305551516264677,0.38573954701423646,0.9960646271705628,0.05503896418958902,0.00973818488419056,0.04328294121660292,0.16288169845938683,0.1932418093085289,0.33659849166870115,0.22119661420583725,0.8973255634307862,0.25816055536270144,0.7979797005653382,0.3263000100851059,0.34638705253601076,0.43803703486919404,0.4832125067710876,0.9431577682495117,0.805163311958313,-5.08036418280828,71.43060318289923,39.0860823130337,41.91861333673124,-7.931535411886303,2.0639322934132913,2.6227055758926126,84.67283196201244,-3.9904964453959337,6.546531625609354
d33db7bdb431292a3d042732317a09fd,CCNCC(O)c1cccc(O)c1,181.23499999999999,1.0351,3.0,3.0,4.0,0.6500790582218501,1.0,52.489999999999995,0.025671586208045483,0.13111156448721886,0.6174242675304413,0.038532455265522,0.0066300970269367095,0.13497585505247117,0.001117522266576998,0.5920738041400909,0.12250592410564423,0.10116805732250214,0.0012810254556825384,0.1959331389516592,0.021962604764848948,0.009005795139819384,0.9988595366477966,0.0015148914826568216,0.021477698162198067,0.00836825417354703,0.00036315021498012356,0.0014563022879883647,0.02659468986093998,8.482880330120678e-05,0.32293949127197263,0.0059912628028541805,0.0070628476794809105,4.423219506861642e-05,0.0005591462046140805,0.0014047685312107206,0.0001730522810248658,0.6102752447128296,0.08931017145514489,-5.2938726403663505,31.780293463116863,-26.519524989508596,-2.7589797265675324,-13.591501621977367,2.5076823073045693,-0.7684189120295633,10.155932825601232,-1.178140326696274,5.080215985307259
98f553d848be6460ce5f79a96c907b0f,NC(N)=N,59.071999999999996,-1.1614300000000002,1.0,3.0,4.0,0.2429555006684892,0.0,75.89,0.001264310511731992,0.5887129664421081,0.13751626973971726,1.850193816716472e-05,0.0007823997625223455,0.00022848543119380338,7.4847672831585e-05,0.01882091488223523,0.0003479082850390114,0.0038841761204821525,6.33533229793213e-08,0.0048427782334670155,0.000327194034810406,0.017490365652702167,0.08866103995169397,0.0002598996965389233,0.0024113204912282527,0.0010357397180996487,8.754668715721392e-06,0.0008356102596735581,0.05602973029017448,2.236735759425444e-09,0.01382133799602343,0.0008335280610481278,0.008672559808474034,7.235493641553321e-08,6.066859013742487e-05,0.0002496053884623706,1.807088709817606e-05,0.2177626382559538,0.0011140007409267128,-7.3498420337607415,-77.53747523338775,-54.30013251888564,-10.866630335054987,-11.950508838854617,1.1187742944337566,-4.529835608990196,-91.9823426223666,0.8718260572430477,-16.198065520761787
b76d88f088b48f30446a01e6423ded10,CCCCCCCCCCCCCCCC(=O)OCCC1CCN(CCCN2c3ccccc3Sc3ccc(cc23)S(=O)(=O)N(C)C)CC1,714.095,10.056299999999998,7.0,0.0,2.0,0.0838789410711439,0.0,70.16,0.02778756953775883,0.9738904118537903,0.39587789326906203,0.07447531335055828,0.3212990552186966,0.14962517693638802,0.21985334455966948,0.409916827082634,0.7310263633728027,0.8389656066894531,0.6745348334312439,0.08466797471046447,0.20055662095546722,0.36429392993450166,0.9990993142127991,0.00512477271258831,0.022109721694141625,0.037741560488939285,0.016797673609107732,0.0030471439938992264,0.019780924916267394,0.0031154782162047924,0.9420251965522766,0.9728742837905884,0.1351543515920639,0.001119907625252381,0.035899477824568746,0.06544159725308418,0.015079824067652226,0.547886872291565,0.978355872631073,-5.054221568143715,137.26081119902042,141.7653663191465,-41.60448048311367,-5.634459447825878,2.9794042074390354,4.157871476036272,112.23398278129267,-6.277608023734688,-4.274194988787727
d897315708a747439d6f8974e13687ee,CCN(CC)CCNc1ccc(CO)c2sc3ccccc3c(=O)c12,356.4910000000001,3.660700000000002,5.0,2.0,4.0,0.634506807646777,0.0,52.57,0.8485265374183655,0.9545050978660583,0.749501645565033,0.9173678755760193,0.1536738783121109,0.16491066738963128,0.0291255759075284,0.5424237310886383,0.7442889094352723,0.3255998432636261,0.17928828597068786,0.44263429045677183,0.6065011084079742,0.6439301908016205,0.9876037478446961,0.32372455298900604,0.08377168253064156,0.6460248589515686,0.10035896748304367,0.046954155713319776,0.13758194148540498,0.017480944748967886,0.752623724937439,0.7030473470687866,0.2322997272014618,0.15924284756183624,0.05360047146677971,0.1423909068107605,0.2882627546787262,0.6876162767410279,0.9099751949310303,-4.782264379166058,26.048551537453427,26.420084420319476,297.59218455707406,-12.61647597582712,2.409392142324385,2.045859196703636,76.36968309876792,-2.857942516278427,64.27510351101895
0df2d01d8bbb306bc7891fdbbe82bd75,CCOC(=O)c1ccc(O)cc1,166.176,1.5689,3.0,1.0,4.0,0.67810167363512,0.0,46.53,0.012942317314445973,0.5230008482933044,0.3424843788146973,0.933221435546875,0.42924349904060366,0.2023080602288246,0.29033648073673246,0.195494544506073,0.2226672500371933,0.4454022228717804,0.0372905433177948,0.025161430751904846,0.0017739129660185426,0.3967237263917923,0.9998976826667786,0.002449631248600781,0.047866735979914664,0.13935514092445372,0.025724830850958825,0.38587126731872556,0.5964622080326081,0.005849862331524491,0.948458445072174,0.008098459197208285,0.03859147317707538,0.09854471459984779,0.03160300683230162,0.19450488686561584,0.013966859318315983,0.344060355424881,0.06748952120542526,-4.489969270983508,170.72556256911108,98.15723276654732,-7.288877332435692,-9.013687244620948,1.8348288538053796,2.447953842905858,82.30729311974622,-2.070233332559604,2.8684477654769447
92ddd9139e3af2bc8d3885c9943c646b,OCc1cc2c3ccccc3[nH]c(=O)n2n1,215.212,0.6680999999999996,4.0,2.0,4.0,0.626341715287401,0.0,70.39,0.06888807713985443,0.6555595397949219,0.7851705551147461,0.32516413629055024,0.021824902296066283,0.4093944579362869,0.01751064769923687,0.1154990054666996,0.0019505174190271647,0.24686598479747773,0.005598756903782487,0.06543627828359604,0.09427343755960464,0.9442544341087341,0.9996031045913696,0.010462564323097468,0.029078101366758348,0.20271973460912704,0.004676891025155783,0.00396355832926929,0.026266638934612275,0.013811611104756594,0.3990705907344818,0.030055835470557214,0.045002777501940726,0.012392628658562898,0.018298355489969255,0.04112585298717022,0.04317860752344131,0.3479406774044037,0.050285408087074754,-4.869357494563144,3.966077857051714,6.490353325733139,-3.5311797602961548,-15.887933421723663,1.7208587378165414,1.3165009709850681,77.52016650057244,-2.5531087248711115,2.2776856719019114
32e439ee3ed58936638cf345cf38116e,COc1ccccc1CC(=N)N1C[C@H]2[C@@H](C1)C(CCC2=O)(c1ccccc1)c1ccccc1,438.57100000000014,5.112170000000004,3.0,1.0,3.0,0.4447629033254662,2.0,53.39,0.16167525500059127,0.8318327069282532,0.8978536486625671,0.027817235561087728,0.29847116470336915,0.5681160748004913,0.25509562715888023,0.6567783355712891,0.3345040261745453,0.8002266764640809,0.6544371724128724,0.09306149035692216,0.18585000336170196,0.2867032438516617,0.9994167685508728,0.008859229763038457,0.008061830326914788,0.05491763688623905,0.024912037327885626,0.012942695477977394,0.0643151842057705,0.018794316239655016,0.9144239544868469,0.9779320597648621,0.4709467053413391,0.015611064527183771,0.09674943946301937,0.3103785187005997,0.04115388952195644,0.20696962103247643,0.9253168702125549,-5.665395590906864,74.02811708809585,61.01570043394106,3.745852516623078,-7.4007264291815105,4.443650211893957,3.155622433177634,92.62272958462893,-4.966651726621306,5.016792404974234
358e813bbcc730923cd8f44e828e6222,Cc1cc(CC(O)=O)n(C)c1C(=O)c1ccc(Cl)cc1,291.73400000000004,2.8450200000000017,3.0,1.0,4.0,0.8813012171505193,0.0,59.3,0.02319987993687391,0.5388311982154846,0.972470736503601,0.06129491031169891,0.16908226311206817,0.5755442082881927,0.10076740309596062,0.018013807758688927,0.025374948792159558,0.5639669954776764,0.015764892101287842,0.3604706823825836,0.07512954398989677,0.9193067073822021,0.9956930637359619,0.014343891572207213,0.054337216168642045,0.08581706769764423,0.02048912215977907,0.031177473440766334,0.10108720511198044,0.1647212952375412,0.7117648839950561,0.01258930079638958,0.08140197098255157,0.025464262440800668,0.011993149854242801,0.006295222835615277,0.026937700062990188,0.16238531619310378,0.00976015329360962,-4.348572969964595,8.771880200672829,10.473454213414225,-0.2713423323592316,-9.56927423828963,2.885519193079033,0.023269754865141445,89.44078871008442,-3.4155611523628644,-1.372560170672567
84ed42f2a798433ed955661be909b6a2,NCC(O)c1ccc(O)cc1,153.18099999999998,0.3843,3.0,3.0,4.0,0.5752277445713088,1.0,66.48,0.16982420049607755,0.09026952460408211,0.525652676820755,0.02323661409318447,0.010756062064319848,0.11192052438855171,0.010672338027507066,0.2884243816137314,0.019325075298547746,0.1296049728989601,0.006577782845124602,0.30656074583530424,0.010489722387865186,0.00509604336693883,0.9979699730873108,0.005133772315457463,0.018643133994191884,0.025346666947007178,0.003861799338483252,0.013782114651985467,0.039878122555091974,0.0004906842485070228,0.12650028001517058,0.008125482592731714,0.01701133893802762,0.00035290155192342355,0.005740125104784966,0.008396750106476248,0.002149396932509262,0.591205108165741,0.06579298377037049,-5.36199932187548,42.41387732882616,-33.407396001351515,-7.980261839811144,-13.711618675997716,2.126352222195595,-0.33839933593310184,16.753129277510816,-0.7126313636039854,-4.158159599560821
af46f91438890a9446f0230f0e91e4f7,Cc1sc(N)c(C(=O)c2cccc(c2)C(F)(F)F)c1C,299.31700000000006,4.1969400000000014,3.0,1.0,4.0,0.8446303950661795,0.0,43.09,0.0644124161452055,0.9838986873626709,0.9438172578811646,0.9651301503181458,0.907699179649353,0.24634696245193483,0.5924743413925171,0.23519484996795653,0.14409248679876327,0.5304037094116211,0.7087416052818298,0.4167937308549881,0.01808130950666964,0.6902027308940888,0.9999956130981446,0.035804130043834446,0.08800975531339646,0.45330969989299774,0.24350123405456542,0.06872206553816795,0.4183619797229767,0.02084114197641611,0.9687739729881286,0.4006242096424103,0.26413358747959137,0.08584102094173432,0.02945132926106453,0.5865652680397033,0.08719610720872879,0.32749639451503754,0.43085291385650637,-4.565851991067118,50.417040636987416,36.3024868208528,30.612569176497693,-7.291085494890419,2.6780295816666957,3.4153188141642956,99.08761918583117,-4.6740570491723075,2.317828650101807
a39f2ad90e82f71165033a526c0ef2d5,Cc1ncc(CO)c(CN)c1O,168.19599999999997,0.046620000000000106,4.0,3.0,4.0,0.582471311066583,0.0,79.37,0.12315918058156967,0.3504133552312851,0.9003573536872864,0.03756790710613132,0.005197155325731728,0.08063238114118576,0.0020488581460085696,0.22494249641895295,0.017385512113105506,0.2071599006652832,0.018341666925698517,0.08262589909136295,0.01650751577690244,0.03444620650261641,0.99981689453125,0.003572271321900189,0.01627186294645071,0.06297630863264203,0.0027273102197796105,0.0032270190247800203,0.008587257261388004,0.0002854650192603003,0.3902467280626297,0.007721971441060305,0.005033176927827299,0.0003267274043537327,0.0038238863344304264,0.0005361595896829386,0.0008929998773965053,0.430115270614624,0.02024696283042431,-4.996592031261274,-1.7951217149373648,-42.85795883259874,12.617156770752521,-13.151195191623177,1.950617534756292,-1.3689696442344015,15.591618590382563,-0.009181342154470862,-2.101003466263704
7142113805b450abdcea19fa16ff49ca,CCCCCCCC(=O)c1ccc(O)c(c1)C(O)=O,264.321,3.633600000000002,3.0,2.0,4.0,0.555028920327443,0.0,74.6,0.05686703659594059,0.1962506279349327,0.735125470161438,0.32391904294490814,0.17357933819293975,0.39889279305934905,0.5337621331214905,0.08105951808393001,0.10658223330974578,0.22390075474977494,0.02685571424663067,0.36197905242443085,0.04055382646620274,0.7955242395401001,0.997082245349884,0.00637220807839185,0.030326361767947674,0.08237244859337807,0.04760998822748661,0.18036554381251335,0.42336814999580386,0.3143765479326248,0.46363396346569063,0.17002639696002006,0.32184281945228577,0.0723625086247921,0.07179840132594109,0.5493683516979218,0.09868033975362778,0.46502352356910703,0.05322533845901489,-4.910785120001004,109.09231730090951,41.282860405126804,-0.8855657769983288,-9.049640276697374,2.2666788524073427,1.6641957239696992,103.37846059188455,-3.863638943168932,8.66911415565163
563219d89c214643294249831baeee8d,C\C=C\C\C=C\CCC(=O)[C@H]1O[C@H]1C(N)=O,223.272,1.1107999999999998,3.0,1.0,4.0,0.5187614861839716,2.0,72.69,0.8018765449523926,0.9777713179588318,0.8748183965682983,0.013881986495107412,0.03174226991832256,0.03164832163602114,0.002094614750239998,0.04610443077981472,0.001926924439612776,0.22290998697280884,0.0015045066946186125,0.24270252883434296,0.11793088093400002,0.29407008066773416,0.9937875032424927,0.03297045361250639,0.018790640542283653,0.0015429293620400132,0.003832819883245975,0.01030324436724186,0.11208554655313492,0.016501562017947436,0.7111224085092545,0.013070763077121229,0.32777766287326815,0.005881193705135956,0.02150592040270567,0.0008042402361752466,0.036012041568756106,0.8267756819725036,0.012600602480233647,-5.112868066619314,42.00304559464197,-2.8493044229065454,-8.929896954325072,-12.215437171845165,2.0740873972139795,0.8637949606663519,49.06852999885758,-1.361426860503877,-1.013389935599887
2c6bfe9e1f70d2f1c911c6d43bdfe0a2,CCNCCc1ccc(CN(CC)c2cc(OC)ccc2[C@@H]2CCc3cc(O)ccc3C2)cc1,458.6460000000002,5.851800000000007,4.0,2.0,3.0,0.37408197818178285,1.0,44.730000000000004,0.44502021074295045,0.7614428639411926,0.6546808838844299,0.28046182096004485,0.5100037097930908,0.33098203837871554,0.12576788626611232,0.7580572009086609,0.8952676057815552,0.8945158243179321,0.4441365361213684,0.2075017996132374,0.18445478081703187,0.13276084512472153,0.9978834986686707,0.002872562943957746,0.004701265157200396,0.1826454445719719,0.10157731771469117,0.044461631774902345,0.08059622421860695,0.012298449873924255,0.8010768532752991,0.9417060256004334,0.15914999842643737,0.008560559526085854,0.20507099330425263,0.49703715443611146,0.09316216111183166,0.6033582210540771,0.9800082087516785,-5.386868847790647,76.21623308036598,78.63330594175818,22.64962355787199,-7.321481776102988,2.534879696668773,2.7985150590010486,89.09941047578444,-4.744470793657706,12.283946784319806
69638d3766867740c51210093cfcc643,CC(C)=CCC\C(C)=C\C=C\C(\C)=C\C=C\C(\C)=C\C=C\C=C(/C)\C=C\C=C(/C)\C=C\C=C(/C)CCC=C(C)C,536.8880000000003,12.937999999999976,0.0,0.0,2.0,0.13585128434066465,0.0,0.0,0.2803504794836044,0.5072537899017334,0.3401380032300949,0.004770296669448726,0.14235742939636112,0.027180378697812556,0.038615673617459836,0.020973612368106843,0.016784610669128598,0.7166077375411988,0.11534945638850332,0.41601676642894747,0.02746501425281167,0.3785481318831444,0.7003488928079605,0.30156000405550004,0.023954061977565288,0.0028087625629268586,0.0966973640024662,0.6220202386379242,0.27936490774154665,0.07950559146702289,0.8837372303009033,0.9075490951538085,0.9857910752296448,0.15304214619100093,0.7202461719512939,0.14274972975254058,0.1433170609176159,0.935538363456726,0.44405974745750426,-5.10063862139045,56.450449685603814,62.55870096168867,31.52032659144938,-0.7721756084689128,2.3402676896032246,4.438009992005198,109.3974296115681,-7.695238096251776,16.669991119247605
ba8b7d8ddabde7ea256fc626db5b10eb,F[C@@H]1CCN(C1)S(=O)(=O)Nc1ccc(F)c(C(=O)c2c[nH]c3ncc(cc23)-c2cnc(nc2)C2CC2)c1F,542.5430000000003,4.107000000000003,6.0,2.0,3.0,0.3393318588756735,1.0,120.94000000000001,0.540703171491623,0.768164086341858,0.9032635688781738,0.39233619570732114,0.13217894919216633,0.07135608792304993,0.1734967015683651,0.14487547278404236,0.13925731927156448,0.48207919001579286,0.8984912514686585,0.21155224591493607,0.575951087474823,0.9527866125106812,0.9996511697769165,0.11538050323724747,0.16348489075899125,0.321371790766716,0.5527781546115875,0.044200649857521056,0.15171608030796052,0.03088806327432394,0.897050929069519,0.1864919312298298,0.6122887194156647,0.2768158972263336,0.030620161211118102,0.7571483254432678,0.37695854902267456,0.16083415523171424,0.8670420050621033,-5.209221493724835,43.182210272811375,32.35258042447285,52.77763449386244,-11.732029724589903,3.1154565528760627,3.2604350835522644,92.70540854678589,-5.751354319550745,-0.40353517872069167
411168503ae0c85e81d07c4449e7b22e,CCCCCC(O)CCCC(O)=O,188.26699999999997,2.1825,2.0,2.0,4.0,0.5738976818127676,1.0,57.53,0.0032458687433972954,0.6695777952671051,0.684477812051773,0.038285067584365604,0.013613016973249615,0.4004389524459839,0.0394689635373652,0.12656108289957047,0.01044529564678669,0.13580807745456697,0.00014878980437060818,0.25013491213321687,0.01788888811133802,0.20856905579566956,0.9821067810058594,0.0011908132873941213,0.015688349772244693,0.0012739558558678254,0.0005684426461812109,0.003995268931612372,0.09089638069272041,0.041729279607534406,0.3118520133197308,0.0446499552577734,0.011648210510611535,0.0003397038555704057,0.008338014222681522,0.005103423120453953,0.002074011182412505,0.3014370262622833,0.043378150556236506,-4.734200116769371,47.6066848047917,-12.848330200415273,9.029300136933667,-9.412776368256488,1.3793297414796386,-0.17619519551774543,64.41616716809781,-1.534786309823779,6.924675908671064
f7c897aab735627617eafd9c76c8deaa,CN[C@@H](C)C(=O)N[C@@H](C1CCCCC1)C(=O)N1CCC[C@H]1C(=O)Nc1snnc1-c1ccccc1,498.65300000000013,2.8076,7.0,3.0,4.0,0.5154303025279506,3.0,116.32000000000001,0.18632660061120987,0.5074308216571808,0.8071133971214295,0.01050953685771674,0.1859449565410614,0.31511768102645876,0.07078518830239773,0.18415468484163283,0.029184879269450903,0.8091514945030213,0.903825044631958,0.22198439687490462,0.3966034173965454,0.8044700980186462,0.9857386946678162,0.010404819156974554,0.020712942630052567,0.03176253829151392,0.015267505124211312,0.019816542603075506,0.08195289224386215,0.032403061352670195,0.7838958740234375,0.5067132174968719,0.4387654304504395,0.06841032803058625,0.05935547985136509,0.06598205789923668,0.07627169862389564,0.1490488313138485,0.28394244611263275,-5.3271541048865005,33.54315220085625,34.86884947951185,65.4249425883738,-10.204687540092015,3.334175953533564,2.454962378017062,81.30350708780728,-3.8159069845630276,6.9783249891328865
c31a3a8fbea224c512e3025e7a5c0ca0,CSc1ccc(OCc2ncc(n2C)[N+]([O-])=O)cc1,279.32099999999997,2.629200000000001,6.0,0.0,4.0,0.4777865565414021,0.0,70.19,0.8822738885879516,0.9397797584533691,0.9402078151702881,0.8666579365730286,0.8395072221755981,0.32310289442539214,0.23935840278863907,0.15514491498470306,0.11211732402443886,0.7262767195701599,0.14547659903764726,0.18228410854935645,0.026467154268175364,0.8473363637924194,0.9999645471572876,0.010183327761478723,0.007807940104976296,0.3486628860235214,0.19955255091190338,0.08515997156500817,0.31091795265674593,0.04348696693778038,0.9836401581764221,0.09780185334384442,0.3027146369218826,0.15785062313079834,0.11152179837226868,0.07389323636889458,0.04751341976225376,0.7385199904441834,0.0947803221642971,-4.5358926057227755,63.72274327967439,37.95249429026074,-29.121715546239283,-8.550939040890066,1.890341841653664,1.5920298943820936,80.97337596373032,-3.759877349836126,-4.554809058598904
9b7ba51a7cad44e255868a7a90f0699d,Nc1nc(=O)c2sc(=O)n([C@@H]3O[C@H](CO)[C@@H](O)[C@H]3O)c2[nH]1,316.295,-2.6599999999999997,10.0,5.0,4.0,0.4004385289094638,4.0,163.69,0.4384814858436584,0.41433733999729155,0.6192866384983062,0.005171679344493895,0.010980942752212286,0.10492456872016191,0.008259803522378206,0.019604669557884334,0.0012018733454169706,0.0569616012275219,0.0008891540637705475,0.09835275765508414,0.4603858947753906,0.9766758441925049,0.6769940853118896,0.028293544240295888,0.040181421861052516,0.05878489837050438,0.047172953747212885,0.026910290867090226,0.1743404120206833,0.00720186842372641,0.027787931635975836,0.004521778412163257,0.2658685572445393,0.03674161732196808,0.009941695141606033,0.1523359280079603,0.5885140120983123,0.4953369975090027,0.21952743232250213,-6.084872693106385,30.959972349679155,-33.10242757032558,19.995429192292352,-23.34687227033165,2.4044611663275255,-1.2702215154180816,41.849719170202505,-2.822611954369613,-2.6592800511116343
fd05b3560a2ef3a8dc4b9a4ab1bb1d58,O[C@H]1CCN2C[C@H](O)[C@@H](O)[C@H](O)[C@@H]12,189.211,-2.482099999999999,5.0,4.0,4.0,0.33891445297146083,5.0,84.16000000000001,0.008783123269677163,0.3778321623802185,0.4960842490196228,5.302477229633951e-05,0.004449656448559836,0.02703889679396525,0.0004322657108787098,0.059775331430137156,0.00037032279797131193,0.09754643957130611,8.02724821014067e-07,0.0008456254734483081,0.013506462518125772,0.015166382631286978,0.1309305068105459,0.009899624669924379,0.0846283633261919,0.0007542441540863365,0.00027762294757849304,0.002938269730657339,0.0879354178905487,1.21376570248799e-05,0.10751602528616785,0.0002595952813862823,0.006596609385451302,4.128001742174092e-05,3.0082154444244226e-05,9.932584216585383e-05,0.0019910227711079642,0.3189603954553604,0.07896354254335165,-5.39171478687256,51.32673016522151,-2.526884599905853,-11.30040800326629,-20.451106443241066,1.3874993852430164,-1.2410426102523968,5.8653809160384185,-0.02655168197986093,-15.802162824722847
210c1bdc3c2a65dd2f671a2743864dfc,CC(C)NC(=O)COc1cccc(c1)-c1nc(Nc2ccc3n[nH]cc3c2)c2ccccc2n1,452.51800000000014,4.820100000000003,6.0,3.0,4.0,0.32700640037012135,0.0,104.82000000000001,0.31468747556209564,0.5611445546150208,0.8317973852157593,0.8261035799980163,0.7765348553657532,0.4507040739059448,0.7303492307662964,0.39558966755867003,0.25189185217022897,0.662215280532837,0.8186786055564881,0.32134978771209716,0.30651082694530485,0.9645318269729615,0.9990989089012146,0.021899933461099863,0.025157037377357482,0.7976380228996277,0.33596283197402954,0.037433556839823724,0.1336440324783325,0.08414019420742988,0.8758967518806458,0.9273591279983521,0.7374625325202941,0.18747539967298507,0.15831504315137862,0.7835462689399719,0.4569358050823212,0.22708533704280853,0.9574860811233521,-5.598027295742991,41.986020388303935,49.20978842844748,107.87970323571524,-12.242967580234033,2.4239625246111616,3.6740556568292533,100.86614380587328,-5.528628167867333,2.386383106166367
56e7b125187b5c428b2b33c2372c1425,OC(=O)P(O)(O)=O,126.00399999999998,-0.1579000000000001,2.0,3.0,4.0,0.42409517227108345,0.0,94.83000000000001,0.04932382759288885,0.9029229283332825,0.1529980406165123,0.25777030140161517,0.15155160520225763,0.2413380636833608,0.015363645844627172,0.045858531244448386,0.3644486412405968,0.07867322582751513,0.010681822353217286,0.08357818499207496,0.1367649119347334,0.6377207338809967,0.2536249436438084,0.0009728945115057286,0.007212508656084538,0.018811434303643182,0.0003545640233824088,0.019764202611986546,0.0546964761801064,0.00020635170387475199,0.07392190111568198,0.01596467224881053,0.12486548982560634,0.0007265380406522581,0.000443267001901404,0.03833355654496699,0.02581247391353827,0.32289826273918154,0.03913771284278482,-5.223074505418396,-34.50518060448873,28.284590670742915,55.58784177286468,-10.938747876608048,1.8820350018160057,0.8917503200667177,53.95598553563358,-0.48436548885315,-0.41496212281468275
05918d85d0e86fb94490b0bb981f44b9,N[C@@H](Cn1oc(=O)[nH]c1=O)C(O)=O,189.12699999999998,-2.4585,6.0,3.0,4.0,0.4828511562061341,1.0,131.32000000000002,0.3540355756878853,0.5940789103507995,0.8478149056434632,0.0008414349053055048,0.008769431919790804,0.18209371715784073,0.0035460785031318663,0.026721032895147802,0.008413239405490458,0.03652863372117281,0.0004978335695341229,0.16250942051410674,0.24918364435434343,0.6000866413116455,0.8814019918441772,0.002281379888881929,0.01111978068947792,0.017924143373966216,0.00014217642274161335,0.002282652951544151,0.028086690232157707,0.0006151670146209654,0.0031723728563520124,0.0023424025566782802,0.007947321608662605,0.0007972764069563709,0.0036926249507814647,0.0004428807820659131,0.009841843834146857,0.4706481873989105,0.002920099743641913,-5.851063922834942,-41.27038185082591,-44.59988400421001,-18.07606163085615,-18.028439667493508,1.9358852264007098,-3.0418547331010872,51.23916925697394,-1.1682013908912379,0.9840659931044836
da52c1fcc77a2479dd88c634bd8e4162,O=C(NCc1ccccn1)Nc1nnc(o1)-c1ccco1,285.263,2.0462999999999996,6.0,2.0,4.0,0.7594246122620419,0.0,106.08,0.5729668259620666,0.8564820408821106,0.9657501935958862,0.3356197327375412,0.16880289614200591,0.41739463806152344,0.03755040839314461,0.050154386460781096,0.0071491160662844775,0.17937325537204743,0.02233042474836111,0.20032312572002411,0.10976870208978654,0.9528626561164856,0.9997005820274353,0.0035552252782508733,0.02081100521609187,0.2062482826411724,0.004814577987417579,0.004818790266290307,0.3079277515411377,0.004944402142427862,0.7387582182884216,0.009942959994077682,0.15800934731960298,0.04398279041051865,0.015041506383568048,0.029026786796748638,0.008738475758582354,0.549959659576416,0.027887830510735512,-4.836454473476417,67.85452368095746,22.764119292670166,4.186780426272192,-13.804020288013424,2.4259775248870383,1.6704837559497179,85.24785904686904,-3.4267785990104955,-9.382197143999415
e44a153700c4f4433b8766de4f186dd5,NS(=O)(=O)c1ccc(cc1)-n1nc(cc1-c1ccc(Cl)cc1)C(F)(F)F,401.797,3.858900000000002,4.0,1.0,4.0,0.723474560379142,0.0,77.98,0.035143290646374226,0.722616171836853,0.9049043655395508,0.8029253721237183,0.5034109890460968,0.5784594476222992,0.39942659735679625,0.17375819198787212,0.10412599295377731,0.5441125303506851,0.4569202721118927,0.7985859155654907,0.20901812314987184,0.9788048028945923,0.9992043018341065,0.08365626409649848,0.05658223330974579,0.07330265082418919,0.17962425500154494,0.044601952843368056,0.09460192322731018,0.09487409479916095,0.8623860359191895,0.528118908405304,0.386884868144989,0.027229765616357326,0.02227741861715913,0.44509750604629517,0.0933783520013094,0.07534851804375649,0.46780659556388854,-4.788918754826868,12.082840562797633,13.791209736430414,-18.099083555578247,-6.914863287166438,2.53148739884461,2.922958065976341,96.00252821246048,-4.615482533390324,-1.1256482475240162
06bb09d6d6aba74757cc0e9702bc02be,O[C@@H](CNCCOc1ccc(OCC(O)=O)cc1)COc1ccccc1,361.39400000000006,1.558299999999999,6.0,3.0,4.0,0.49366278923367723,1.0,97.25000000000001,0.018186507746577263,0.2980799347162247,0.8143115758895874,0.1420365609228611,0.11473096087574959,0.2857486724853516,0.05144909732043743,0.1787797912955284,0.3120076984167099,0.23796411454677582,0.025926060043275356,0.13860745206475258,0.3201528560370207,0.30655701756477355,0.8378614068031311,0.012021429766900838,0.07401160560548306,0.01596327582374215,0.009958489658311009,0.007700714422389865,0.08271474391222,0.07272533886134624,0.24983545541763305,0.08097421936690807,0.06766762100160122,0.0036921212333254514,0.01756283505819738,0.004423572774976492,0.0032841891632415356,0.16695495694875717,0.4449640452861786,-5.715277428265229,14.716735139609034,-13.50400118769961,-14.034333156647946,-13.061284632638557,1.8076977638149678,-0.9895917922352849,73.92660790044225,-1.2278526634751707,-3.619412215003463
40a811a36ebaace08fb8382e2c191aff,O=c1n2CCc3c([nH]c4ccccc34)-c2nc2ccccc12,287.32200000000006,3.100900000000001,3.0,1.0,4.0,0.5400571681918563,0.0,50.68,0.7343153476715087,0.9498547434806823,0.84003164768219,0.9963229656219482,0.6928173899650574,0.5142231941223144,0.4233857810497284,0.4747482419013977,0.13278996124863623,0.654718542098999,0.7471706390380859,0.07219283431768417,0.11337980180978775,0.9623816728591919,0.9999815464019776,0.1335366614162922,0.05999921262264252,0.8679851531982422,0.22895076870918274,0.22298700511455535,0.4500552177429199,0.16286800652742386,0.9674825429916382,0.8097317337989807,0.6000506997108459,0.5009475290775299,0.2894713968038559,0.6396554231643676,0.48381860852241515,0.7240363836288453,0.7621248841285706,-4.857448872462806,40.7266763223712,34.6078275881904,-25.50866144623472,-10.231200572802575,2.6053711942275974,3.5617846074422985,95.69638915962247,-5.457577747345068,-8.30864327353415
8f63b22a0bd22f7e78d914b92c83420e,COc1ccc2nc3cc(Cl)ccc3c(Nc3cc(CN4CCCC4)c(O)c(CN4CCCC4)c3)c2n1,518.0610000000005,6.085800000000006,7.0,2.0,2.0,0.22694322479821857,0.0,73.75,0.5608771622180939,0.7044335007667542,0.6839001178741455,0.49218654036521914,0.10267797708511353,0.09634147137403488,0.09318782892078162,0.42649549841880796,0.3984009429812431,0.7635003566741944,0.04409686969593167,0.2571501784026623,0.5975655376911163,0.7642565131187439,0.9608553528785706,0.03332688324153423,0.012217471189796925,0.5342382729053498,0.16324772089719772,0.08306963816285133,0.13112917989492417,0.02143092146143317,0.7312808156013488,0.7623721122741699,0.35938472151756284,0.08025472611188889,0.23396965861320496,0.3146823778748512,0.6324844717979431,0.5106554150581359,0.9331525206565857,-5.4255880956181315,5.240786616021271,49.31933737437272,20.229026948930013,-10.707754903137452,3.1277641589810967,2.8404007257196686,96.67567293380611,-4.779402093805309,14.167746061183346
6f77c907f2f8f5335c32322c7402e189,[H][C@]12[C@H](C)O[C@H](C)CN1c1c(CC22C(=O)NC(=O)NC2=O)cc2c(noc2c1F)N1[C@@H](C)COC1=O,487.4440000000003,1.2026999999999994,9.0,2.0,4.0,0.5673001242701506,4.0,143.31,0.33224089443683624,0.5507082939147949,0.8869245052337646,0.002848911006003618,0.002618308592354879,0.034909193962812425,0.004226244240999222,0.004602299514226615,0.0016920696012675761,0.21234299540519713,0.1503988903015852,0.08610100746154785,0.4888592004776001,0.9870341300964356,0.9090469241142273,0.10423312038183212,0.35344019532203674,0.01547099081799388,0.16519853919744493,0.035609351098537446,0.12397758364677429,0.14977894462645053,0.48999337255954745,0.03913906700909138,0.3696922540664673,0.11773139536380768,0.027747108787298202,0.20220492780208588,0.5372111976146698,0.17205910980701447,0.12413288205862046,-4.547845547674568,25.981326343411148,21.893283408997316,53.25734142532258,-10.569918761065534,3.451728936414728,1.6385645379429903,81.15312169742205,-5.353575018786623,-1.1602544590395831
e7182cfaaaca87e3d0b69b0e20680447,Brc1cccc(NC(=O)c2cccc(c2)S(=O)(=O)N2CCCCCC2)c1,437.3590000000003,4.266100000000003,3.0,1.0,4.0,0.7773192265348392,0.0,66.48,0.13510027416050435,0.9015143513679504,0.8034873366355896,0.6723753571510315,0.9670222520828247,0.6122847676277161,0.9432449221611023,0.13319967240095137,0.2921281814575195,0.5816611349582672,0.814028549194336,0.6103294909000396,0.1380963072180748,0.9558718085289002,0.9999091148376464,0.007616394222714007,0.029390699788928033,0.1845192164182663,0.20766439586877822,0.011577083449810743,0.14374938905239104,0.08334684371948242,0.948412013053894,0.48921404480934144,0.6740074992179871,0.01891494868323207,0.08289714977145195,0.9166380643844605,0.18865928202867507,0.4740858614444733,0.820146381855011,-4.911878753725515,68.80719803901891,55.66394931261016,21.62405238889112,-7.682376708390649,2.455654995592733,3.5271401971059753,105.75396856525867,-6.15857451817618,-5.1162285256621844
0c9e965230a35b609351d4187ce5f705,CC(=O)N(O)C\C=C\c1cccc(Oc2ccccc2)c1,283.327,3.7298000000000027,3.0,1.0,4.0,0.6716169841375241,0.0,49.77000000000001,0.9060442328453064,0.9578101992607116,0.9160570859909057,0.9322320699691773,0.8929487347602845,0.47438607811927797,0.506478351354599,0.23218433558940887,0.14395368471741676,0.8192860841751098,0.2664752036333084,0.3957270711660385,0.25571530163288114,0.7587460875511169,0.9999055504798889,0.007243536214809864,0.026072195358574392,0.44605448842048645,0.17998310327529907,0.04635993912816048,0.39912680387496946,0.040781167708337306,0.9860327482223511,0.12862696330994366,0.6181367456912994,0.1643977791070938,0.07602395080029964,0.14677131026983262,0.12647650614380837,0.688579648733139,0.6339827895164489,-4.614855271777334,56.03346489211167,54.60282728068248,-15.11922085443049,-8.789401447513209,1.7913034063861886,2.649688151929066,99.72709613815738,-3.737119720285692,-2.8067917708896903
c2b51d6cd8f2650ca42d6194f359604f,Fc1ccc(cc1)-c1cncc(CN2CCN(CC2)c2cccc3OCCOc23)c1,405.4730000000002,3.9811000000000023,5.0,0.0,4.0,0.6564682651141454,0.0,37.830000000000005,0.2150818407535553,0.9812408924102783,0.8608001112937927,0.8060625195503235,0.9181380033493042,0.5568158209323884,0.7117883563041687,0.6871652603149414,0.7358694911003113,0.7850594043731689,0.9470449924468994,0.1696299985051155,0.598437237739563,0.8400875449180603,0.9999162197113037,0.011351760430261492,0.030742590688169,0.4273106873035431,0.18528106808662415,0.008934178296476603,0.05126938670873642,0.024766163993626834,0.9729062557220459,0.9740070223808288,0.5352464735507965,0.0081615028437227,0.055906232073903085,0.14006285667419432,0.034614205919206144,0.32578369230031967,0.987991738319397,-4.822507626017486,78.40476173953371,57.28279089018427,-24.350718316757913,-8.426425909929776,3.0432354348662414,3.5837599687535793,99.27544384760103,-4.33686242280242,1.7988495976783891
f6a002d230bb714786662a52f1ff78dc,CC(C)COc1ccc(cc1C#N)-c1nc(C)c(s1)C(O)=O,316.382,3.723200000000002,5.0,1.0,4.0,0.9084929504991409,0.0,83.21000000000001,0.3352900564670563,0.18894436508417128,0.9754687309265136,0.5995876550674438,0.27811519503593446,0.3707117229700089,0.7008931875228882,0.03990997150540352,0.004507560608908534,0.3212011456489563,0.06006223484873772,0.439310348033905,0.024429432302713393,0.9770540714263916,0.9994226694107056,0.0070509042125195265,0.14920340329408646,0.7995020389556885,0.17399078607559204,0.08240189328789711,0.26242820620536805,0.30420847833156583,0.8110060572624207,0.04624471217393875,0.4596985220909119,0.5208894848823548,0.0828545019030571,0.6616905689239502,0.19383394718170166,0.25975813567638395,0.07249773405492306,-4.505274497843955,18.767416957843004,3.6980422865666163,-1.1275896950580375,-8.833388123403596,2.5875993500533463,0.7713582824085826,100.80141502241868,-4.381274370052013,3.118244790585771
74d1754b2232805c86f1710d359cb188,Cc1nc2ccc(NC(=O)Nc3ccnc4cccnc34)cc2o1,319.32400000000007,3.7234200000000017,5.0,2.0,4.0,0.5870866381499376,0.0,92.94,0.7099368214607239,0.8214334845542908,0.9681303262710571,0.9206743359565734,0.43968464732170104,0.42152672410011294,0.24002162516117095,0.1963876187801361,0.12751262336969377,0.5214702367782593,0.7620404362678528,0.12197115570306778,0.2867534101009369,0.9845020771026611,0.9999033093452454,0.040247812122106555,0.09759921431541443,0.9555567026138305,0.14072756171226503,0.027683298476040362,0.3817730963230133,0.0836433820426464,0.9266168713569641,0.19020052254199982,0.8125287532806397,0.6018377721309662,0.10604529939591885,0.8170535922050476,0.6564490079879761,0.3753263384103775,0.59589404463768,-5.176593010741918,35.11544222838744,52.68789334688061,68.33802724715565,-12.514349521052962,2.410629158801494,2.9948902921380283,86.70885753515778,-4.519734537281622,0.29560629570391583
b1c6b1792c11338e92c6c0f127c3f280,C(COCc1ccccc1)Cc1cnc[nH]1,216.284,2.559100000000001,2.0,1.0,4.0,0.7534686920259646,0.0,37.91,0.2653012931346893,0.9301279187202454,0.801084303855896,0.907066035270691,0.9293025493621826,0.023490231856703757,0.614447957277298,0.04805117379873991,0.8176151514053345,0.15388418063521386,0.6727941989898681,0.013856644881889224,0.019477312825620173,0.1329026237130165,0.999998664855957,0.0003956243766879197,0.0013137674191966652,0.2291422441601753,0.3366459995508194,0.005979428580030799,0.05772599652409553,0.0005733878177125006,0.8998893618583679,0.05384941138327122,0.05025688856840134,0.00235048868926242,0.1884014666080475,0.05261405371129513,0.0018608785117976367,0.8641534328460694,0.563256812095642,-4.780789520081656,99.90790864971405,22.132382437051273,-22.88833091813064,-9.102213358528767,2.118787092001846,1.622817638054773,63.862443179666116,-2.343980052808612,-3.1035254457886388
61c8afd1002ae890bbba3d64e1a2f39c,CC(C)NC(=N)N=C(N)Nc1ccc(Cl)cc1,253.73700000000002,1.9993699999999996,1.0,4.0,4.0,0.4803323644987331,0.0,86.29,0.077928526699543,0.7350528299808502,0.9581878066062928,0.7853486061096191,0.2371024489402771,0.07687025181949139,0.032289176946505904,0.40448006987571716,0.8043942809104919,0.513630348443985,0.09115024940110743,0.17511265873908996,0.053513713926076886,0.32420713305473325,0.9992056846618652,0.003600014164112508,0.022085308842360974,0.27962582409381864,0.009299707040190697,0.020043058786541224,0.07116317078471183,0.0010502848424948751,0.7866367518901825,0.010528427315875888,0.07003716006875038,0.00735990721732378,0.01438736510463059,0.07037127912044525,0.01742570400238037,0.5048158228397369,0.22821305990219115,-5.130910132735796,21.54133886381341,7.216533070203397,16.779297066988303,-9.997759945728713,2.8350907172367825,0.47103678185093506,50.82429105572616,-2.5631254939038635,10.267325644179017
1d23d1118ae3fd161363a0e8f1e203d1,CC(C)c1cc(C(C)C)c(-c2csc(n2)N(CCN(C)C)Cc2cccnc2)c(c1)C(C)C,464.72300000000024,7.143500000000008,5.0,0.0,3.0,0.3189794496528615,0.0,32.260000000000005,0.13754231929779054,0.8951921701431275,0.7656769990921021,0.3519777864217758,0.42772476077079774,0.314246466755867,0.1540089651942253,0.34456629157066343,0.7019177675247192,0.834726893901825,0.9163803339004517,0.36994666159152984,0.3792936444282532,0.4152435690164566,0.9982470750808716,0.007132461946457625,0.005690160626545549,0.14211759865283966,0.44707377851009367,0.020442751236259937,0.02669733576476574,0.006872225226834417,0.9796847224235534,0.9571078658103943,0.4518596827983856,0.003583677997812629,0.22428710758686066,0.34291301369667054,0.021180297061800957,0.5928931117057801,0.9542984247207642,-4.7212032956608265,47.05879224201386,68.1910281377382,80.11582061742709,-6.10589370695379,2.0441208270978306,3.990073306310446,100.86430574686267,-5.340262255604718,24.739081109125163
982cd69eaaecbd50cc119c2b50ea5788,CC[C@]1(CC[C@@H](O1)[C@]1(C)CC[C@]2(C[C@H](O)[C@@H](C)[C@H](O2)[C@@H](C)[C@@H](OC)[C@H](C)C(O)=O)O1)[C@@H]1O[C@H](C[C@@H]1C)[C@H]1O[C@@](O)(CO)[C@H](C)C[C@@H]1C,670.8810000000002,4.272900000000003,10.0,4.0,3.0,0.26360699198358767,17.0,153.37,0.15543694347143172,0.15929783284664153,0.6021571338176728,0.0021360692731832386,0.011430254287552089,0.014507453003898264,0.015343486657366156,0.015206415764987468,0.009626961487811059,0.7040883302688599,0.139894562959671,0.00837984774261713,0.11703436523675918,0.39539349675178526,0.7831781387329102,0.0171117905061692,0.08613820374011993,0.022896847780793907,0.15597701966762542,0.045121331512928006,0.14061176180839538,0.20560201592743396,0.3716497778892517,0.6009965717792511,0.2943919748067856,0.03000168688595295,0.09904232248663902,0.18236860558390616,0.26220441460609434,0.32677517719566823,0.32028554379940033,-6.06039082271424,4.576784297162968,26.718583021320086,19.965296616613735,-9.222748677153913,3.54764947573054,0.9530098373736908,85.65922988466863,-4.8793310300912935,-2.1911611718542923
1aad04ec20f5a3e19cc496c8c5daad58,COc1cc(cc(OC)c1OC)C(=O)NCCCCCC(O)=O,325.36100000000005,2.0871999999999997,5.0,2.0,4.0,0.6397601439877718,0.0,94.09,0.08858747035264969,0.8258435487747192,0.9301141381263733,0.04938474744558334,0.049794651195406915,0.30815812647342683,0.07530479952692985,0.11212310343980789,0.008744572312571109,0.34249583780765536,0.01861273841932416,0.11105037555098533,0.1066951148211956,0.7062639474868775,0.9120427012443543,0.00321566506754607,0.028755515813827515,0.032198571413755414,0.00417918935418129,0.008304675901308655,0.07212442755699158,0.008026933204382658,0.4175154596567154,0.025751158595085144,0.0439820121973753,0.008118378277868033,0.005418635625392199,0.0020911662140861154,0.010687760263681411,0.256025829911232,0.07970436252653598,-5.070685453459339,48.761899100568414,10.822670349440974,-33.71001461887512,-11.605486650811354,2.01238797902779,-1.0726675436785307,71.24206258577985,-1.8165791458005913,-1.0540757884872352
4f2134c17bed9532ecd709dd58ef9adb,CC[C@H]1OC(=O)[C@H](C)[C@@H](O[C@H]2C[C@@](C)(OC)[C@@H](O)[C@H](C)O2)[C@H](C)[C@@H](O[C@@H]2O[C@H](C)C[C@@H]([C@H]2O)N(C)C)[C@](C)(O)C[C@@H](C)CN(C)[C@H](C)[C@@H](O)[C@]1(C)O,748.996,1.9007000000000054,14.0,5.0,2.0,0.23847544119122638,18.0,180.08,0.18998135775327682,0.02604279089719057,0.786309540271759,7.497900393218515e-05,0.0012822268297895789,0.004714982397854328,0.0007110962782462593,0.011418085545301437,0.002952816979814088,0.5438919246196747,0.18398732915520669,0.010906733013689518,0.20760994851589204,0.17508060485124588,0.6087531954050064,0.012830420956015587,0.04069891646504402,0.001977529309806414,0.028686782345175743,0.02040072102099657,0.11042255386710167,0.0013939300930360331,0.6008740663528442,0.6230017066001892,0.03312193513847887,0.005768290848936886,0.004866168333683163,0.04703285824507475,0.03591493666172028,0.40174795798957347,0.47116745114326475,-5.898918883235315,55.738804822571396,24.770921431251544,37.912543841691225,-11.900267093605349,2.308085497901984,0.28787927098758853,44.03277299305084,-2.1428638174492147,-0.4417174656784903
4bab65a0adb62ab9aece42f2d5f6ae89,C[C@@H]1CN(CC(=O)N2CC(C)(C)c3nc(CO)c(Cc4ccc(F)cc4)cc23)[C@@H](CN2CCOC[C@H]2C)CN1,539.6960000000003,2.3110000000000004,7.0,2.0,3.0,0.5590877177969701,3.0,81.17,0.24195268452167512,0.6107939541339874,0.4068875670433044,0.0020930145925376563,0.15132016092538833,0.05434457175433636,0.08652172461152077,0.11730142831802368,0.453572952747345,0.7872846126556396,0.8911157369613647,0.13382466435432433,0.7174362242221832,0.19381891191005707,0.9940883398056031,0.014601948205381632,0.03481732085347176,0.04784858077764511,0.022504274174571036,0.015033495193347336,0.0375026497989893,0.0010534167115110904,0.8255765199661255,0.4041345536708832,0.1343935325741768,0.0030748884193599222,0.006212045205757022,0.028112057968974112,0.03020881786942482,0.1968396171927452,0.9517700552940369,-5.026375403820764,33.50454008294499,60.74492114996819,42.77904508083176,-11.182942156996841,2.922964240056076,2.1397565267807668,78.3714511190994,-2.265291408578779,18.314305323122404
40c67e4b1e8eabd83c1fd2e9cc55d96d,CONC(=O)Nc1ccc(cc1)-c1sc2n(Cc3c(F)cccc3F)c(=O)n(-c3ccc(OC)nn3)c(=O)c2c1CN(C)C,623.6419999999999,3.7505000000000015,11.0,2.0,2.0,0.2374898570302952,0.0,132.61,0.7102798759937287,0.6535850524902344,0.8831567645072937,0.020799616910517217,0.16657593846321106,0.38071292638778687,0.3043190434575081,0.1039375938475132,0.10952371582388878,0.6480211794376374,0.5113520920276642,0.45144335031509397,0.7402339816093445,0.9750427842140198,0.8962740898132324,0.010075385263189674,0.014274986926466227,0.0692636176943779,0.03396408092230559,0.0052930377423763275,0.03363259043544531,0.013521793019026517,0.6209157466888428,0.8574775695800781,0.36481583714485166,0.0652275800704956,0.011531735770404339,0.2348022609949112,0.258805638551712,0.21044418066740037,0.8382032513618469,-5.04038033400503,18.10719247178954,44.19164439865974,128.36054565807393,-12.144823127556919,3.5360966883912317,2.609357151679099,89.81893027684363,-4.508733057939179,-3.974400061303176
0d678fb5fd1a292552f79b9a3f1b5623,CO[C@@H]1[C@H](O)[C@@H](CO)O[C@H]1n1cnc2c(NC3CCCCC3)ncnc12,363.41800000000023,0.8364999999999991,9.0,3.0,4.0,0.7158079445861,4.0,114.55000000000001,0.7139345526695251,0.8351500868797302,0.8630800485610962,0.006315694737713784,0.03564984071999788,0.09851993657648564,0.0286028984002769,0.03723165467381477,0.008984071970917284,0.38281178176403047,0.03889612294733524,0.029840939212590456,0.36518812775611875,0.9074417591094971,0.9978389978408814,0.0037190818460658194,0.007302683731541038,0.2597940623760223,0.34501323103904724,0.015388717316091061,0.09439574778079987,0.01200366667471826,0.6524669408798218,0.0846665382385254,0.44260401129722593,0.06521173790097237,0.04133145846426487,0.07799780406057835,0.3439705610275269,0.29080801010131835,0.4722944855690002,-5.458336188098971,21.36798446233341,2.719782243907999,31.744983447577226,-15.034291384483577,2.727282001448743,1.417830834882726,66.20042126765682,-2.984036752081176,4.997056665840788
041752520adefe522a99194bf1368313,C[N+]1(C)[C@H]2C[C@@H](C[C@@H]1[C@H]1O[C@@H]21)OC(=O)C(O)(c1cccs1)c1cccs1,392.52200000000005,2.345700000000001,6.0,1.0,4.0,0.4929850253985111,5.0,59.06,0.14085893984884024,0.2283790960907936,0.21658784076571463,0.0013966557395178824,0.019365227222442626,0.03487102696672082,0.002356824705202598,0.07939075399190187,0.05209891134873033,0.526186591386795,0.0069547589402645825,0.013315880810841918,0.014537542127072811,0.15864363200962545,0.0590620162896812,0.04611044563353062,0.11051258146762848,0.01057437197305262,0.023250051215291022,0.04116307571530342,0.2021144524216652,0.00213934635539772,0.6316232800483703,0.06530118137598037,0.02935302071273327,0.006760436156764626,0.0029072974401060494,0.02290399158373475,0.03957195933908224,0.5853832960128784,0.49781299829483033,-5.675746871462566,102.12335441466985,14.326654867972891,4.343405582602463,-11.055631375083122,2.7110859815965993,-0.010642296012134489,44.798543710027836,-1.7927790076596508,6.199734245557826
b1d66d46591f76a1c9473b7f86221206,CN(C)C\C=C\C(=O)N1CCCC[C@H](C1)n1c(NC(=O)c2ccnc(C)c2)nc2cccc(Cl)c12,495.0270000000002,4.3168200000000025,6.0,1.0,4.0,0.515927271936796,1.0,83.36,0.3430312484502792,0.8313793540000916,0.6870863437652588,0.02687687948346138,0.3358819574117661,0.2219493120908737,0.21641295552253723,0.1427110344171524,0.42401347756385804,0.9231940388679505,0.8666401624679565,0.2525341331958771,0.7940681099891662,0.7466777324676513,0.9974515318870545,0.009596349857747554,0.016522822435945272,0.11083601862192154,0.08455465212464333,0.01247014719992876,0.060242582112550735,0.011625644331797958,0.9650545954704285,0.8786064028739929,0.5628450036048889,0.01906946338713169,0.05896689705550671,0.07311168685555458,0.04586407132446766,0.22044577300548554,0.9016990542411805,-5.010962887933812,36.6248747374042,45.9732543928795,74.55070943657047,-11.782845179164456,2.819082316792509,2.4365583973289224,86.79125965234081,-3.533017330928685,6.551305430596355
eca6e597c39416ff605a7f14d43a9945,OC[C@@H](O)[C@H](O)[C@H](O)C(=O)CO,180.15599999999998,-3.3771999999999998,6.0,5.0,4.0,0.3010920615511567,3.0,118.22000000000001,0.28253379054367544,0.39299758076667785,0.5481819212436676,0.0020585281585226768,0.0069297433161409575,0.05351091623306274,0.0013023450828768546,0.02865863745100796,0.0006989215889461776,0.06921529341489077,3.08703043245373e-05,0.0630073107779026,0.019710980798117818,0.049290094152092935,0.4329613596200943,0.048282882943749425,0.018930960819125174,0.0033580385148525237,0.000953275608480908,0.014932853495702147,0.07247723191976548,0.0007700992154241248,0.13280071476474403,0.0031900085450615734,0.04761250037699938,0.0006570610319613479,0.0007073958986438811,0.0053444071345438715,0.009995423292275518,0.25251770615577696,0.007285313197644428,-5.701500740206479,63.55942153162611,4.763727112966762,1.8835179610884971,-21.2018529799266,1.491225372971967,-0.2344644376113004,21.14167134782476,0.6792388311483446,-0.07269176677836002
f05f3a8ea7e0f88586c3fd6fcfc1baa9,OC[C@H]1O[C@H]([C@H](O)[C@@H]1O)n1cnc2c(N[C@@H]3CCOC3)ncnc12,337.33600000000007,-1.3613999999999993,10.0,4.0,4.0,0.533172991253914,5.0,134.78,0.7675640463829041,0.5630327522754669,0.7243813872337341,0.0031351305515272543,0.0029467568499967458,0.03990164734423161,0.005292903038207441,0.013061732309870422,0.0022911743498298166,0.1517677515745163,0.0018039060458249878,0.03536860560998321,0.2374502569437027,0.9404714107513428,0.9424730181694031,0.016922700591385363,0.014885438000783324,0.07444049939513206,0.1720663160085678,0.025162502098828553,0.13046097457408906,0.00936659169383347,0.15159438401460648,0.0056517335120588545,0.30330409556627275,0.04575280081480741,0.019388572545722127,0.012343962257727981,0.6208425223827362,0.401133781671524,0.23832847476005553,-5.7783801507310395,10.576940013909105,-5.015432511157143,35.54678348463116,-18.672029581780162,2.3572256010856036,-0.13440663029785807,44.41205719609024,-1.6921477864783931,-1.8473370428489466
10628a86c0bcb5f676080386721b10a1,N[C@H]1[C@@H](CC[C@@H](OC(=O)N2CCC(CC2)n2c3cccnc3[nH]c2=O)c2ncccc12)c1cccc(F)c1F,534.5670000000001,4.490000000000004,7.0,2.0,3.0,0.3740380384480267,3.0,119.12999999999998,0.23966914117336274,0.8055332183837891,0.8401194334030151,0.09750525578856468,0.6424188017845154,0.1409246638417244,0.808684515953064,0.19485953450202942,0.3748676508665085,0.7581143736839294,0.9422480463981628,0.07809253931045532,0.8056529879570007,0.7103316187858582,0.9993895173072815,0.013536431267857552,0.022910301573574543,0.16416870951652526,0.14518648386001587,0.02220002543181181,0.10572427436709404,0.013988366350531578,0.8093828916549682,0.7650423526763916,0.4082877576351166,0.09600959792733192,0.03453449681401253,0.3399683475494385,0.07950442731380462,0.1390800081193447,0.9234902620315552,-5.795114583856951,20.851309733506355,20.09121726587711,-30.34153265809426,-12.530520718521691,3.419308346970536,2.1310251331145134,76.7742450171407,-3.6277786112712143,-6.636723189224997
15dbcc279148af9bf273ca0b1d649267,[H][C@@]1(C[C@](C)(NCc2ccc(cc2)-c2ccc(Cl)cc2)[C@@H](O)[C@H](C)O1)O[C@@H]1[C@@H](O)[C@H](O)[C@@H](CO)O[C@H]1Oc1c2Oc3ccc(cc3Cl)[C@@H](O)[C@@H](NC(=O)[C@@H](CC(C)C)NC)C(=O)N[C@@H](CC(N)=O)C(=O)N[C@]3([H])c(c2)cc1Oc1ccc(cc1Cl)[C@@H](O[C@@]1([H])C[C@](C)(N)[C@@H](O)[C@H](C)O1)[C@]1([H])NC(=O)[C@]([H])(NC3=O)c2ccc(O)c(c2)-c2c(O)cc(O)cc2[C@]([H])(NC1=O)C(O)=O,1793.125,4.495200000000011,28.0,20.0,1.0,0.05298663922376169,22.0,560.98,0.5539864122867584,0.03539346931502223,0.8189107418060303,0.04733548169024289,0.016243207035586238,0.07325435876846313,0.011934737989213318,0.019160661660134793,0.017447436533984728,0.580256336927414,0.07105209715664387,0.060236015170812604,0.32969693541526796,0.860030734539032,0.4645223066210747,0.05083153918385506,0.28274933695793153,0.060140637680888176,0.109971983730793,0.12381629869341851,0.20251667350530625,0.21940473169088365,0.09901221841573715,0.2779277667403221,0.2785902053117752,0.21932724118232727,0.03704565679654479,0.1405494898557663,0.31932768821716306,0.13525731563568116,0.3510848253965378,-6.852443447686959,-27.18736947467899,43.00836100123602,61.46067192834744,-13.25398166942845,3.1126730612597844,1.2688868282976702,93.47636567995721,-4.833269056154968,5.076443378292637
cf8e733b2fac228dcf6a87a328e59bd8,N[C@@H](CCC(=O)N[C@@H](CSSC[C@H](NC(=O)CC[C@@H](N)C(O)=O)C(=O)NCC(O)=O)C(=O)NCC(O)=O)C(O)=O,612.6400000000004,-3.8767999999999985,12.0,10.0,1.0,0.043741557343612084,4.0,317.64,0.41211084425449374,0.22010445445775986,0.22417823150753974,0.006591595383360982,0.043228881806135176,0.020567713351920248,0.018015161715447904,0.04387686192058027,0.08427141457796097,0.23459927439689637,0.08242440521717072,0.05788816921412945,0.14453702345490455,0.16519235111773015,0.0056228221394121645,0.19602628089487553,0.24120984077453614,0.005475902766920626,0.0038299354258924724,0.4464785784482956,0.35221468210220336,0.01079996614716947,0.023137539345771074,0.02415370773524046,0.2761771470308304,0.08144250772893429,0.01595904161222279,0.0027165851992322133,0.059395539574325085,0.37495302855968476,0.13331211730837822,-7.557760303130506,17.405547263036134,17.269207502533405,7.29215959070986,-13.988862901385849,2.0674053735877314,-1.2264038050577877,55.681355502897816,-1.9289536730632615,-1.3856136710306892
241ffdf67d613159a3f4094e812fda83,Cc1cc2sc(NC(=O)Cc3ccccc3)nc2cc1Cl,316.8130000000001,4.439320000000002,3.0,1.0,4.0,0.7758709829653985,0.0,41.99,0.26606832444667816,0.9583298206329346,0.9004743814468383,0.9847966313362122,0.9743086576461792,0.36079503893852233,0.8203159689903259,0.10487771257758141,0.12154720649123192,0.6635197758674621,0.4538526713848114,0.20066436678171157,0.022274476056918503,0.9605239748954773,0.9999926567077637,0.07014268077909946,0.14310179501771927,0.94119234085083,0.3904975116252899,0.06230858340859413,0.6484406888484955,0.21429717689752578,0.9676648259162903,0.43076697885990145,0.9151737928390503,0.5684916019439697,0.4699061751365662,0.9178431987762451,0.5521058082580567,0.5861328840255737,0.2857412725687027,-4.605635655672574,76.82952295337273,82.95758310738717,112.2835549016603,-10.073008243067887,2.5267177709887383,3.944137976232997,101.94209372046987,-5.057580975720289,23.48800906417552
e80840e36cf3e1ca891f068d683f0b6e,CO[C@@H]1[C@@H](CC[C@]2(CO2)[C@H]1[C@@]1(C)O[C@@H]1CC=C(C)C)OC(=O)NC(=O)CCl,401.88700000000017,2.5544000000000002,6.0,1.0,4.0,0.4176605962413012,6.0,89.69,0.9639572620391845,0.9625123739242554,0.9102813482284546,0.07457625437527896,0.3199895203113556,0.0610016867518425,0.07613865658640862,0.09245627298951149,0.02206959268078208,0.7553276538848877,0.6607748150825501,0.17037509232759476,0.6809572577476501,0.6430904865264893,0.9993819236755371,0.02575712688267231,0.02037284318357706,0.031979394145309925,0.37898093461990356,0.0943624272942543,0.1360838904976845,0.40583249777555463,0.8855274677276611,0.20989634692668915,0.8507767081260681,0.2507780209183693,0.3659575700759888,0.16964484602212906,0.7125203251838684,0.5826939702033996,0.25556596666574477,-5.005049200310195,64.92934465386345,40.704523973380255,-12.037618479994824,-8.302971599562653,3.611796207161768,2.936557497813,89.84691614322699,-3.83574412506798,11.341490379961012
f3366d407b03e9605b8c04c343b7d2b7,ONC(=O)CNC(=O)c1ccc(Cl)cc1,228.63500000000002,0.5752000000000003,3.0,3.0,4.0,0.5230158469014002,0.0,78.43,0.7655214190483093,0.9371496319770813,0.9758564114570618,0.09388556405901909,0.03719279505312443,0.23272458016872405,0.0025375599041581156,0.0686484694480896,0.002784480748232454,0.4876565933227539,0.0068086694926023485,0.68123779296875,0.1257223103195429,0.8121224164962768,0.9984629273414611,0.011376215890049935,0.011020811181515456,0.049726294726133345,0.0017827915726229548,0.0023461567470803857,0.04078106954693794,0.002030868304427713,0.6578512251377105,0.003707492572721094,0.050679253041744234,0.00732984459027648,0.012282328307628631,0.0026017853757366537,0.016778123565018177,0.796746289730072,0.019438011292368173,-4.931702251272135,9.537622607562444,0.656365646892344,-1.0639277104015794,-12.963184006527877,2.032808099327808,1.672620119326383,76.32031953230862,-2.1220568908224893,2.994724181316726
d3857f885a3b1544c8c47643bc73f07d,OC(=O)CNC(=O)c1ccccc1I,305.071,1.1055999999999995,2.0,2.0,4.0,0.8221065399859238,0.0,66.4,0.14624021351337432,0.8022255539894104,0.9628592133522034,0.008560419827699662,0.01299622249789536,0.41879225373268125,0.005548392329365015,0.03373893406242132,0.004458290373440832,0.20787174999713898,0.0007407481178233865,0.37140992283821106,0.14115181639790536,0.8060797214508056,0.9778770446777344,0.007246520929038524,0.031297271698713304,0.010503180138766766,0.0002447510152705945,0.0028287106193602084,0.06106104627251625,0.00585074870614335,0.16314239352941512,0.0013310156646184623,0.033875136822462085,0.002298369409982115,0.003447722038254142,0.00036214799765730275,0.0026535954442806543,0.48504608273506167,0.0023144838283769785,-4.897180209604142,18.445316713036227,8.2272609644506,-26.64699506310216,-13.026947375250666,1.7647843115200867,-1.4837051494998803,78.08357748639334,-2.1747384134821974,1.6147693034600934
b58a637f23d4ac6757961465d7cd77d4,CSCC[C@H](NC(=O)[C@H](CCC(O)=O)NC(=O)[C@H](CCC(O)=O)NC(C)=O)C(=O)N[C@@H](CCC(N)=O)C(=O)N[C@@H](CCCNC(N)=N)C(=O)N[C@@H](CCCNC(N)=N)C(N)=O,889.0069999999995,-5.32486000000002,13.0,16.0,1.0,0.01703394212990198,6.0,459.1799999999999,0.3321346893906593,0.07722091078758239,0.16425644159317015,0.0007334358233492821,0.005835329496767372,0.01060285831335932,0.0007127671509806532,0.049239373207092284,0.10155314039438963,0.3644378960132599,0.026415169052779675,0.01864689914509654,0.0317181121557951,0.11260526711121202,0.0022351341423927805,0.10058813542127609,0.1839563101530075,0.0003340575101901777,0.0008921462867874652,0.49986002743244173,0.450131356716156,0.002572230761870742,0.018806269252672793,0.04529437106102705,0.10052165612578393,0.011619487591087819,0.002242368320003152,0.00044755189464922295,0.011970435548573733,0.22798672467470169,0.10584314055740833,-8.265364591513505,7.616356884824124,30.36447680313076,15.912028820880744,-16.190003679323933,2.5739937541346887,-2.404436805839903,25.120757946416624,-2.234245638518357,1.9633069961636551
6768426e4e23efc8ebd775c4d8ee81e2,N[C@@H](Cc1cc(I)c(Oc2ccc(O)c(I)c2)c(I)c1)C(O)=O,650.9760000000001,3.952700000000001,4.0,3.0,3.0,0.4267101714465896,1.0,92.78,0.15331174060702324,0.27129322588443755,0.9125985980033875,0.686980253458023,0.14947108924388885,0.44182738065719607,0.4420524537563324,0.2814377248287201,0.20073370039463043,0.5553440511226654,0.17008003145456313,0.3684254825115204,0.19297323673963546,0.4223573416471481,0.9891848564147949,0.013605454191565513,0.04055246151983738,0.3851568102836609,0.0840926818549633,0.18338949084281922,0.2907187044620514,0.4899957001209259,0.4326874136924744,0.10546037554740906,0.2691899448633194,0.04294945262372494,0.15779384970664978,0.2914644777774811,0.15887873619794846,0.40520980656147004,0.3557065427303314,-5.80616574936157,38.03424839745536,-4.037269478470374,15.052443930100381,-9.217901513291077,3.2168506356648847,1.1851840787617256,92.78232278252838,-3.9500807004891803,-5.763529275097613
9e9d20cd9555590dbcd1eb4eafec42fc,COc1cc2c(NC3CCN(C)CC3)nc(nc2cc1OCCCN(C)C)N1CCCN(C)CC1,485.6770000000004,2.616900000000002,9.0,1.0,4.0,0.5399011452978305,0.0,69.23,0.27860699892044066,0.9623901009559631,0.7767155528068542,0.031963317468762395,0.0009575657546520233,0.023686787858605386,0.0004710274664830649,0.6437394380569458,0.21740164794027805,0.7553261876106262,0.009067671606317163,0.09061031816527247,0.47234445810317993,0.4036228358745575,0.8288883209228516,0.00431533275404945,0.012865629233419894,0.0854371938854456,0.010957825742661954,0.004472843371331692,0.043761997297406194,0.00013073814152448905,0.873309850692749,0.17710855305194856,0.16069831773638726,0.009464482357725502,0.002983663138002157,0.015930028818547725,0.031107056699693204,0.3189265221357346,0.9794914364814759,-5.310727409639161,-8.125679561429262,10.835204519442659,9.54848955671238,-9.659851184582712,2.9407064861061265,0.5330115975943912,56.65023161009526,-1.1313969329580449,16.4311217923185
d235bab37a9694ebb634a446f68dd284,Cc1cc(C)n(n1)-c1cccc(c1)[C@@H](CN1CC[C@@H](CCc2ccc3CCCNc3n2)C1)CC(O)=O,487.6480000000004,4.755240000000003,6.0,2.0,4.0,0.4530334697206116,2.0,83.28,0.17866137623786926,0.7136564254760742,0.8310782074928283,0.09008062779903411,0.03462480278685689,0.14514788016676902,0.043377889506518844,0.36235577464103697,0.6449789345264435,0.7108030676841736,0.7099943399429322,0.143994227796793,0.8029852032661438,0.45228164792060854,0.9839561104774475,0.013407712802290916,0.051807773858308794,0.09850016497075557,0.02978755868971348,0.026883765310049056,0.13993571549654008,0.00947000589221716,0.612471729516983,0.481860363483429,0.16740610599517822,0.009901246707886457,0.017453663051128387,0.022358102165162562,0.02738264836370945,0.16714434772729875,0.8263578772544861,-5.740048439280686,-6.819194514072519,11.137572049958369,9.825446508692917,-10.91504888412943,3.33811409217504,1.5457547531424491,82.73287262539857,-2.8516640890494447,-1.3806086948911482
6e29d9046cc4c2109eb71fc7795b8be4,Nc1nc(NCCc2ccc(O)cc2)nc2nc(nn12)-c1ccco1,337.3430000000001,1.7217,9.0,3.0,4.0,0.5021357205153983,0.0,127.39,0.5591086149215698,0.46272351741790774,0.7717307090759278,0.8819385290145874,0.7313678383827209,0.14046456962823867,0.4821020305156708,0.14566883593797683,0.39996897578239443,0.44346635937690737,0.7934960961341858,0.11132813803851604,0.06695883218199014,0.940064299106598,0.9998612880706788,0.007793189911171794,0.04326408244669437,0.7674311876296998,0.10091360360383987,0.13156433403491974,0.6197305381298065,0.02775260005146265,0.849597692489624,0.10884042382240296,0.6609989762306213,0.45007813572883604,0.0820995807647705,0.6214638948440552,0.19000397771596908,0.592954421043396,0.6927993416786193,-5.646415332435992,79.89311541653501,28.103594847743956,-15.46971386548918,-11.695435407308324,2.158271162197533,2.872261692586174,97.14452208174787,-3.596569961250503,-5.8529856361036545
df0091fd6e7f267ed22ec249dd90403e,CCOC(=O)[C@H](C)C[C@@H](Cc1ccc(cc1)-c1ccccc1)NC(=O)CCC(O)=O,411.49800000000016,3.8350000000000017,4.0,2.0,4.0,0.5482942603196118,2.0,92.69999999999999,0.08487395942211151,0.49080930948257445,0.8533001184463501,0.26775696575641633,0.17712352126836778,0.3471410095691681,0.20219807624816893,0.07415296211838722,0.06840635351836681,0.5964912414550781,0.44783304929733275,0.42702231407165525,0.18641601279377937,0.706419026851654,0.860557246208191,0.039511721953749655,0.05941871628165245,0.09888596460223198,0.023823355697095393,0.07211692817509174,0.1864120066165924,0.22577522248029708,0.5514981627464295,0.13320608288049698,0.10159597098827362,0.03265085108578205,0.023701100423932076,0.01810517255216837,0.024868322629481555,0.332796049118042,0.21723550111055373,-5.198830648490543,62.75030452940797,44.889161702246206,-6.501917185663183,-7.845440461127664,2.4036570143504923,1.1817993667272388,94.17104757006709,-3.588146916494903,-3.7485247931200774
69308aea5f6e5f72df848f789bc22414,CNCCc1ccccn1,136.19799999999995,0.8434999999999999,2.0,1.0,4.0,0.6658018289589027,0.0,24.92,0.09933829531073571,0.8397626280784607,0.9197873592376709,0.005700199806597084,0.002324020629748702,0.12657262831926347,9.883029579214054e-05,0.30337698608636854,0.0029292893712408842,0.16604272425174713,0.0002626054803840816,0.08375770188868045,0.032270245533436534,0.08473844639956951,0.997827696800232,0.001977200637338683,0.021612615510821342,0.003155743982642889,0.00016100490101962351,0.0005846180487424135,0.04003497511148453,1.9612944788605093e-05,0.5977436482906342,0.0008164276223396882,0.0061239260248839855,5.324934518284863e-05,0.000474270481208805,4.3127970457135234e-05,4.7945179176167585e-05,0.8418788433074951,0.02368594817817211,-4.387638641732206,41.821624129871246,-24.579516242542205,32.679350234316345,-8.466993173490794,2.2854408772273827,-1.585076081107109,-22.08830566408353,0.5517208039510275,6.516724026892952
7828623e7cffefe6c0b9521f1a7bc175,COC(=O)c1cc2c(cc(cc2n1O)-c1ccccc1)C(F)(F)F,335.281,4.351000000000002,4.0,1.0,4.0,0.5594166465016883,0.0,51.46,0.19353093802928925,0.9730626225471497,0.8423931360244751,0.9913998961448669,0.8251869082450867,0.22824469208717346,0.49027036428451537,0.19911799132823943,0.052217930741608146,0.5002378642559051,0.17977251335978509,0.12508345693349837,0.02408925471827388,0.955574631690979,0.9999806404113769,0.049504537135362625,0.03351075872778893,0.501888918876648,0.244418141245842,0.09322137981653214,0.2587011843919754,0.09880839437246322,0.9771510124206543,0.8100142002105712,0.43049260675907136,0.27233781665563583,0.05298028476536274,0.4494599401950836,0.26177987456321716,0.2695508569478989,0.6709599018096923,-4.31520633472376,68.45641540672037,89.2724565076403,7.2988710061246,-5.821087868873817,2.681530591966462,3.7375060614592455,103.0481103632712,-5.716064689731124,-1.231723535906546
fabf62b2e1d465ae92790fe03f568645,CCOC(=O)Nc1nc2ccccc2[nH]1,205.21700000000004,2.1313,3.0,2.0,4.0,0.78871476476843,0.0,67.00999999999999,0.40769037008285525,0.9701292037963867,0.8434986233711242,0.9791532158851624,0.18884080946445464,0.22359142303466797,0.08036163672804833,0.2198100656270981,0.11644114702939987,0.4910097479820251,0.038862483017146586,0.03302175458520651,0.03078239280730486,0.9655498504638672,0.9999869108200073,0.017147193336859344,0.030685264989733695,0.9632954120635986,0.024204756133258343,0.01407665889710188,0.25459523499011993,0.008053816109895705,0.9357303500175476,0.03886211607605219,0.4065524756908417,0.39987332820892335,0.09131969809532166,0.35767953991889956,0.5072824120521545,0.4179511845111847,0.2551934808492661,-4.221466711611141,38.59410997488972,52.71110986494425,-15.222740400769059,-13.60808753453534,1.8486621048146197,1.9042651732990437,96.38238198661676,-3.283718831691111,-3.9776218364990648
063c7c30454b52377f11eb0d41f908b0,O=C1CSC(=O)N1Cc1ccc2NC(=O)\C(=C/c3cc(CN4CCOCC4)c[nH]3)c2c1,438.5090000000003,2.535,6.0,2.0,4.0,0.6970382759082007,0.0,94.74000000000001,0.22166749089956284,0.896576750278473,0.5594019651412964,0.42770291566848756,0.48997228741645815,0.19378064572811127,0.37139204442501067,0.17136043161153794,0.14701769798994063,0.44550087451934817,0.7920501589775085,0.06674057319760322,0.48238948583602903,0.9042726278305053,0.9938923954963684,0.030795880220830442,0.01305323587730527,0.18392997831106186,0.09851965606212616,0.0539753220975399,0.1406312555074692,0.07197622954845428,0.5367958784103394,0.43114091753959655,0.37146384418010714,0.07486040815711022,0.227209235727787,0.3480644851922989,0.5289147317409515,0.611062866449356,0.6819849252700806,-5.166399387422603,68.32843274325634,40.38965450203958,51.37127437838399,-14.214603970977219,2.288043507212639,2.680721708070913,99.95434198672584,-5.102254130300385,4.9605802243584
405eb0d42eafa06dfff8311d4d75227e,CC1(C)CCC2(CC1)N[C@H]([C@H](c1ccnc(Cl)c1F)[C@]21C(=O)Nc2cc(Cl)ccc12)C(=O)N[C@@H]1CC[C@H](OC1)C(N)=O,618.5369999999999,3.961100000000002,6.0,4.0,3.0,0.3835329579286709,5.0,135.44,0.4573740780353546,0.9059311032295227,0.880620813369751,0.005462207342498004,0.07379695288836956,0.0353725902736187,0.060334818251430986,0.027186212688684465,0.02056712657213211,0.8655076026916504,0.7058315813541413,0.09354122504591941,0.4323269069194794,0.7772802710533142,0.9966954708099365,0.08350234925746917,0.21267117261886598,0.03537479005753994,0.3284351497888565,0.06455680392682553,0.1163870006799698,0.05550413653254509,0.8544672012329102,0.34256301522254945,0.48978031277656553,0.24387944340705872,0.060557789728045465,0.5118023157119751,0.48437572717666627,0.10643235519528389,0.4986055552959442,-5.661973742885873,28.218916311784188,73.128064414084,43.78298417639883,-10.293677351937594,3.580814302639149,2.803547301684911,95.35633849000229,-5.201709041631583,12.032251475496228
55f5f25210fee355776073074c327137,NCC(=O)CCC(=O)OCc1ccccc1,221.256,1.0377999999999992,4.0,1.0,4.0,0.7284952633436991,0.0,69.39,0.4975972414016724,0.917024290561676,0.9282959342002869,0.5455693781375885,0.16941684260964393,0.11280643120408058,0.021068014716729522,0.30053976476192473,0.039707795903086665,0.2839735209941864,0.040554486215114594,0.3066591501235962,0.08448464944958686,0.14176710285246372,0.9996157884597778,0.09890370145440101,0.021977289207279684,0.07851056326180697,0.00470110890455544,0.020244202017784117,0.12191501408815383,0.01880346895195544,0.8863100409507751,0.01184946419671178,0.03437738604843617,0.052261557430028915,0.016365003772079945,0.0032299268495989963,0.011370642855763436,0.7352780103683472,0.04303865954279899,-4.448452900612856,113.55315157519183,18.747150787606618,1.1282810230088622,-10.05985896259786,2.063757483340089,0.4822502887841756,48.30959017997632,-1.0046182232872396,-0.45641235041973643
9568ced5f8562b6a2b1e90a689a895ef,CNC(=O)[C@H]1O[C@H]([C@H](O)[C@@H]1O)n1cnc2c(NCc3cccc(I)c3)nc(Cl)nc12,544.737,1.0615999999999999,9.0,4.0,3.0,0.2767967405036423,4.0,134.42000000000002,0.4601695090532303,0.5153988778591156,0.7321414947509766,0.07192978365346789,0.20075862295925617,0.10356469601392745,0.1496746794320643,0.0333575364202261,0.18868333538994192,0.5395590186119079,0.3143683034926653,0.10880097448825836,0.6801727175712585,0.9583837866783143,0.9921072244644165,0.01604569242335856,0.026985212042927743,0.19143428057432174,0.3730386674404144,0.015555849391967058,0.08548241928219795,0.03849746398627758,0.810224449634552,0.4358149364590645,0.5405161559581757,0.03801900446414948,0.0365971920080483,0.18156121112406254,0.32796405255794525,0.2344437837600708,0.6589765787124634,-5.790757656877743,30.365546794202686,13.769443124841786,82.41975249549674,-16.40764576774758,2.5094926205284316,1.6917629542134613,84.42092675686104,-3.0306667829091034,12.551106457372729
16da16124a623ab720d73d367c79f8a4,COc1ccc(Oc2c(Cl)cnn(C3c4ccccc4-c4ccccc34)c2=O)cc1,416.86400000000015,5.315700000000004,5.0,0.0,3.0,0.39782604396085197,0.0,53.35,0.18803249001502992,0.46390206217765806,0.9281178832054138,0.3634320706129074,0.7074707865715026,0.4345127284526825,0.8964898228645325,0.07366705164313317,0.013123883213847876,0.7222769021987915,0.6163207411766052,0.35250128507614137,0.09428016692399979,0.9751046657562256,0.9999233841896057,0.004323802585713565,0.0104266079608351,0.42344865798950193,0.40639769434928896,0.06113294437527657,0.16281927078962327,0.22044482976198196,0.902354097366333,0.8299353003501893,0.8336421370506286,0.04633811451494694,0.09861356392502785,0.8348355293273926,0.2512741833925247,0.1691287040710449,0.7213927745819092,-4.69031062694242,34.752407196192856,40.426423709572575,20.68143905446085,-8.313621518957932,3.4441851911548573,3.4698415962941005,96.8888374563164,-7.272450050800413,3.611021894483698
6ec1424a8ea690579bb4e5b3a669786c,Oc1cc(O)c2cc(O)c([o+]c2c1)-c1cc(O)c(O)c(O)c1,303.246,2.6144999999999996,6.0,6.0,3.0,0.3005071373309243,0.0,132.68,0.3347555696964264,0.05226817391812801,0.37583100199699404,0.8636107921600342,0.14667876958847045,0.07089299671351909,0.24610040187835694,0.04712624046951532,0.12402674555778503,0.3824206113815308,0.469122713804245,0.01923319064080715,0.030641826894134284,0.9405259251594543,0.9964748501777649,0.04054686110466719,0.05582623891532421,0.8811846733093261,0.15114714056253434,0.580933678150177,0.6557349324226379,0.03800830114632845,0.4436622500419617,0.1002418003976345,0.8314361572265625,0.21762669682502747,0.14099521562457085,0.9159982919692993,0.40822150111198424,0.831491482257843,0.4292292922735214,-5.688338758103978,73.62312861267155,12.441239520310775,-1.8507701004199109,-12.522495650141567,2.5097805511002966,2.1020848583384426,90.16078288271873,-2.4132168635950215,3.699007754705393
fdb1ca4cb5017df9a4fccac67f20bb5c,COc1cc2c(NC3CCN(C)CC3)nc(nc2cc1OCCOCCN(C)C)N1CCCN(C)CC1,515.7030000000004,2.243400000000001,10.0,1.0,3.0,0.4503330039771573,0.0,78.46,0.28577561378479005,0.9427207827568054,0.7593524694442749,0.02486574308713898,0.001312970631988719,0.022551273554563524,0.0006812123887357302,0.6198060154914856,0.1518759487196803,0.7949525475502014,0.01238293400965631,0.11509651970118284,0.49149012863636016,0.44835551381111144,0.8096359610557556,0.004971790604759008,0.011657519638538361,0.09368202723562717,0.013543195556849241,0.0054017722373828295,0.04067822135984898,0.00025043543937499637,0.8819502830505371,0.1618119955062866,0.20984365940093994,0.012213648064062,0.004722792538814247,0.021339103765785693,0.04699388146400452,0.3133680194616318,0.9758842468261719,-5.394903389506001,-7.5249564142135315,12.179530099211576,10.430779652179513,-9.923330182685133,2.989515406238183,0.5794046745434853,55.87511301506154,-0.9370665233890584,16.570830006711077
461621a8ad1b049312f8413465a53d99,CC#CC(=O)N1CC[C@H](C1)n1c2ncnc(N)c2n(-c2ccc(Oc3ccccc3)cc2)c1=O,454.4900000000002,2.753400000000001,8.0,1.0,4.0,0.4752428318869178,1.0,108.27000000000001,0.3760330855846405,0.7827483892440796,0.8587615251541137,0.013858504500240088,0.42363613843917847,0.4669548451900482,0.6493480563163757,0.06136423833668232,0.029325178265571593,0.6819264769554139,0.6612125515937806,0.19507724717259406,0.6874792695045471,0.9722656369209289,0.9958823323249817,0.004549236409366131,0.02835202533751726,0.09764167815446853,0.10987798571586609,0.008637407887727022,0.04713903963565826,0.02511398885399103,0.8421410083770752,0.7292402982711792,0.5638912856578827,0.04038326572626829,0.0271096121519804,0.07697345484048128,0.07515229433774948,0.1652548208832741,0.8768791198730469,-4.971579925946278,35.564441799158764,36.60758423206721,-15.026785438254066,-11.357651142969635,3.018845877855475,2.7803142199176882,91.28318823762025,-4.843351194948254,2.5156258696982596
19d0b87d8a130e466cae7eb680b537c1,FC(F)(F)c1cnc(Nc2cnc(cn2)C#N)cc1NC[C@H]1CNCCO1,379.34600000000023,1.9059799999999993,8.0,3.0,4.0,0.7231341144090357,1.0,107.78000000000002,0.8163698673248291,0.6542050123214722,0.9561228394508362,0.283927384018898,0.05923984944820404,0.10843382747843862,0.01958246836438775,0.19195861220359803,0.033793129958212376,0.2153073027729988,0.28523050248622894,0.18759787380695342,0.826377809047699,0.85078204870224,0.9971609592437745,0.12593553736805915,0.03569488283246756,0.08555930033326149,0.17084511369466782,0.09444559514522552,0.08834517598152161,0.06063983552157879,0.74622141122818,0.04601903408765793,0.28324733674526215,0.261448535323143,0.018834327347576618,0.09245822504162789,0.461222380399704,0.21632826179265977,0.7102979302406311,-5.112719420649207,14.105128650468274,-19.537606089658787,5.504574560112072,-11.742549189578648,2.703594025005877,1.6007900087027214,69.62668350360805,-3.6345848697273233,8.216312238107346
702cec7477a70d9db14b47220c8735ea,CC(C)(O)CC(=O)NCCn1ccc2ncnc(Nc3ccc(Oc4cccc(c4)C(F)(F)F)c(Cl)c3)c12,547.9650000000001,5.916600000000003,7.0,3.0,2.0,0.24050202338361493,0.0,101.30000000000001,0.19630945324897767,0.6657377362251282,0.8007286667823792,0.42083290219306946,0.9519346356391907,0.19504434764385223,0.8836569905281066,0.11510319262742996,0.6029432833194732,0.8087782979011535,0.9708967089653016,0.353033110499382,0.29495638608932495,0.8667697548866272,0.9995815515518188,0.006398425158113241,0.011834722384810448,0.31290081441402434,0.530102425813675,0.020440285746008157,0.09433785378932953,0.12063388079404831,0.8322196125984191,0.9468557476997376,0.735410189628601,0.019876640662550925,0.11149293929338455,0.876387107372284,0.35553058683872224,0.09101402536034583,0.9265655517578125,-5.195037189053421,15.472732531101892,75.89535628411579,108.19806764147968,-11.16363188676605,3.604805199764761,3.6061700627157194,98.09812536997751,-5.680149554153508,8.958209991028065
2452c4030dd04cc98a53911a6b52dc47,CCOC(=O)c1c(CSc2ccccc2)n(C)c2cc(Br)c(O)c(CN(C)C)c12,477.4240000000002,5.177000000000005,6.0,1.0,3.0,0.3757011942815355,0.0,54.7,0.08103487938642502,0.6090103328227997,0.6321869730949402,0.9336423397064209,0.8322212934494019,0.43583192825317385,0.7647254228591919,0.42701191902160646,0.7800693392753602,0.7723344564437866,0.6179292380809784,0.21263801604509353,0.11161436885595322,0.4472545087337494,0.9990040898323059,0.026866606250405312,0.01335883727297187,0.16235886067152022,0.12928992807865142,0.08372096791863441,0.11770260110497474,0.09617454186081886,0.8968815445899964,0.8488083243370056,0.16242679208517075,0.025039533153176308,0.2957733154296875,0.5850864112377167,0.2170835927128792,0.4152298480272293,0.8627759933471679,-5.169730400712234,106.68639608643734,136.26206319226966,36.7061711572906,-8.169933369558265,2.903415139073251,4.311934528158099,98.60708976493295,-5.122305655893733,-7.170208116363756
c5391be3f567e3087ffbeb4f9acac837,COc1ccc(CCN(C)CCCOc2ccc(cc2)S(=O)(=O)c2c(cn3ccccc23)C(C)C)cc1OC,550.7210000000001,5.856100000000007,7.0,0.0,2.0,0.19443693180638713,0.0,69.48,0.09214257821440697,0.5177449584007263,0.7394435167312622,0.03455387391149998,0.7145628571510315,0.41628154516220095,0.4599208950996399,0.3096213161945343,0.24978638291358948,0.9503390312194824,0.9822350382804871,0.24485383033752442,0.21408020406961442,0.6226141154766083,0.993452537059784,0.008742492832243442,0.011309838201850653,0.06215235684067011,0.1339756354689598,0.02418635142967105,0.021985702216625214,0.020544109120965003,0.9300368309020997,0.9792420744895936,0.5033441841602325,0.004632311454042792,0.03319808728992939,0.2203075334429741,0.017912389151751994,0.08866698369383812,0.9472723722457885,-4.938463566993362,67.81541051107759,76.52581535498426,84.22624900101121,-9.0044137265667,3.077644995585339,3.1907546371897375,88.26820303377443,-3.517997543323144,11.632031107450159
035475e770b142ded8db694906cc5691,CSCCNc1nc(SCCC(F)(F)F)nc2n(cnc12)[C@@H]1O[C@H](COP(O)(=O)OP(O)(=O)C(Cl)(Cl)P(O)(O)=O)[C@@H](O)[C@H]1O,776.3660000000006,2.8505000000000034,15.0,7.0,1.0,0.04511663699478753,6.0,255.90999999999997,0.4574608527123928,0.7344663739204407,0.37573217749595644,0.013553946930915117,0.12549996946472675,0.04940523616969585,0.12235384723171591,0.04587545413523912,0.3780109571525827,0.33784776628017427,0.16267542643472552,0.0648975282907486,0.578377491235733,0.6021911382675171,0.5564132332801819,0.011447115242481232,0.024435900896787644,0.026819865277502686,0.29763143956661225,0.07625575214624405,0.11662876307964325,0.005244896048679948,0.3766760677099228,0.2786126613616943,0.5238204896450043,0.014011823595501483,0.004232254764065147,0.06920855799689889,0.1433032527565956,0.21296935379505158,0.8354337811470032,-5.97785959858939,23.472345318848944,31.46737551509627,79.26716128458978,-12.6322417175822,2.6029323900766466,2.3530428608496847,86.85877298917053,-1.48220980733473,-7.9911736130204165
3fb9c68c8a86adf5ef53ad80e7f793cd,CCOc1cc(cc(OCC)c1OCC)C(=O)Nc1ccc(Cl)c(c1)-c1nc2ccccc2[nH]1,479.9640000000001,6.331700000000006,5.0,2.0,3.0,0.29266360091740157,0.0,85.47,0.18409559428691863,0.3478270828723907,0.8584391117095947,0.3120411098003387,0.8313907742500305,0.32038429379463196,0.8137927889823914,0.10555569678544999,0.1391553394496441,0.781933856010437,0.5387533724308013,0.46104556918144224,0.06946367900818587,0.9572505950927734,0.9985246777534484,0.005428931466303766,0.013210013136267662,0.8291956543922424,0.32077884674072266,0.010969546157866716,0.0735586542636156,0.058276991546154025,0.7618176341056824,0.9645244002342224,0.7284628868103027,0.06751474998891353,0.2408008724451065,0.7687162518501282,0.3313338369131088,0.2288523346185684,0.9087251782417297,-5.098482945284043,50.01761917392007,56.17433867846928,117.49136521913704,-10.761926144811616,2.8078708858248183,4.131078131844789,102.462231166232,-6.0798074940180875,20.960778367728647
ccd8fc31b6524b7f05addfa088c3f423,Nc1nc(=O)c2c(CCc3ccc(cc3)C(=O)N[C@@H](CCC(O)=O)C(O)=O)c[nH]c2[nH]1,427.4170000000002,0.6664000000000003,6.0,6.0,3.0,0.2867441070042202,1.0,191.25999999999996,0.2551692560315132,0.6555164575576782,0.7103354454040527,0.021768946293741466,0.031081050634384155,0.22475091516971588,0.06913120597600937,0.046930774115026,0.04865316245704889,0.15626221895217896,0.024473367724567652,0.2913957953453064,0.7748813390731811,0.9226658940315247,0.22902163565158845,0.02142136450856924,0.05144086629152298,0.04215469174087048,0.014416133798658849,0.03005987238138914,0.15036362558603286,0.005454638157971203,0.029847334884107114,0.03614359721541405,0.07019980549812317,0.03244224227964878,0.005741600308101624,0.02239167261868715,0.14841262996196747,0.20118875205516815,0.42790104150772096,-6.743904475201411,-7.393217189869667,-7.99545504356323,43.478818121384144,-16.865443042463333,2.8125202817370867,-1.7465511703273102,65.27511703349664,-3.9867572134702804,3.5932349349614734
69f2f4025bfbe15fe68ba3963bd845ab,COc1ccc(cc1)-c1noc(CC(O)=O)c1-c1ccc(OC)cc1,339.34700000000004,3.6529000000000016,5.0,1.0,4.0,0.7380134904098222,0.0,81.79,0.08140667602419853,0.48907074332237244,0.9498913526535034,0.2653757810592651,0.41688042879104614,0.5471861064434052,0.31228095293045044,0.046720466762781146,0.02544824844226241,0.3278169184923172,0.18458692282438277,0.20118478387594224,0.1673378512263298,0.9753024578094482,0.9780032992362976,0.017625643452629448,0.06728928983211517,0.21768172681331635,0.11591769903898239,0.061869192868471146,0.20036612898111344,0.47130571603775023,0.6743104815483093,0.20110095143318177,0.4337757885456085,0.1301624670624733,0.05336951725184917,0.057638800144195555,0.07876645624637604,0.18490282595157623,0.12653083056211473,-4.8954647412375545,32.33379370062367,-3.7781323590613005,3.719349163311333,-10.054811086480143,2.674070495752879,0.5079052401651883,98.44207824166162,-4.074030159701961,0.6979072822725978
44c66f2f3684ade73d6e2408a6937124,COc1cc2ncn(-c3cc(OCc4ccccc4C(F)(F)F)c(s3)C(N)=O)c2cc1OC,477.46400000000017,4.800900000000004,7.0,1.0,4.0,0.4131287445338218,0.0,88.60000000000001,0.7167225122451782,0.8987582325935364,0.9495577096939087,0.716663920879364,0.894188380241394,0.44328376054763796,0.8981426954269409,0.19138094037771225,0.061949481070041654,0.6708168745040893,0.8366373777389526,0.27835776209831237,0.16827731877565383,0.911335289478302,0.9997636914253235,0.012985286489129066,0.02324486132711172,0.4291995823383331,0.4371486723423004,0.023224528506398202,0.12587276250123977,0.18708095252513884,0.9050999522209168,0.9782476902008057,0.7121983528137207,0.18331097811460495,0.11025074869394302,0.7112033724784851,0.3302922397851944,0.20320114195346833,0.9349708080291748,-4.886308409388755,45.017304094742684,57.67760510045186,24.11231598755007,-10.014210095560781,2.913637553879765,3.5422230391219665,98.04402024291167,-5.804349786322636,-2.699699467770883
f125805e3755654372604b9381049125,CCN(C(=O)c1c(O)c2c(CC)cccc2n(C)c1=O)c1ccccc1,350.41800000000006,3.473200000000002,4.0,1.0,4.0,0.7835543240040163,0.0,62.540000000000006,0.17821492552757262,0.8792469382286072,0.8723625898361206,0.4703865468502045,0.763948655128479,0.7276895999908447,0.7334568977355957,0.22200004160404205,0.10985704138875008,0.7337758183479309,0.4420247733592987,0.38987307250499725,0.0849172443151474,0.7584484338760376,0.9996414303779602,0.015124625666067005,0.030985261872410776,0.2580543041229248,0.28596699237823486,0.033161113038659096,0.11397558972239494,0.05865916088223457,0.9748643398284912,0.7671132564544678,0.344722706079483,0.055119799077510835,0.07399762868881225,0.6551831483840942,0.15702712833881377,0.20333217680454255,0.7855600476264953,-4.3459984841662616,63.485502615192694,60.30040527413437,41.245845597788275,-9.783710887864268,3.023412148074107,2.3862410168544663,93.48937424731712,-4.790991500593715,-2.420740481977045
52cc6d9ad68e8f5d020b5959dba30948,COC(=O)N1CCN(Cc2cccc(NC(=O)Nc3ccc(C)nc3)c2F)CC1,401.44200000000023,3.057120000000001,5.0,2.0,4.0,0.822369147172254,0.0,86.8,0.3257444232702255,0.9130213260650635,0.8377628445625305,0.027800833433866502,0.4312669992446899,0.39393013119697573,0.18084038496017457,0.17022885680198668,0.1794117048382759,0.5616058290004731,0.23245783001184464,0.17348471879959107,0.7529226422309876,0.7000123143196106,0.9949650883674621,0.010909511893987655,0.024011813476681708,0.05245465449988842,0.006052974471822381,0.007180861756205558,0.05657459571957588,0.004188811359927058,0.8515148758888245,0.30376640856266024,0.14149464964866637,0.009764340519905091,0.003945383708924055,0.022015953622758388,0.03567321561276913,0.2272235706448555,0.6979241967201233,-4.666391736047031,46.24653990543936,42.98425266220606,13.946345376232397,-11.686634779863628,2.6793685971418975,2.4025311156799547,71.4246844920201,-3.272399206095843,-3.51053299157694
56bb1bf64d811591a52b49aa47e32e91,Nc1nc(N)c2nc(cnc2n1)-c1cccc(O)c1,254.25300000000001,0.9567999999999999,7.0,3.0,4.0,0.5902260680940224,0.0,123.83,0.4388387739658356,0.13016780987381935,0.7633834183216095,0.961179256439209,0.07888848939910531,0.06584413684904575,0.042174468049779534,0.07772091180086135,0.08354137875139714,0.3445527464151382,0.3404999732971191,0.03130074013024568,0.021432577166706324,0.9708634853363037,0.9998510003089904,0.02557809203863144,0.059598859399557114,0.9562139868736267,0.15790056586265563,0.2754442185163498,0.6373015642166138,0.012352405115962029,0.8296631574630737,0.014929560292512179,0.7460879027843476,0.6788649320602417,0.029923878982663153,0.8183239579200745,0.5004971206188202,0.6021719098091125,0.5125342547893524,-5.380750603944559,82.5270424489642,32.61364620142835,-28.528623674596524,-13.989861120787458,2.062211983683823,1.952784918939629,83.81566027132408,-2.8166399528216584,-5.988238576259414
330d248d30ee440c1f3c4392c5bd4168,COc1ccc(N(C(=O)Oc2c(C)cccc2C)c2ccnc(Nc3ccc(cc3)N3CCN(C)CC3)n2)c(OC)c1,568.6780000000002,5.943140000000007,9.0,1.0,2.0,0.2770877056469201,0.0,92.28999999999999,0.20132539868354798,0.36027610301971436,0.89141845703125,0.02812879385892302,0.5756223142147064,0.5970407843589782,0.39595113396644593,0.20197025835514068,0.03952519102022052,0.9013895153999328,0.8865173101425171,0.44402146339416504,0.5222360610961914,0.987290370464325,0.9935576319694519,0.0026193576864898204,0.011171860923059284,0.34867227971553805,0.09024888277053833,0.010618706000968814,0.01998110618442297,0.03323774356395006,0.9216392874717713,0.9514869332313538,0.8405625343322753,0.030827496945858002,0.05846436507999897,0.6794342875480652,0.3393906444311142,0.09348339289426803,0.9305474638938904,-4.962700821362516,39.961368644458574,65.48904504937376,32.69420217087644,-8.855981048580666,3.111396141064014,4.160748729899575,94.74437389079522,-5.944996963436839,7.959321309799307
ee4dd2290d52c459c35d7b6c3203f231,CCCCCCCCO,130.23100000000002,2.3392000000000013,1.0,1.0,4.0,0.5470483699238978,0.0,20.23,0.002083099517039955,0.9814518690109253,0.6130687832832337,0.6675093770027161,0.08433880545198917,0.09055008850991726,0.036035937070846555,0.3216339014470577,0.008053137897513806,0.18033524751663207,0.0006255994645471219,0.606102454662323,0.00029489612061297523,0.1510408405214548,0.9999796390533447,0.00014049368542146112,0.021172891929745676,0.0013075525512249442,0.0035621750401332976,0.0013633453054353595,0.03908805251121521,0.0011470404278952628,0.9481309533119202,0.2887468785047531,0.007010770216584206,8.357946953765349e-05,0.009797608386725188,0.008751130104064942,0.0009904088685289026,0.6004993081092834,0.38462207056581976,-4.053854189251072,99.06093385328676,37.459392589571834,113.83952377132194,-3.8463146848732537,1.5065594584180855,2.3892096728513557,74.30364787831635,-2.409647633978765,46.66547381637601
b5ef3437dd01c29bbbe91b7b8b2d1518,C[C@@]1(F)[C@H](O)[C@@H](CO)O[C@H]1n1ccc(N)nc1=O,259.237,-1.1957000000000004,7.0,3.0,4.0,0.6152676761702874,4.0,110.6,0.8104997754096985,0.9159970283508301,0.9347260475158692,0.0012728331079415512,0.0059613459277898075,0.11770530678331852,0.0036149278632365165,0.019708004454150795,0.0007015217226580717,0.11551475077867508,0.0031828014878556134,0.15997410863637923,0.6024115264415741,0.9028688073158264,0.9948685646057129,0.023415469797328115,0.03377414643764496,0.0030635742004960775,0.10160274840891362,0.02046581171452999,0.1267473965883255,0.0072079838428180665,0.1794336549937725,0.0067544408375397325,0.11170291230082512,0.01901510786265135,0.0022316679125651715,0.006318557704798877,0.18449247181415557,0.24002578258514404,0.09626628756523133,-5.459861869990696,22.445325319370976,-13.522164456237078,6.769319876202249,-19.117468250654845,2.536423854017759,-1.2131236274174124,15.72951843522728,-0.9730235258751101,-1.085859123063119
e68b5b9082032a0fc6e28647d6b6bde7,NS(=O)(=O)c1ccc(cc1)C(O)=O,201.20299999999997,0.03220000000000017,3.0,2.0,4.0,0.7049457019510034,0.0,97.46000000000001,0.005928942380705848,0.35162788033485415,0.6425165235996246,0.000511441077105701,0.0017805750361731044,0.1161979328840971,0.001046835075248964,0.007880544601357542,0.0015552182565443217,0.01989408067893237,1.1412185745030002e-05,0.2810276746749878,0.010229919012635947,0.9421899676322937,0.7319688141345978,0.005684846697840839,0.01960807852447033,0.0017153696215245872,4.221858437176706e-05,0.0005249950980214634,0.015407735155895353,3.899410745589193e-06,0.025443235460261348,0.02693867087364197,0.003777124604675919,5.7069661670539064e-05,0.0004219431906676618,0.0021637387544615194,0.00021636531746480614,0.044332601502537726,0.0007936101290397346,-5.240996579711148,-7.438636700122747,-8.668463844819918,13.529735585960026,-11.878248265759563,1.5523619425982185,-1.3681049070111897,69.76180823593987,-2.1761378993559632,0.5650748741129047
c3c1f3dc3b38be98e47a3db326806d2f,C(N1CCC2(CCc3ccccc23)CC1)c1ccccc1,277.411,4.166600000000003,1.0,0.0,4.0,0.7962047395313816,0.0,3.24,0.17719301879405974,0.9968900442123413,0.8728388547897339,0.1755288414657116,0.5399236977100372,0.09606241136789322,0.022323452681303025,0.518292373418808,0.9603702187538147,0.3694530129432678,0.02679941465612501,0.01639071526005864,0.24756941124796866,0.03915999084711075,0.9997206687927246,0.0017011910676956177,0.014845128916203976,0.023639896884560585,0.03720168508589268,0.010078219650313257,0.10155077502131463,0.0012465654872357845,0.9535537958145142,0.4123484671115875,0.07965327948331832,0.0016292590007651597,0.012876661773771048,0.07036960199475288,0.002125890227034688,0.8927276492118835,0.9696313381195069,-4.636149457655238,76.60628845944397,16.245516664946074,-27.08999139863372,-5.27767057737889,2.9605358576430385,3.1275280315562695,87.06645616093849,-3.9705553888875356,-0.8550461638422545
e13f6f5318d3b5bd00a9cabc51f03c77,CN1C[C@@H](c2cccc(c2)S(=O)(=O)NCCOCCOCCNC(=O)NCCCCNC(=O)NCCOCCOCCNS(=O)(=O)c2cccc(c2)[C@@H]2CN(C)Cc3c(Cl)cc(Cl)cc23)c2cc(Cl)cc(Cl)c2C1,1145.0699999999997,6.156600000000009,12.0,6.0,0.0,0.03374988986499664,2.0,217.99999999999997,0.2177908390760422,0.5225045323371887,0.6041277885437012,0.16787087991833688,0.7860323548316955,0.24342678040266036,0.5541732490062714,0.22876280397176743,0.6204737424850464,0.8949863314628601,0.9558510541915893,0.3405821055173874,0.23373358845710754,0.769280982017517,0.9718257784843445,0.00947309541516006,0.02330254539847374,0.034260178171098235,0.027323970943689345,0.009504496166482568,0.04307724311947823,0.03914504237473011,0.592134165763855,0.7038746476173401,0.192741459608078,0.009757776092737914,0.024279209226369856,0.3254771620035172,0.11388658285140991,0.2260437622666359,0.8853617668151855,-5.462166564557638,26.183059203724714,53.30932780894491,157.12850493616958,-10.6337360609398,3.0960774002204667,3.112130763608895,96.09586531399069,-4.825131472032962,-4.744825619145827
55fe4e3d54252b23e450a3cbd3557f91,CCCN(CCC)C(=O)Cc1c(nc2ccc(Cl)cn12)-c1ccc(Cl)cc1,404.3410000000001,5.499200000000005,3.0,0.0,3.0,0.5216260598644259,0.0,37.61,0.2414972960948944,0.8849490404129028,0.717650854587555,0.5479434251785278,0.7110217213630676,0.20846958458423615,0.7481957197189331,0.156050843000412,0.40703401863574984,0.834570586681366,0.7962086915969848,0.26150813698768616,0.3507931023836136,0.49537438750267027,0.9992754578590393,0.04894778952002525,0.02257557287812233,0.26410034000873567,0.44945913553237915,0.04651275649666786,0.06917731910943985,0.0578774269670248,0.9762939453125,0.9150437951087952,0.6261251509189606,0.01937066940590739,0.21449984312057496,0.16672187000513078,0.08224868178367614,0.48854416608810425,0.8990507364273072,-4.606760830793761,49.40625853076733,87.22549048589777,97.18208035855962,-7.273390123992809,2.270867063333808,3.639963037343884,90.41491397017981,-4.945446541542729,21.74100346785346
c8a621ad1b535dfd50d264b79178e209,CCN(CCO)CCCOc1ccc2c(Nc3cc(CC(=O)Nc4cccc(F)c4)n[nH]3)ncnc2c1,507.57000000000016,3.499900000000001,8.0,4.0,3.0,0.20253996280129952,0.0,128.29,0.36623662412166597,0.35411790311336516,0.633603549003601,0.16592400148510933,0.24834708571434022,0.25288474261760713,0.17410735338926314,0.3707398772239685,0.5802947461605072,0.685871160030365,0.7917056083679199,0.4213040411472321,0.7939892768859863,0.7841814994812012,0.9745020389556884,0.013809256814420223,0.025359716825187208,0.32293798625469206,0.04955518655478954,0.01174701564013958,0.03700730949640274,0.008061579149216413,0.42780522108078,0.6995505332946778,0.18033814281225205,0.036062208190560344,0.013747422397136689,0.26246120035648346,0.19241568595170974,0.09831781089305877,0.9732149481773377,-5.5947468737424,23.852548625037045,65.94260759821536,105.83199446356716,-15.092464553801886,3.1646785672728983,2.305255375072334,87.65472147510829,-2.4479998811619703,24.29736948287602
954ab5c8cea77d41e7eb617b4af6a085,OCc1ccc[n+]([O-])c1,125.12699999999998,-0.18769999999999998,2.0,1.0,4.0,0.4175027273165487,0.0,47.17,0.009546805676654913,0.20894880965352058,0.2648952931165695,0.0002287189984599536,0.000988479507896045,0.06364903524518013,0.0004412451444068211,0.04512182213366032,0.0014626661240981775,0.07592444084584712,4.278701832429732e-05,0.021472530020400882,0.004035598024165666,0.038622675277292726,0.5001396849751473,0.0593639113008976,0.11618768870830536,0.0014671803279270534,0.0006032582590705715,0.001483957406890113,0.04674476464278996,9.445990615120081e-05,0.07470536679029464,0.007292811165098101,0.04930202132090926,0.00015664891193409858,0.0007833238626517413,0.0012256204725417774,0.0011518168430484366,0.49643921852111816,0.005164892104221508,-4.637681726395852,53.42157790632764,2.5776528879528704,0.24165153083339241,-9.611340217334105,1.973041885244767,-0.34194064063307605,20.151285324132033,0.9406885344350862,3.9288881711622268
15a302259274c10ab83cf9a2e10b324a,NCCCC[C@H](NC(=O)[C@@H]1CCCN1C(=O)[C@@H]1CSSC[C@H](NC(=O)CNC(=O)CNC(=O)CN)C(=O)N[C@@H](Cc2ccc(O)cc2)C(=O)N[C@@H](Cc2ccccc2)C(=O)N[C@@H](CCC(N)=O)C(=O)N[C@@H](CC(N)=O)C(=O)N1)C(=O)NCC(N)=O,1227.3950000000002,-6.980500000000019,19.0,16.0,1.0,0.03244495277112882,8.0,512.8499999999998,0.2884464800357819,0.06283845379948616,0.3285436898469925,0.002288389664317947,0.03445000080391765,0.06367419883608819,0.00873709933948703,0.14098370224237441,0.03559369302820414,0.7959468245506287,0.3281007334589958,0.07521037124097348,0.08289018608629703,0.2404020756483078,0.1027692012488842,0.04136602096259594,0.05948187336325646,0.0028025896404869854,0.004041715804487467,0.2103034511208534,0.25793156325817107,0.013703691773116589,0.09864216297864914,0.15566636472940446,0.18534235954284667,0.05558348260819912,0.027831500582396983,0.011378171551041306,0.08793133944272995,0.15544600337743758,0.2343461185693741,-6.831120607558576,23.021242207484555,40.49083576140956,-0.9317579601372945,-11.794486832868266,2.652826213893839,0.5574131286188753,77.84852732468408,-3.742451358579751,0.7067931630818152
bcbb0b4dddbe676cfa1d12e3cb0766b9,OC(=O)c1nn(Cc2ccc(Cl)cc2Cl)c2ccccc12,321.16300000000007,4.089600000000002,3.0,1.0,4.0,0.7903437394725362,0.0,55.12,0.012033084500581026,0.6065920114517211,0.9412692070007325,0.35858783423900603,0.4683479696512222,0.48552719950675965,0.4485258340835571,0.013639893941581249,0.054484853893518446,0.23713013976812364,0.033063015528023244,0.25017897337675093,0.032948361709713936,0.9696457743644714,0.9998431921005249,0.009516624617390335,0.02570597194135189,0.2191342294216156,0.06128384545445442,0.03283332483842969,0.1546638697385788,0.35549296438694,0.7974117875099183,0.06952839754521847,0.5086791396141053,0.02912760302424431,0.043557784892618655,0.3320351243019104,0.05146639496088028,0.31562347412109376,0.0310535429045558,-4.453891946747339,42.944052303607606,53.38596763677848,9.860785058918577,-9.490645216061537,2.2958959113178024,1.293592183098275,94.09123099747409,-4.043042960843313,-4.615156164224725
2024bec5a575cbb12bf57e282dfee4d1,Fc1cc(Br)ccc1CN1C(=O)c2cccn2[C@@]2(CC(=O)NC2=O)C1=O,420.1940000000002,1.3140999999999998,5.0,1.0,4.0,0.5865740494946674,1.0,88.47999999999999,0.14962839037179948,0.9735685348510742,0.9065083146095276,0.06954328902065754,0.3380752056837082,0.44410380721092224,0.20153135657310486,0.06120613403618336,0.007083335798233748,0.6218630194664001,0.506075119972229,0.12870824262499808,0.30337684154510497,0.9858940601348877,0.9995118737220764,0.009951806766912341,0.03656251467764378,0.04269801340997219,0.09659803956747055,0.00504475124180317,0.039169831573963164,0.026734999381005764,0.8995616436004639,0.2015024960041046,0.3042005062103271,0.01080263527110219,0.03451616801321507,0.036450283601880074,0.10501226782798767,0.3820324331521988,0.1614112712442875,-4.789749001385901,41.24777420287687,32.13956880102852,32.68151265255044,-12.794523364129683,2.962584626485207,1.5404417411111648,91.42735872718802,-4.834036033794346,-4.023150698282942
19cd3c8280fd9cc3ad509513d0007f9f,C[C@@H]1O[C@H](C[C@H](N)[C@@H]1O)O[C@H]1C[C@@](O)(Cc2c(O)c3C(=O)c4ccccc4C(=O)c3c(O)c12)C(C)=O,497.5000000000003,1.020299999999999,10.0,5.0,4.0,0.32834650610487814,6.0,176.60999999999999,0.9679835319519043,0.07311473246663809,0.5876055836677552,0.07731953132897615,0.03863624148070812,0.017427652794867753,0.03999650366604328,0.016809267830103634,0.021421445393934847,0.4296093225479126,0.07434113342314959,0.02570414822548628,0.48680725395679475,0.8213651299476623,0.9544040560722351,0.5279425382614136,0.125934436917305,0.45945926010608673,0.8229002475738525,0.5245197892189026,0.46760703921318053,0.08382501304149628,0.3894965171813965,0.3003258928656578,0.5469961047172547,0.7146613776683808,0.07435462400317192,0.8645894050598144,0.7970127284526825,0.4785869479179382,0.5656134784221649,-6.2253251336234285,29.710630997605687,31.16541604451508,24.692544175193554,-12.48857785917389,3.329395434529591,0.12917494892389803,77.44724804819977,-3.835622393655749,13.129236809772332
cde4ee9d153fa6b46df0514e29201f59,CC(C)CCC[C@@H](C)CCC[C@@H](C)CCC[C@]1(C)CCc2cc(O)cc(C)c2O1,402.6630000000002,8.223420000000008,2.0,1.0,3.0,0.3813468683032614,3.0,29.46,0.07360813599079848,0.7378630876541138,0.7470221161842346,0.09432310275733471,0.013661924144253134,0.3555736243724823,0.022029720805585386,0.6781488537788392,0.18334629088640214,0.8671584725379944,0.12947125872597098,0.47848705053329466,0.029793693870306014,0.05281227268278599,0.9986691832542419,0.0014792852220125497,0.004201768012717366,0.023944611847400665,0.055685120075941084,0.07095684669911861,0.15317194014787675,0.01825039442628622,0.850179135799408,0.956450593471527,0.15388024747371673,0.0009502512053586543,0.2394250214099884,0.41186689734458926,0.02731969887390733,0.7455878257751465,0.9241008043289185,-5.476643006580775,89.33965494474887,97.12135983593032,33.30824444944047,-1.0751841306430603,2.0035367801532105,4.984531778995278,107.61696803453711,-6.907607358952264,8.874634141488064
c2f7cb11e27f860d833ccec6b652d935,CCOC(=O)Nc1ccc(NCc2c(C)cc(C)cc2C)cc1N,327.42800000000005,4.3745600000000024,4.0,3.0,4.0,0.7125488990210131,0.0,76.38,0.6313889503479004,0.9039204835891723,0.9364208221435547,0.9070473074913025,0.9080786943435669,0.27207648754119873,0.47092002630233765,0.32617583870887756,0.35926572382450106,0.7034326076507569,0.8672191619873046,0.540258252620697,0.10470632910728454,0.8459575772285461,0.9999024510383606,0.012258429580833763,0.062154678627848625,0.9417882204055786,0.2658241748809814,0.04419251941144466,0.23881167471408843,0.04041257388889789,0.9437357425689697,0.22890569716691972,0.41297032237052916,0.26048823446035385,0.12354515939950943,0.7870745182037353,0.20379457771778106,0.4862800896167755,0.828606128692627,-4.909861355621713,71.56134471590516,76.72114483198405,5.672306172327438,-8.862893888306884,2.8763176395963086,3.2351352478455153,93.42910156337524,-5.100374058319447,-0.27520607972392497
24389c0c9726820de96a66af6c1000b6,CC(C)n1c(=O)cc(N[C@@H](C)c2ccccc2)[nH]c1=O,273.33600000000007,2.2906,4.0,2.0,4.0,0.8978140982666175,1.0,66.89,0.07755547426640988,0.81898592710495,0.9193856835365295,0.1415569931268692,0.2821996808052063,0.5985177457332611,0.3063060075044632,0.20064151883125306,0.015032608737237751,0.4236042082309723,0.07246352359652519,0.37115752696990967,0.11013692021369934,0.8164851665496826,0.9991333484649658,0.010484085883945227,0.03661202490329742,0.1286785386502743,0.04129809439182282,0.024630211852490903,0.2293521821498871,0.0023282031062990425,0.8076657176017761,0.052563459239900114,0.04185064323246479,0.041553976573050024,0.022548395581543444,0.3325777232646942,0.030547338724136352,0.34689252376556395,0.14986226856708526,-4.56078372834417,40.1436780018784,1.9254133061216714,1.396553743008576,-12.896680239201197,2.3774169136494807,1.6717524902336465,86.29022310889523,-4.149742144463753,2.7592438577877774
acef1edea6f4785084016937b2368f21,Nc1nc(=O)[nH]cc1F,129.09399999999997,-0.5088000000000001,3.0,2.0,4.0,0.4952172017431901,0.0,71.77,0.11445272937417031,0.7568664908409118,0.9451301217079162,0.004332566651282832,0.005417791532818228,0.22367534339427947,0.005549813061952591,0.042099225148558614,0.001586996705736965,0.08329281285405159,0.0011234019621042535,0.18592059314250947,0.22675521075725555,0.9678259015083313,0.9958987832069397,0.00794966546818614,0.03440905883908272,0.03980014994740486,0.0010847998288227244,0.00552947917021811,0.07725298702716828,0.0002137255811248906,0.057798365317285064,0.007301929267123341,0.014080624096095562,0.005225950363092124,0.0035784094128757716,0.0068570286966860294,0.02604803740978241,0.2892285525798798,0.01747493604198098,-5.059196712099473,-14.643991151060728,-12.826099861689556,0.4900241084618749,-14.23665623705167,2.772085761104457,0.17405768272351335,57.74790581658736,-1.0282110523887336,-0.7227040993758997
899f2312ea31970aa8564ae112fe0651,CC(C)N[C@@H]1CCn2c3c(cccc3[nH]c2=O)[C@H]1O,261.325,1.1332999999999995,4.0,3.0,4.0,0.7587986932232659,2.0,70.05,0.177951817214489,0.4794484555721283,0.8069349646568298,0.012985738459974527,0.016073978040367365,0.20152565091848373,0.006422412279061973,0.224810990691185,0.13451905250549318,0.29959226250648496,0.005326211568899453,0.09183761402964592,0.3874905169010162,0.21048379242420195,0.9949246406555176,0.008863636804744602,0.027900881320238113,0.06588760875165463,0.00446623049210757,0.005157298315316439,0.05302448160946369,0.0010170921639655716,0.2503869742155075,0.055233851075172424,0.008323703077621758,0.001262365555157885,0.010622000508010387,0.007548209186643362,0.009444391215220093,0.35254010260105134,0.3566740572452545,-5.205469307350092,-33.68812805071398,-43.48443945026442,5.045073327210914,-16.238633077607943,2.4423108841367664,-0.4579871663664411,37.46495214310438,-1.676804256613042,1.079812378709976
574ffb2f801bb3d14a03f55841a841c8,O[C@H]1CO[C@@H]2[C@@H](CO[C@H]12)O[N+]([O-])=O,191.13899999999998,-1.2781999999999996,6.0,1.0,4.0,0.43155692563569314,4.0,91.06,0.10277432668954134,0.9394128084182739,0.8167683720588684,0.00033411146578146147,0.007847224781289696,0.03307545091956854,0.00026770202384795994,0.022610512375831605,0.0006927444133907557,0.1965394601225853,1.3210540926422709e-05,0.00969660647388082,0.02274290081113577,0.3061890512704849,0.9670621991157532,0.010699905385263265,0.017096199793741107,8.22349634290731e-05,0.0012294308733544312,0.002181379344256129,0.06306801233440637,0.00014749962665518978,0.4517406940460205,0.0017439440300222487,0.02597301611676812,0.0004911365235102493,0.0002855451537470799,0.0006221472178367549,0.006760911730088992,0.5825661897659302,0.020389419348794034,-5.0854515838066785,54.34983464952744,-13.379046712982994,9.857842277065656,-15.155159556349219,2.3821741865165107,-1.2194497341103019,26.885795189390432,-0.365832415532324,-2.149139657440645
c3f344bf9e758c06f6a53549907aff06,OC(=O)c1ccc(CN2CCC(CN[C@@H]3C[C@H]3c3ccccc3)CC2)cc1,364.4890000000001,3.7425000000000033,3.0,2.0,4.0,0.7857639825022791,2.0,52.57,0.1301111176609993,0.8098631381988526,0.8570508599281311,0.00839561726897955,0.03895772099494934,0.10842282921075821,0.010839765705168248,0.4053213894367218,0.9405847191810608,0.2934082090854645,0.012577216885983945,0.050407087057828905,0.5620024025440216,0.0674322009086609,0.9674214482307434,0.0020633331732824445,0.011913682892918586,0.022698994167149066,0.0019056434859521687,0.0046005671378225085,0.0920945592224598,0.0033144536660984158,0.32560996413230897,0.05312403216958046,0.04363387413322926,0.0028551519149914383,0.010610399721190333,0.008253683988004922,0.0012311983969993888,0.5738894641399384,0.7137013912200928,-5.548962742036723,22.187148038199794,-18.002688068649853,-11.977510369690053,-8.440678771739448,3.210541993398688,0.4438460831844173,61.42758086274612,-2.81646877547346,0.3545218201020484
dce5b651014eec8b84082dab78c24a33,OC[C@@H](O)[C@@H](O)[C@H](O)[C@@H](O)C=O,180.156,-3.3788,6.0,5.0,4.0,0.28163781073046734,4.0,118.22,0.1981877066195011,0.3079518437385559,0.286417031288147,0.007109251449583099,0.010509920283220708,0.046856317576020955,0.0012754716502968223,0.042154621612280604,0.0014543035154929384,0.05715044415555894,2.0382472865776435e-05,0.06426556669175625,0.011468241433613002,0.032766970619559285,0.1189533967524767,0.03276284914463758,0.028379655722528697,0.0007476098704501055,0.0006237102148588747,0.020529490150511264,0.11408861875534057,0.00037874761037528517,0.05892208996228874,0.003151505719870329,0.01994818653911352,0.0003336112444230821,0.0003395144362002611,0.010275477104005403,0.005198466684669256,0.3143614649772644,0.01980915031163022,-5.528762216555152,59.79628861430456,13.729029367205237,23.81364663772662,-22.213116836166233,1.014339621980116,-0.6157628113629678,18.344467495846573,0.08664069085502649,-4.002443883169716
410f347691153c47394168355841ef18,OCCONC(=O)c1cc(CN2OCCCC2=O)c(F)c(F)c1Nc1ccc(I)cc1F,565.2860000000001,3.1598000000000015,6.0,3.0,3.0,0.25863604614029134,0.0,100.13,0.8488883137702942,0.5786741971969604,0.7836292386054993,0.020106400735676287,0.0778501957654953,0.05886245667934418,0.06273259706795216,0.019341313745826483,0.017256534285843374,0.630071884393692,0.2707385003566742,0.403298357129097,0.3875552713871002,0.8758249759674073,0.9876752376556397,0.054299861937761304,0.17055694460868837,0.1037405326962471,0.1317269206047058,0.008512735716067255,0.0859433189034462,0.011618494801223279,0.786628806591034,0.24219436049461365,0.3780756711959839,0.024814443197101355,0.010207369271665812,0.185001203417778,0.21542483270168306,0.3243501424789429,0.5693554699420929,-5.451008541727642,42.37760169598365,29.83432968227479,23.334678468412953,-11.564494569714453,2.670953931773851,2.003757612050419,84.72483357724877,-3.845395855720406,13.75792615384861
6d3cae86180003870401f21033555452,Ic1ccc(NC(=N)NC2C3CC4CC(C3)CC2C4)cc1,395.2880000000003,4.052170000000003,1.0,3.0,4.0,0.4020787710064293,0.0,47.910000000000004,0.14485639035701753,0.81648930311203,0.8885279774665833,0.06023292653262615,0.49357802867889405,0.23129980862140656,0.03411393342539668,0.3563520610332489,0.5254805684089661,0.5659729361534118,0.030217874608933926,0.22318649739027024,0.017963504418730736,0.2272447645664215,0.9946221947669983,0.008744262764230371,0.03568467050790787,0.09057600013911724,0.021715267654508354,0.059710019081830976,0.3403472274541855,0.015382331563159823,0.7087548017501831,0.3713394492864609,0.42847517132759094,0.0068676312221214175,0.22446694374084472,0.4135965585708618,0.04200907424092293,0.5848261177539825,0.5165316581726074,-5.434797818825986,13.52840691875719,8.147128433755014,53.9469976425411,-6.346104083397283,2.7559714582145625,2.2680943046905093,90.82619748318841,-3.2755637029906013,22.112436040913387
75b730d7a50486cb27ccf1a458225186,CNC(=O)c1cccc(NC(=O)N2CCC(CC2)Oc2ccccc2Cl)c1,387.86699999999996,3.7749000000000033,3.0,2.0,4.0,0.8383172243572863,0.0,70.67,0.07026599049568176,0.9685806632041931,0.9034863710403442,0.44322585463523867,0.8488038659095765,0.5096967697143555,0.6507445693016052,0.46321494579315187,0.11707772910594941,0.6940885186195374,0.37601418197155,0.19715784043073653,0.19528560489416122,0.8544199466705322,0.9998351216316224,0.003293350280728191,0.02037443555891514,0.3555442959070206,0.05272346325218678,0.002951600356027484,0.14221595525741576,0.012072469014674425,0.9780776381492615,0.3071806445717812,0.3364199697971344,0.01645774897187948,0.03315648585557938,0.1647818461060524,0.028754168562591075,0.20082585215568544,0.7747556090354919,-4.830878535764784,57.95873769074467,13.611049945217754,16.552828033992565,-10.482171281860722,2.234588653654208,3.2782757510837213,96.74324615633039,-4.829809671038658,-11.402621660794084
ff0b18d90300d03cf19e60eec6aaeb7e,C[C@H](N)[C@H](O)c1cccc(O)c1,167.20799999999997,0.7728000000000002,3.0,3.0,4.0,0.6092207315266324,2.0,66.48,0.05999088688986376,0.11699935048818588,0.5866926968097687,0.029162189550697805,0.006894530693534762,0.11550090312957764,0.005732269957661629,0.38326523303985593,0.042383605241775514,0.13085940331220627,0.020302889123558997,0.16615908816456795,0.013388718804344535,0.003096300666220486,0.9988293647766113,0.0031811155495233834,0.015901391208171845,0.020586914964951575,0.0023305723443627357,0.011274097580462694,0.02632904169149697,0.00013031770213274286,0.2870908584445715,0.005348702054470777,0.00674040837911889,0.00017069431232812348,0.002054437642800622,0.004278880450874567,0.0007365604211372556,0.35126703679561616,0.05199993308633566,-5.300427125367338,49.18411371255458,-24.978299860610562,-6.791054425040892,-13.979607304556902,2.300481619831768,-0.1791106747289472,22.53233165420654,-0.7871189701233365,-3.7648233118126293
04ad2f3938dcd1a366be6bdf938b05cb,O=C(N1CCOCC1)c1ccc(cc1)-c1ccc2ncc(-c3ccc(cc3)C#N)n2c1,408.4610000000001,4.012380000000003,5.0,0.0,4.0,0.5135235556762653,0.0,70.63,0.4439969539642334,0.3364583432674408,0.8793129444122314,0.08094429895281792,0.13636575862765313,0.3010470628738403,0.3913736969232559,0.11375532820820808,0.004243348643649369,0.7095217704772949,0.17621480897068978,0.26771631836891174,0.43581982254981994,0.9569270849227905,0.985592532157898,0.052209895104169846,0.04163866862654686,0.3687649637460709,0.3760800719261169,0.0624918632209301,0.08990209922194481,0.06923096552491188,0.872565746307373,0.7998332262039185,0.6526529669761658,0.18100961148738862,0.08687452226877213,0.4396861791610718,0.4344608038663864,0.22941964268684387,0.9041458487510681,-4.816968184380524,38.92000277680035,34.02787433597662,22.20812901107602,-11.676374816052695,2.9732929552300265,2.9516488425809504,84.49638733319132,-4.951085435865499,3.7438675906250283
8938f6aafa8b0e5ba6267cc1cdedb1ec,C(CN1CCCCC1)Oc1cccc(c1)-c1n[nH]c2ccc(cc12)-c1nnc[nH]1,388.47500000000014,3.8797000000000015,5.0,2.0,4.0,0.5237457759056812,0.0,82.72,0.4047607183456421,0.7930868625640869,0.8229546904563904,0.5820469975471496,0.16629546582698823,0.1117586076259613,0.10082028694450855,0.6766896307468414,0.5957867681980134,0.5201625883579254,0.46014770269393923,0.18709655702114106,0.772305178642273,0.596694141626358,0.9932034969329834,0.023560136184096338,0.02142951134592295,0.5013234138488769,0.1007719412446022,0.030099680460989476,0.1452650621533394,0.008519137045368552,0.6537144780158997,0.6582621097564697,0.27909443378448484,0.0776472769677639,0.08145973831415176,0.1328594021499157,0.1288682848215103,0.3175878793001175,0.9033716320991516,-5.626497413682471,8.614955693364795,5.306467992704315,6.933413473686872,-10.798233780367873,2.3534518872354595,2.3721495937702293,88.74683769120497,-3.7301105270258588,3.112879634384809
4c729739313d9acd5b88b066cd307f8e,Cc1nc(C)c(C)nc1C,136.19799999999998,1.7102799999999998,2.0,0.0,4.0,0.5422770005695131,0.0,25.78,0.2373384192585945,0.9798635840415955,0.9958068251609802,0.3280796855688095,0.00209571430386859,0.28517024517059325,4.60732118881424e-05,0.6286001726984978,0.000549521024004207,0.788911783695221,0.0023566620679048357,0.037083422672003506,0.005151067266706377,0.2919679135084152,0.9984344840049744,0.0005267635908239754,0.023464090906782076,0.012375235045328736,0.000923182928818278,0.002521766335121356,0.025571953132748605,1.7093015662794643e-05,0.9781193256378173,0.0019777132372837515,0.007160466862842441,0.0003101548136328347,0.00023000493185918459,0.0001291046411779462,5.8634198434859285e-05,0.8644543886184692,0.09609510991722345,-4.356428946500669,-10.464326884961991,1.7360654751252589,0.17385259272130965,-6.433499833667365,2.143948152571123,0.4161004930393825,12.608103651639599,-0.4785206526083402,-3.1276662958222783
6759d5bf5f79be3641934eae93d47a31,O=C(CN1CCN(Cc2ccc3OCOc3c2)CC1)N1c2ccccc2Sc2ccccc12,459.57100000000014,4.362400000000004,6.0,0.0,4.0,0.5777263893773588,0.0,45.25000000000001,0.12369149625301361,0.9849413275718689,0.5183720409870147,0.5586832463741302,0.9483309149742126,0.4084906816482544,0.8089324831962585,0.5781361222267151,0.9325233936309815,0.8121602535247803,0.9404536366462708,0.23072759956121444,0.545008760690689,0.8282933712005616,0.9993499636650085,0.012446429487317801,0.022123883944004774,0.3387181580066681,0.07275668755173684,0.005500441882759333,0.03494396582245827,0.032298197597265245,0.9390881180763244,0.9520700097084045,0.6534569680690765,0.007347611989825964,0.08085989691317082,0.2913185656070709,0.09349488988518714,0.5154791176319122,0.9829695701599122,-4.708361433496566,71.91286696853379,74.01450935383895,4.507084012352346,-8.040139716463617,2.9907810549449105,3.697112252172917,105.43234462208474,-4.995864527439869,-5.763221572295397
88f89018650dacf78ec5ecc3a90be118,CC(C)c1ccc(cc1)-c1cc(=O)c2ccccc2o1,264.32399999999996,4.583400000000004,2.0,0.0,4.0,0.6776358034375078,0.0,30.21,0.06750517711043358,0.8692673683166504,0.7729050159454346,0.9741986155509949,0.8511475324630737,0.4709096848964691,0.5514270424842834,0.3728318601846695,0.08671056404709816,0.5942859292030335,0.15175653994083405,0.16415282487869262,0.018798561301082373,0.7897305369377137,0.9999518156051636,0.013482129294425249,0.09464839547872543,0.4682027280330658,0.31622464656829835,0.19733624309301376,0.6519419312477112,0.05971161685883999,0.9815812110900879,0.7634960412979126,0.5140821993350982,0.2968150481581688,0.05857797712087631,0.6133380770683289,0.03638940490782261,0.41836089491844175,0.5919628381729126,-4.507930520283135,77.69340306894567,56.69482500782533,49.1358273839366,-6.80808637868153,2.729542421474835,4.082621645237594,101.24188464579882,-5.791488309021769,2.6505767596146397
664d04c155ffd81eee16d10179e7dae6,NC(=NNc1ccccc1)c1ccccc1,211.268,2.4190000000000005,2.0,2.0,4.0,0.4651099447357674,0.0,50.41,0.33233870267868043,0.9320274829864502,0.9513378620147706,0.919452452659607,0.3688401460647583,0.2505278617143631,0.20352110713720323,0.39072354435920714,0.16804623007774352,0.2464456170797348,0.10633817613124848,0.4750647276639938,0.026846381183713675,0.588079184293747,0.9998964428901672,0.0038509460049681366,0.022894458286464213,0.6550851047039032,0.13269169628620148,0.03298225849866867,0.3777307838201523,0.029372845217585562,0.9193285465240478,0.08104100301861764,0.4902671992778778,0.10175753831863403,0.038680531084537506,0.7134832799434662,0.033560830540955065,0.853360903263092,0.6237413048744201,-5.084947614889403,23.105024766057262,-1.6445318409118521,0.5792318531603314,-8.183105130131201,2.9806511597082235,1.24188864916226,67.07298675136948,-2.0255275433040856,5.100025053619536
b8f19edd7b87e6f8b4898a6f5f31185b,COc1cc(NC(=O)c2ccc(o2)-c2ccc(Cl)cc2)cc(OC)c1,357.7930000000001,4.869500000000004,4.0,1.0,4.0,0.7072841421335032,0.0,60.7,0.33935006856918337,0.776071310043335,0.9606285691261292,0.9874089360237122,0.9570472359657287,0.3624544084072113,0.7377219080924988,0.2811172276735306,0.24553906321525573,0.6908212780952454,0.7712097048759461,0.22739576697349548,0.014291711803525686,0.9677099585533142,0.9999802589416504,0.005998798832297325,0.038520478457212445,0.8120571732521057,0.3970026969909668,0.01860653180629015,0.39722234606742857,0.039406605437397955,0.9817532896995544,0.6106740474700928,0.7816697955131531,0.17610424160957336,0.1253493994474411,0.7936987161636353,0.12948243468999862,0.27479995489120485,0.7913556575775147,-4.611229027307033,89.01511793175749,49.015441945879125,121.22543900488924,-10.245334416801352,2.5304414344356623,4.3753401232331495,106.00333429168475,-6.61339615635512,4.6517399330394795
65f0b503d8e59dd7fc910cb5464ea63f,CC(=O)[C@H]1CC[C@H]2[C@@H]3CC[C@@H]4C[C@H](O)CC[C@]4(C)[C@H]3CC[C@]12C,318.5010000000001,4.595200000000005,2.0,1.0,4.0,0.7672110598231308,8.0,37.3,0.018829768151044847,0.520499175786972,0.8487899303436279,0.04804146401584149,0.12903855964541436,0.3370959937572479,0.08635685667395591,0.3481986105442047,0.002813069033436477,0.7324316024780273,0.005551100120646879,0.01936105455388315,0.007761351088993252,0.07338859662413597,0.9987188220024109,0.41676576137542726,0.5464115917682648,0.008050820487551392,0.05276699718087911,0.559565007686615,0.7858651280403137,0.006775766122154891,0.989312744140625,0.504444369673729,0.30648430734872817,0.0023637511010747405,0.023808215744793415,0.1941070482134819,0.03496161457151174,0.34829446077346804,0.47782500386238097,-4.537669618807059,92.78731595318948,3.2929431171775496,7.853646134572848,-5.2469448040999636,2.20719334468888,3.5183713125177674,83.9429912039631,-4.53043454926067,-0.29496582092720985
3b0b68e7a56758818135b6d5320280e1,OC(=O)\C=C\c1ccc(O)c(O)c1,180.159,1.1956,3.0,3.0,4.0,0.47162133314166776,0.0,77.76,0.12836725860834122,0.38882327675819395,0.5378217101097107,0.027757917530834675,0.027454473823308945,0.27260778546333314,0.0640659362077713,0.031136179342865944,0.021464829333126545,0.1221672210842371,0.009850500896573067,0.05954018756747246,0.0621148457750678,0.7267674446105957,0.9837000489234924,0.022839696356095375,0.1659408938139677,0.048318314179778096,0.0011475999956019223,0.12515998557209967,0.13564397618174553,0.03271472938358784,0.08495890162885189,0.010528300632722675,0.4635780036449432,0.0343829944729805,0.031635822355747224,0.030482817627489566,0.01717505808919668,0.7152691304683685,0.017543979454785585,-5.723922079388926,18.672899365949586,-8.31595254232665,0.8365642126841525,-12.566404951087533,1.850251178913099,-0.49923497402860323,83.08185728557771,-1.6401988957946387,7.499955671268926
004a9318c0436053ef1afcb3e25c313e,OC[C@H]1O[C@H](C[C@@H]1O)n1cc(I)c(=O)[nH]c1=O,354.1,-1.2181,6.0,3.0,4.0,0.578029884636738,3.0,104.54999999999998,0.6281624555587768,0.37593342661857604,0.805701756477356,0.007033099804539233,0.004220102296676487,0.13583261296153068,0.0028777214465662837,0.024097933387383818,0.000501128822361352,0.10083142295479774,0.00019209565471101087,0.09383432865142823,0.22001394629478455,0.9285850882530212,0.871924638748169,0.01873874422162771,0.015867042541503906,0.010687285754829644,0.015891986712813378,0.036424295231699946,0.16161743700504302,0.01456539502250962,0.056347507238388064,0.003128614940214902,0.0780798014253378,0.02021481217816472,0.016913703363388776,0.02259192350320518,0.4496572777628899,0.5601467847824096,0.03447734080255031,-5.350278299813396,37.59723786678052,-31.429217130841085,-9.998124730216958,-22.081535698621764,2.045992312389921,-1.3715454425296714,43.799928923806604,-1.7412740291737598,-0.8197692552232165
6a98d907bb0833f92e16ab9b19f3daa0,Nc1ncnc2n(cc(C#N)c12)[C@@H]1O[C@H](CO)[C@@H](O)[C@H]1O,291.267,-1.5033200000000004,9.0,4.0,4.0,0.5214604034185154,4.0,150.44,0.565776315331459,0.5273979365825653,0.6894893527030945,0.005317804124206305,0.005060839047655463,0.08943710094317794,0.004677235812414438,0.017943410435691476,0.0009381320618558675,0.12887974679470063,0.004166843742132187,0.057250904850661755,0.35596460700035093,0.9601866006851196,0.9634314775466919,0.0474858982488513,0.03573332130908966,0.21753709465265275,0.3037559807300568,0.038600001484155655,0.0934140607714653,0.0064305736450478435,0.14860594272613525,0.007473931415006518,0.1673580016940832,0.025295312330126763,0.004378151788841933,0.012806364800781012,0.5111205875873566,0.2660656303167343,0.29039488434791566,-5.808728201035895,-4.160487550611201,-13.470173931962858,27.072786943597585,-20.687073747062605,2.644774380049782,-0.4277900664600864,47.568317514183825,-2.2929426855843635,-0.30815319296734156
8ba59f22e0ed0673595b64485ac45351,CCCCCCCCCC(=O)N[C@@H]1[C@@H](O)[C@H](O)[C@@H](CO)O[C@H]1Oc1c2Oc3ccc(C[C@H]4NC(=O)[C@@H](N)c5ccc(O)c(Oc6cc(O)cc(c6)[C@H](NC4=O)C(=O)N[C@@H]4c(c2)cc1Oc1ccc(cc1Cl)[C@@H](O[C@@H]1O[C@H](CO)[C@@H](O)[C@H](O)[C@H]1NC(C)=O)[C@@H]1NC(=O)[C@H](NC4=O)c2ccc(O)c(c2)-c2c(O[C@H]4O[C@H](CO)[C@@H](O)[C@H](O)[C@@H]4O)cc(O)cc2[C@@H](NC1=O)C(O)=O)c5)cc3Cl,1879.680000000001,1.1636000000000108,33.0,24.0,1.0,0.04761806936070097,23.0,662.4100000000002,0.547367399930954,0.044915328361094,0.46199358701705934,0.02347435369156301,0.016428441181778906,0.027964949421584607,0.013292396708857268,0.01634638858959079,0.03552052841987461,0.4498418033123016,0.04572294801473618,0.04453693553805351,0.28825499415397643,0.7708841323852539,0.10272908522747456,0.06209484674036503,0.24794041216373444,0.05268932804465294,0.09844716563820839,0.13667007759213448,0.18253456205129623,0.0841835118830204,0.030885547026991846,0.18452365025877954,0.286053729057312,0.23851360082626344,0.02400492923334241,0.057173633575439455,0.2532366931438446,0.19184957295656205,0.5054154336452484,-7.116809836329246,-20.137015285198864,18.523508145210307,97.47023111432563,-14.150719323997913,2.6110224242733024,0.32146361880933216,94.60998360021146,-3.521409581208084,0.3221478843396259
468be9f98b161c5387d7facbb1c5c137,COCCNC(=O)Cn1cnc(n1)[N+]([O-])=O,229.196,-1.0510999999999995,7.0,1.0,4.0,0.3780581594060051,0.0,112.18,0.9735126733779907,0.9776895403861999,0.9204519748687744,0.005992206605151295,0.026366391312330963,0.0463051550090313,0.006502015935257077,0.03034679461270571,0.00029182010639488,0.35892121195793153,0.00032093986246763964,0.24466179311275482,0.060205021128058436,0.7699411541223526,0.9987481236457825,0.0022332393389660867,0.000520349330327008,0.002938284468837082,0.001101868145633489,0.006579193333163857,0.018965480802580714,0.0016066239855717867,0.6059507936239242,0.006325002709490946,0.1103188969194889,0.002963183360407129,0.007880944572389127,0.0005906160600716248,0.028901072964072228,0.9143380761146546,0.009502068534493447,-4.723544556811346,60.49012812112901,30.34098955491014,-15.616814419599114,-12.656257243514727,2.0968656681554965,-0.935219458261825,47.51438568952018,-1.3463378793545182,-1.6155173434911418
5399423c621781f16fddfe581c029e27,CCS(=O)(=O)c1ncc(Cl)c(n1)C(=O)Oc1cccc(C)c1,340.78800000000007,2.451220000000001,6.0,0.0,4.0,0.48247804758371204,0.0,86.22000000000001,0.07844097781926393,0.8305097460746765,0.8710558295249939,0.8916728973388672,0.9321431398391724,0.41975964307785035,0.5855624973773956,0.061110477149486545,0.011355179047677666,0.8405896782875061,0.39942361116409303,0.1478531002998352,0.014840386994183063,0.968527102470398,0.9999689579010009,0.004249851655913517,0.005830900673754513,0.177160132676363,0.13746579438447953,0.044172494858503344,0.06413744166493415,0.03252329286187887,0.994762909412384,0.08839652240276337,0.30710637867450713,0.012741947872564196,0.03215664019808173,0.048827170953154565,0.015627859579399227,0.3584091871976852,0.05921062203124165,-4.458425300624901,103.13951740987004,100.85184235688908,-7.288610138370681,-7.6849982508020975,2.283576281838466,2.5732399739262255,93.73893923231812,-4.460704586109959,5.249287744252869
71b782707fc2dd268e01e5cae459a0f6,CCCn1c2ccccc2nc(CCCOC(=O)NC)c1=O,303.36199999999997,2.0950999999999995,5.0,1.0,4.0,0.8293854437271212,0.0,73.22,0.5046890795230865,0.9910646677017212,0.8279777765274048,0.9534323692321778,0.8234490871429443,0.3971086978912354,0.39427890777587893,0.35240893065929413,0.05949070230126381,0.8041332483291626,0.43976775407791135,0.1197298714891076,0.14827605485916137,0.7540329098701477,0.9999868154525757,0.00534146826248616,0.009147916967049242,0.2569784283638,0.1173297107219696,0.011411968618631363,0.112966650724411,0.02531542954966426,0.9933159708976745,0.2789934277534485,0.19197966605424882,0.039059021323919293,0.052390508353710175,0.026763598807156085,0.043078457936644554,0.5231078803539276,0.6549157857894897,-4.488619716754019,122.67663629508407,77.82429549491675,-6.335299983878756,-11.468848203536465,2.7846352996650525,1.8283073726363814,81.01067623620439,-2.5830711661729553,-3.851032102228184
e344305cef1424a35dffcf860b97a307,CC(=O)NCCCCCCNC(C)=O,200.28199999999998,0.819,2.0,2.0,4.0,0.5976757373489664,0.0,58.2,0.15509825423359871,0.952429735660553,0.6628156960010528,0.05594768207520247,0.057872114703059196,0.07932311296463013,0.0038962255930528045,0.42151259183883666,0.011672772420570254,0.37971222400665283,0.0013671770459041,0.3158192247152328,0.021164074447005986,0.0739290438592434,0.8406092166900635,0.008711004629731178,0.011766437720507384,0.004202960920520127,0.0011446935415733606,0.015395779674872757,0.2790942996740341,0.0010023914321209304,0.6788582563400268,0.006244520004838705,0.03606309667229653,0.002291218191385269,0.006803731760010123,0.0007417704939143733,0.00351741851773113,0.834592854976654,0.18600450977683067,-4.66683975351018,38.11388527687356,5.34469773843813,-13.533065132153606,-10.80818201402811,1.2280310701561397,0.2319481179464394,33.193757170974855,-1.0575289422496705,-4.679364986607171
a9c5da19c8614cde45e01394be1dd996,CN(CCN1CCCC1)CCc1ccc(Cl)c(Cl)c1,301.26099999999997,3.563500000000002,2.0,0.0,4.0,0.7924354288963602,0.0,6.48,0.23386950343847274,0.98802570104599,0.9266756296157836,0.336685873568058,0.2895744562149048,0.13102434948086739,0.004310574592091143,0.646027934551239,0.8754336118698121,0.2998237609863281,0.03055702834390104,0.10485041067004204,0.5290137708187104,0.050679801404476164,0.9991901993751526,0.0023341341759078203,0.012566939741373063,0.01024674386717379,0.007612191699445247,0.002305509685538709,0.03495245315134525,0.0007136582396924495,0.9487381696701049,0.07728525251150131,0.21761732101440429,0.0011638482799753546,0.002989553811494261,0.0031678436673246322,0.0023291397374123335,0.9760232329368591,0.9125420451164246,-4.437111576534176,53.92461710771538,-20.97246396587671,49.78890768149031,-6.416647797704213,3.022003427644414,1.847188352534901,54.828000328256564,-3.269714028370127,28.882611899566438
9c759ab17e62c1bd80717e94dbde92c0,NC(=O)C(c1ccccc1)(c1ccc(F)cc1)c1ccc(F)cc1,323.342,3.784500000000002,1.0,1.0,4.0,0.7295429449882054,0.0,43.09,0.21656363867223263,0.9105839848518371,0.9588282823562622,0.027626982890069485,0.3774250358343124,0.3907047867774963,0.23438673056662082,0.02719152607023716,0.05130927786231041,0.6818333446979523,0.24426421374082566,0.7236889719963073,0.05902488091960549,0.3969246581196785,0.9992173552513123,0.006137215928174555,0.010187460668385028,0.024748857598751783,0.13047430664300919,0.12290288507938385,0.24100030362606048,0.004234461905434727,0.8776118874549865,0.05076009519398213,0.08451630026102067,0.0022683550836518408,0.008293274231255055,0.6217938154935837,0.15036065094172954,0.3584758430719376,0.5472220957279206,-4.744254562744635,35.32674196246474,12.879135442856088,2.3365721247820295,-7.540427104842311,2.869877589827128,2.6176232580301324,85.42011306554818,-5.307445283656792,8.848545079125241
c026da6ccb85c2db6323aef25ff6082e,Cn1cnc2c(NCc3ccccc3)nc(NCCO)nc12,298.35,1.3795999999999995,7.0,3.0,4.0,0.6370330930554226,0.0,87.89,0.5184569895267487,0.8335208535194397,0.8789681434631348,0.9384632587432862,0.24709560871124267,0.10990382209420205,0.0996207796037197,0.18858153522014617,0.286085931956768,0.3133426487445831,0.26282808780670164,0.15469712615013123,0.08261417560279369,0.8511545538902283,0.9999464511871338,0.024648917093873023,0.018770499946549536,0.7800787568092347,0.15249468088150026,0.010199778247624636,0.13894518315792084,0.010326262284070253,0.8856070160865783,0.23243846595287324,0.5202771842479705,0.1935635969042778,0.05465591661632061,0.3986609548330307,0.1887069508433342,0.5180507302284241,0.7138372898101807,-5.372554306999298,40.83027511337998,41.49580658567806,43.722319052315505,-13.278634279229706,2.1240589760961965,2.3305124497089516,77.09478627772819,-2.4517309576779485,8.349346031138158
aa858b0d9bf3c7db4b42f6887aa55143,C[C@]12CC[C@H]3[C@@H](CC[C@@H]4C[C@@H](O)CC[C@]34C)[C@@]1(O)CC[C@]2(O)c1ccoc1,374.52100000000013,3.985700000000003,4.0,3.0,4.0,0.6949199320665317,8.0,73.83,0.021524509694427253,0.0981504961848259,0.7373611211776734,0.058566886372864245,0.14973035156726838,0.13795388638973236,0.16140981689095496,0.1330806161276996,0.005204957257956266,0.6962227106094361,0.07419608868658542,0.022961822265642695,0.026436992362141608,0.05522843450307846,0.9982473850250244,0.7339657783508301,0.7962344527244568,0.006126342408242636,0.2465101361274719,0.7101556777954101,0.9056881070137024,0.022838097251951694,0.9404741644859314,0.23420717045664788,0.30783196464180945,0.016724046692252158,0.06089204028248787,0.2976760670542717,0.1457822687923908,0.17990837581455707,0.453386652469635,-4.79751362379376,46.3402187507279,-8.960772819576274,60.193089034199396,-7.84735468193932,3.6474501500002274,2.822427110295049,84.7055157565434,-4.455078121264018,1.6162899024424469
fa6a9c3e309e426220882bfa1a0760d7,CN1CCC(CC1)C(=O)N1c2ccccc2NC(=O)c2cccnc12,336.3950000000001,2.6538000000000004,4.0,1.0,4.0,0.8693826385209882,0.0,65.54,0.17086091488599778,0.9827990293502807,0.7974994659423829,0.012032511085271836,0.02227998021990061,0.19628916382789613,0.011850214190781116,0.2576036125421524,0.06611044928431511,0.6675442218780517,0.009290806110948324,0.10565125718712806,0.6751258194446563,0.47652568817138674,0.9955803871154785,0.03152847848832607,0.07557931393384934,0.04592226017266512,0.01419577281922102,0.004127055103890598,0.06853322833776473,0.0009494960511801764,0.8187406659126282,0.0875840164721012,0.08086297549307346,0.007408485654741526,0.0025104267057031392,0.006676869606599212,0.011906218994408847,0.19470304250717163,0.7431986927986145,-4.776567103021881,9.182183571251986,-22.003801351555847,26.072624862315802,-12.556878719271364,2.633671020263602,-0.13325818618238133,48.04752997104739,-2.9696378201481073,4.319663029124093
9def6b72620428c1b9b811c2a1b4c7b0,CCN(Cc1ccc(Cl)nc1)C(\NC)=C\[N+]([O-])=O,270.72,1.8518999999999999,5.0,1.0,4.0,0.4852213984326295,0.0,71.30000000000001,0.4811104297637939,0.843641173839569,0.9105477571487427,0.10930646806955338,0.5082803040742874,0.155291947722435,0.03291619103401899,0.04245672635734081,0.02371849715709686,0.40510265827178954,0.1272453986108303,0.2604927122592926,0.10454291626811027,0.6420832812786103,0.9997678875923157,0.0027629947115201505,0.0009959352435544133,0.009874357213266193,0.010410287696868182,0.011902726627886296,0.03847591355443001,0.001792677486082539,0.9469537854194641,0.007423866476165131,0.2001754641532898,0.0036749981809407473,0.0482527706772089,0.017599607398733497,0.005081783188506961,0.9041619300842285,0.02556131947785616,-4.764139802143428,47.17114062312699,38.937555604824404,-1.355562932277375,-9.972551442668877,2.4218373488061387,0.6495746127340024,54.43134664404803,-1.4406134543556912,5.939951799324727
916026a898bd9d2a712c85564de99c6d,CCN(CC)C(=O)c1ccc(cc1)[C@@H](N1C[C@@H](C)N(CC=C)C[C@@H]1C)c1cccc(OC)c1,449.6390000000003,4.847200000000005,4.0,0.0,4.0,0.5130707847025034,3.0,36.02000000000001,0.2264658987522125,0.8168184041976929,0.6942759871482849,0.02802816447801888,0.1666592612862587,0.28549368381500245,0.21056692898273469,0.5794047772884369,0.6800899088382721,0.8638218879699707,0.913133704662323,0.216527309268713,0.6069435238838196,0.2463181734085083,0.9972374320030213,0.004698206624016166,0.007912937505170702,0.03027167348191142,0.030299313366413116,0.009993018070235848,0.04302987009286881,0.0030978323717135935,0.9772884964942932,0.928300404548645,0.3764593511819839,0.0013982542790472508,0.0414560679346323,0.07587847411632538,0.008869628654792905,0.5288386523723603,0.9754139661788941,-4.896604282141837,43.509347509401856,67.52750790394015,-4.68603422352135,-6.117920973085749,2.648115454650869,3.019097292423136,87.07962566289775,-4.429357095038915,4.907286604533889
cfb5b826867403dd2983bcc693df12f3,Nc1ccc(cc1)-c1cccc2c1oc(cc2=O)N1CCOCC1,322.36400000000015,2.878800000000002,5.0,1.0,4.0,0.7348105851072667,0.0,68.7,0.793842351436615,0.9433248400688171,0.9228705167770386,0.9245988726615906,0.6833761036396027,0.2280216820538044,0.34826923310756686,0.213724784553051,0.09577751271426678,0.4857752561569214,0.6943253219127655,0.11955754980444908,0.1670615404844284,0.9528719425201416,0.9999080061912536,0.06645294129848481,0.15562532544136048,0.8882060050964355,0.6692054986953735,0.09779207855463028,0.3259804517030716,0.09372387900948524,0.9432292580604553,0.5175258398056031,0.7178092002868652,0.5492741703987122,0.04939271584153175,0.5129242300987243,0.30135224759578705,0.5534327507019043,0.8007501006126404,-4.642484506437307,55.43833993419378,0.9900830515450366,2.3196131981697485,-11.43918010377835,2.9015683147652545,2.5597037943402112,85.50281352696393,-4.245947544836324,-4.572487066709113
f6efcd8f65ddd6b54d1879848f59b614,NS(=O)(=O)NCCNc1nonc1C(NO)=Nc1ccc(F)c(Br)c1,438.2390000000001,0.23330000000000084,8.0,5.0,4.0,0.17725208995597283,0.0,167.76,0.9301868319511414,0.8293774366378784,0.9210510611534118,0.5682874083518982,0.4645535469055176,0.2278672158718109,0.3076301544904709,0.2594974607229233,0.33369926512241366,0.5242009580135345,0.7492457151412963,0.704404354095459,0.7821506142616272,0.9241163730621338,0.9981613636016846,0.02284758388996124,0.005600862321443856,0.20948324203491211,0.11800231337547303,0.04663990214467049,0.05020756721496582,0.03579035345464945,0.6365077257156372,0.26405384242534635,0.5300593554973603,0.06430063396692276,0.04672593548893929,0.21806092113256453,0.25638967752456665,0.6800563335418701,0.6950788378715516,-6.456851246780738,37.80734886179946,5.441908042512155,25.38026719318438,-12.626191224292764,2.262569763561422,0.8447434094574187,68.05267135521551,-1.4952635196290267,8.185975931279827
1e8aa06947164b89d8aea5cb3b150ff6,CC(C)Nc1cc(-c2c[nH]c(c2)C(=O)N[C@H](CO)c2cccc(Cl)c2)c(Cl)cn1,433.3390000000001,4.667200000000004,4.0,4.0,4.0,0.436155300094551,1.0,90.04,0.22868343889713288,0.4078486770391464,0.9081912279129029,0.63442302942276,0.7337770104408264,0.4656032085418701,0.702869427204132,0.29521129429340365,0.23915952146053315,0.6636658430099487,0.6540108323097229,0.5524318635463714,0.43657965064048765,0.8433547496795655,0.9993387460708618,0.012409589905291795,0.018524405732750892,0.5680857300758362,0.18405652940273284,0.006814795779064298,0.05947344303131104,0.02765638316050172,0.9039381980895996,0.5019364178180694,0.23581119179725646,0.018039355427026747,0.07315832898020744,0.6972448468208313,0.11799580454826356,0.17081362307071685,0.8066441178321838,-5.219589178739998,24.41901357088542,38.19342012903768,130.72387218123993,-13.702527661542899,2.6602584224300925,3.9428660695435935,106.55444452734369,-5.163936635591177,44.252245729689946
d9a922c56b0bc3fcc0c9c5fadb8a48f5,COc1ccc2n(C(=O)c3cccc(Cl)c3Cl)c(C)c(CCN3CCOCC3)c2c1,447.36200000000036,4.828320000000005,5.0,0.0,4.0,0.5623193298366972,0.0,43.7,0.46276346445083616,0.9399355769157409,0.9061715126037597,0.3293071001768112,0.5436468780040741,0.3345894694328308,0.40563192367553713,0.44612705111503603,0.23099296391010285,0.8687597751617432,0.9400783777236938,0.2187288671731949,0.7501915574073792,0.8190291404724122,0.9996045470237732,0.02787583936005831,0.02565019391477108,0.3462203174829483,0.14927407801151277,0.03304997719824314,0.06291595250368118,0.029462683573365213,0.9731762886047364,0.9439632415771484,0.4960747122764587,0.023230178095400334,0.07686216905713081,0.11523983776569366,0.10737646147608756,0.3050198554992676,0.9127230644226074,-4.466036544758711,45.55728398572147,53.293020750073595,66.84323157867291,-8.728666391127405,3.190172436327257,3.5473550487268013,95.0798228097744,-4.8494608586616454,4.793634943675374
e4db7f2cbe00c3cd46296eb4c049df8f,CC(C)[C@@H](C)\C=C\[C@@H](C)[C@H]1CC[C@H]2\C(CCC[C@]12C)=C\C=C1\C[C@@H](O)CCC1=C,396.65900000000016,7.641000000000009,1.0,1.0,3.0,0.47327903438224067,6.0,20.23,0.14910385012626648,0.7925459265708923,0.7051822662353515,0.005914128804579377,0.09674796238541603,0.12919890582561494,0.05434462856501341,0.13151716738939284,0.0584267943049781,0.8028813600540161,0.17981724292039872,0.27147136926651,0.061297431215643884,0.20349021404981613,0.9992950439453125,0.008519442565739156,0.017909672856330872,0.01562826968729496,0.06679493337869644,0.04288695864379406,0.1255402758717537,0.022936057299375534,0.9467785477638244,0.9227745771408081,0.8092607140541077,0.00519589246250689,0.6245938301086426,0.49208993911743165,0.032594277523458004,0.6931093156337738,0.5673627197742462,-5.031589759409485,62.480434338434314,58.839735336216265,0.9270257848197112,-3.165558820238544,3.9241843345774905,4.507580950766173,104.08808812491993,-6.2418650854243225,7.533827291294491
828d28526c4ecd3683dc73e0b284273f,Cc1c(Cl)cccc1Nc1ncccc1C(O)=O,262.696,3.4852200000000018,3.0,2.0,4.0,0.8888595646434047,0.0,62.220000000000006,0.10552885830402374,0.2736882776021957,0.9817888259887695,0.20427509099245073,0.14632296860218047,0.36858477890491487,0.1706862047314644,0.03255644403398037,0.08772932291030884,0.14330693185329438,0.033883226476609705,0.3289602532982826,0.09304946660995483,0.9704698204994202,0.9997190356254577,0.0160641148686409,0.06082763224840164,0.7092369019985199,0.033987381123006345,0.04572891928255558,0.22280521988868712,0.09816624149680138,0.5455583155155181,0.004319411597680301,0.4093148440122604,0.16967093870043753,0.08718880787491798,0.42721287310123446,0.1417495783418417,0.20972042679786682,0.018486423464491964,-4.586831046430007,65.87739953792531,34.06666415556321,18.55151824845227,-10.78738485300024,2.556085768451993,1.3184116654812763,89.08549233228662,-4.268173714716485,8.435398137281172
1a426c40451baf73e5bdddbd135355dc,COC1(C[S@@](=O)c2ccccc2)CCN(CCc2c[nH]c3ccc(F)cc23)CC1,414.54600000000016,4.138300000000004,3.0,1.0,4.0,0.6320825569280946,1.0,45.33,0.33080427050590516,0.985781455039978,0.7859622955322265,0.22596555799245835,0.22511663883924485,0.11480664983391761,0.15143488198518754,0.6727296113967896,0.9098316311836243,0.7739549040794372,0.816244614124298,0.0733135137706995,0.839741337299347,0.17023226618766785,0.9998216390609741,0.007902723364531994,0.011918825283646583,0.3710127115249634,0.08091616928577423,0.019249880593270062,0.06430563926696778,0.004007829038891941,0.9443812012672425,0.8786404967308045,0.21960535794496536,0.013384150993078946,0.04208282716572285,0.05587557181715965,0.03180774133652449,0.4029402077198029,0.987450897693634,-4.980472184378078,59.94739218128804,27.580762189556918,1.6285598921171924,-10.421671275407567,3.374269412568851,3.1703177348113885,91.21832992016695,-3.637611697154938,5.828660912792604
089e4cfafe0cac23c9766bf427dc24c7,CCn1cnc(C(=O)NC)c1C(=O)NC,210.237,-0.37780000000000014,4.0,2.0,4.0,0.7138112141676479,0.0,76.02,0.28554028570652007,0.881510317325592,0.9122122287750244,0.07322539743036031,0.006354006602487061,0.14808442518115045,0.002741322814836167,0.054700999334454534,0.0020841488149017096,0.2946145415306091,0.0011171300342539326,0.12350066304206848,0.024550170823931693,0.4743239551782608,0.999226200580597,0.001996593119110912,0.004595075501129031,0.010514669702388346,0.0026620156364515423,0.0012380819855025039,0.020755689451470972,0.00015985559602995635,0.8017433047294616,0.008887425437569619,0.010696277301758528,0.0008807672624243423,0.0046824141638353465,0.0007235522847622633,0.0013363022648263724,0.689754170179367,0.04279911331832409,-4.696105142493093,37.46998669690149,34.18020580696761,-6.135512567793982,-15.144478572853703,2.4759802368867128,0.46966377872077514,38.79399846291452,-0.8361498660274563,0.5558329857387493
dcd9597b33ebab3ad152da9a8ef0998c,Nc1nc(=O)c2ncn(COCCO)c2[nH]1,225.20799999999997,-1.3318000000000003,7.0,3.0,4.0,0.554385971786765,0.0,119.05000000000001,0.3244535207748413,0.7200319647789002,0.5763778984546661,0.0033402406595996583,0.00048788212839099285,0.049339923169463874,0.0015058936671266566,0.02106559192761779,0.0005474289668200072,0.052354715019464496,0.00020682529907389835,0.17034827824681997,0.1667651042342186,0.9000297069549561,0.9677677392959595,0.011786193354055285,0.009941057674586773,0.02207652647048235,0.0033143084147013724,0.002762894344050437,0.0261379923671484,0.0003853260393952951,0.02475605783984065,0.0060828713234513995,0.030817363038659097,0.005365523975342512,0.004145459446590394,0.002593864616937935,0.06208348087966442,0.35345420241355896,0.0857403501868248,-5.979245825098334,24.45455530027372,-22.64498446945796,-16.573894622725057,-19.825048193503044,1.9345234238980702,-0.9610444614171223,37.996543295829035,-1.9376340455144105,4.058904421753183
3543d316fa54695b923c7d804804e626,CCCCCCCCCCCCCCCCCC(=O)NCCCCOn1c(CCCC)nc2c(N)nc3ccccc3c12,593.9010000000003,9.095800000000006,6.0,2.0,2.0,0.0955446379351377,0.0,95.06,0.3357654243707657,0.8295649528503418,0.5607706397771836,0.06259371740743518,0.6429967403411865,0.09574247635900975,0.4214288413524628,0.11232672557234764,0.5187663972377777,0.8445555925369262,0.6586020886898041,0.3007479101419449,0.2398501917719841,0.5436466455459594,0.9985183119773865,0.009164135437458754,0.02079609651118517,0.3354157119989395,0.5032552689313888,0.01284190621227026,0.04975024610757828,0.023989673145115374,0.8961734533309936,0.9972030043601989,0.782922911643982,0.01871798592619598,0.08583868592977524,0.21176000088453292,0.1128009483218193,0.5354821741580963,0.9812382578849792,-5.802738686289874,89.02400988704743,120.21484626508968,107.31665136313582,-7.681541897753907,3.3805244014644784,3.9203500826196716,98.65981248996292,-4.675388214017016,29.61539236170783
2ef8532563b2919ae50f7f5ffa342f4a,CCCCC\C=C/C\C=C/CCCCCCCC(=O)NCCCC(O)=O,365.55800000000005,5.780900000000004,2.0,2.0,3.0,0.23886019574105344,0.0,66.4,0.3264788091182709,0.836814570426941,0.5921505868434906,0.33320312201976776,0.33032547533512113,0.16832880452275276,0.25028365254402163,0.14835423231124878,0.146116004884243,0.516410905122757,0.47797107696533203,0.443453711271286,0.2016743144951761,0.21288366466760636,0.9595654249191284,0.012512268032878637,0.021320787724107504,0.028381055034697057,0.045940563827753064,0.0851816538721323,0.12888004183769225,0.38307097256183625,0.6592352747917175,0.5187548190355301,0.6322542190551758,0.009664710843935609,0.44540744423866274,0.07269663736224174,0.07616160549223423,0.8793675541877747,0.3577951222658157,-5.489739691763544,71.02875424390426,40.67143323318875,4.114668696915511,-6.2199728330192485,1.7617453508517364,2.350079528384417,104.80006668528901,-4.847863597750938,-4.269645454837461
e13f6f5318d3b5bd00a9cabc51f03c77,CN1C[C@@H](c2cccc(c2)S(=O)(=O)NCCOCCOCCNC(=O)NCCCCNC(=O)NCCOCCOCCNS(=O)(=O)c2cccc(c2)[C@@H]2CN(C)Cc3c(Cl)cc(Cl)cc23)c2cc(Cl)cc(Cl)c2C1,1145.0699999999997,6.156600000000009,12.0,6.0,0.0,0.03374988986499664,2.0,217.99999999999997,0.2177908390760422,0.5225045323371887,0.6041277885437012,0.16787087991833688,0.7860323548316955,0.24342678040266036,0.5541732490062714,0.22876280397176743,0.6204737424850464,0.8949863314628601,0.9558510541915893,0.3405821055173874,0.23373358845710754,0.769280982017517,0.9718257784843445,0.00947309541516006,0.02330254539847374,0.034260178171098235,0.027323970943689345,0.009504496166482568,0.04307724311947823,0.03914504237473011,0.592134165763855,0.7038746476173401,0.192741459608078,0.009757776092737914,0.024279209226369856,0.3254771620035172,0.11388658285140991,0.2260437622666359,0.8853617668151855,-5.462166564557638,26.183059203724714,53.30932780894491,157.12850493616958,-10.6337360609398,3.0960774002204667,3.112130763608895,96.09586531399069,-4.825131472032962,-4.744825619145827
6d86e282da7dfbab6c0f60dd966122d1,Cc1cc(C)cc(c1)C(=O)NOCCCCCC(=O)NO,294.35099999999994,2.03064,4.0,3.0,4.0,0.3887492902657057,0.0,87.66,0.9644465684890747,0.8870035290718079,0.9621215701103211,0.5675225913524627,0.4340380311012268,0.21251029372215272,0.1069640837609768,0.1757248044013977,0.024696324206888675,0.7882932901382447,0.221248260140419,0.7483353018760681,0.5893293559551239,0.6938915729522706,0.9979616522789001,0.018415986187756063,0.018350340612232684,0.17866711616516112,0.04992416128516197,0.028594813495874404,0.16483254730701447,0.021876822970807553,0.9184193849563599,0.030087422020733355,0.2644842594861984,0.18364244773983956,0.0468082033097744,0.08001781702041626,0.37518676072359086,0.8023418068885804,0.5685361087322235,-5.093459683320267,51.215700782403566,11.271578117534407,2.802202651310728,-9.699997773605434,2.0029770216590808,1.7406591452264588,83.3311782751509,-2.6957627322028976,7.6382059890834935
67eadc9d410e4726b2935fa616af410f,Cc1cc(C)c(N(Cc2ccccc2)S(=O)(=O)c2ccc(OCCNC(=O)c3cc4ccccc4o3)cc2)c(c1)C(=O)NO,613.6920000000003,5.372940000000003,7.0,3.0,2.0,0.10341127626964097,0.0,138.18,0.35289429128170013,0.2552989050745964,0.6814165234565734,0.20640867203474045,0.9736459136009217,0.5985697865486145,0.9861812233924866,0.0580430306494236,0.45653071999549866,0.8010596752166748,0.9605341076850891,0.42488104924559594,0.07473782747983933,0.9638977646827698,0.9991675972938537,0.004230496543459594,0.016317174211144446,0.11422378420829774,0.21922343075275422,0.010095020453445614,0.10310289412736892,0.12121436297893524,0.788521659374237,0.9726622462272644,0.7219446778297425,0.014392089750617742,0.0770819365978241,0.8339109301567078,0.08256206214427948,0.16278907358646394,0.9725524306297302,-5.384174692592212,64.82744840123989,81.2920572103778,166.91185717729104,-10.025416699796043,3.6189570113789578,3.2112085091273075,109.84089782132432,-4.8468756062109275,-2.5680672311370936
4d0e71d5ae1a43d822a9bba6bb8a4cb5,Cc1cc(C)c2N(C[C@H]3CC[C@@H](CC3)C(O)=O)CCC[C@H](N(Cc3cc(cc(c3)C(F)(F)F)C(F)(F)F)c3nnn(C)n3)c2c1,638.6569999999999,7.1036400000000075,7.0,1.0,2.0,0.27636303977709714,1.0,87.38000000000001,0.17328105717897416,0.8883585453033447,0.8986387968063354,0.018783357471693306,0.21693887636065484,0.19819387197494506,0.1638105221092701,0.09268637225031853,0.1690896399319172,0.7627087473869324,0.8412831425666809,0.5648375272750854,0.17647313475608825,0.6430577397346496,0.9934721112251281,0.005071297660470009,0.01837001871317625,0.010297240037471057,0.03464134074747562,0.006400995142757893,0.04497464820742607,0.06850146800279618,0.5464221835136414,0.7846064448356629,0.37374307513237,0.009451429918408394,0.03704696670174599,0.3076024532318115,0.031736493855714795,0.19287936389446259,0.6291621804237366,-5.181195659896666,0.22770876957656014,7.579968465259962,47.5275442641968,-5.09716937274319,3.886605865564989,2.9339645050419216,101.35945317537406,-5.740657653967912,0.7192741954608477
9cee75325654e122f62fa498b1578878,Nc1ncnc2n(nc(COc3cccc(Cl)c3)c12)C1CCOCC1,359.81700000000023,2.9924000000000017,7.0,1.0,4.0,0.7699706983706031,0.0,88.08000000000001,0.28179849684238434,0.9681076049804688,0.9732109308242798,0.6741033077239991,0.844459617137909,0.16766739413142204,0.47718368768692015,0.10987434461712837,0.023271788470447065,0.632989513874054,0.40848977863788605,0.0928196743130684,0.1577351063489914,0.9578999757766724,0.9999876737594604,0.0018959247216116637,0.013647486362606287,0.3907724618911743,0.36381728649139405,0.013897920399904251,0.14185184240341187,0.018277782201766967,0.9816632032394409,0.1958875149488449,0.4150320291519165,0.03394886665046215,0.014256130158901214,0.0175115255638957,0.018217699602246284,0.25166004300117495,0.3501542121171951,-5.056283855882708,61.57785068490195,30.055984621544134,-8.87844967943851,-11.261397849932708,2.5251505141799884,3.0921877575650702,95.89134323484396,-3.8620642970391685,2.5454517322481305
998a8bc744c4c9541897d14aabef66b9,NS(=O)(=O)Cc1noc2ccccc12,212.23000000000002,0.6163,4.0,1.0,4.0,0.7899579227288236,0.0,86.19000000000001,0.07873305287212133,0.9264036178588867,0.8596727728843689,0.02398243807256222,0.001960780270746909,0.22296506762504578,0.0004278077063645469,0.03876870479434728,0.001063881508889608,0.46971817314624786,0.0008996990662126336,0.22950017154216767,0.029177993070334196,0.9555608630180359,0.9980087399482727,0.025505631789565088,0.014931645616889,0.022083510598167776,0.0018097157560987398,0.002062933804700151,0.01700221314094961,0.000417689087043982,0.5386451274156571,0.04313504546880722,0.03498055501841009,0.0005650392173265573,0.006447728292550891,0.004105937243730295,0.004687615029979497,0.14718144834041597,0.012343902501743286,-4.665866720709657,31.100926950429574,16.336359324858762,4.608270415656757,-10.63768855832252,1.9930708208608905,0.4622652548387869,66.96607538463488,-2.3372036110790524,2.436451701640906
a174d212f88fa945a5dba464e74bcb95,Oc1c(I)cc2c(Oc3c(I)c(O)c(I)cc3C22OC(=O)c3ccccc23)c1I,835.895,6.084200000000003,5.0,2.0,2.0,0.2123560791550992,0.0,75.99000000000001,0.0878294762223959,0.24292501658201218,0.7878408074378968,0.39715873897075654,0.3338456928730011,0.3646351218223572,0.7622795224189758,0.06452584639191628,0.01249958691187203,0.6239788830280304,0.043217914551496504,0.39630208611488343,0.009946656366810202,0.9382077217102051,0.9976600170135498,0.013538593426346779,0.029156723618507387,0.253847599029541,0.05753234699368477,0.06858154684305191,0.2939943552017212,0.1822257399559021,0.6582404553890229,0.5739312767982483,0.32260891497135163,0.01788761857897043,0.32542024850845336,0.8977668404579162,0.4566447377204895,0.454541477560997,0.5651888489723206,-5.078777981098067,10.512067312067083,43.12998184602465,70.40196985656948,-6.602377047580438,4.314146832124191,3.613124209468618,105.5757332701592,-6.1743269572644435,0.31590873612129844
4c743a9cf6420acec9496c62123a9c9f,CCCC[C@H](C)C[C@H](O)\C=C\[C@H]1[C@H](O)CC(=O)[C@@H]1CCCC\C=C\C(O)=O,380.5250000000002,3.8872000000000027,4.0,3.0,4.0,0.25594104504524345,5.0,94.83000000000001,0.11302163004875183,0.6667739033699036,0.5955860078334808,0.03003006409853697,0.11336258053779602,0.11266817227005958,0.14668002128601074,0.05926099494099617,0.09391373470425605,0.5066523134708405,0.15135761052370073,0.0865037240087986,0.2057313323020935,0.19869523793458937,0.9941217184066773,0.06810919269919395,0.08393752723932266,0.01893967594951391,0.07273831814527512,0.038516560569405556,0.1413113757967949,0.32431243658065795,0.5853653490543366,0.48002648949623106,0.5138212263584137,0.015299896756187082,0.2563630729913712,0.12979786992073059,0.07804922834038734,0.3600908420979977,0.060779156535863875,-5.293389824695094,67.3420413242436,2.131688245632744,-18.010272622018345,-9.12170048073848,3.218220612956827,1.4075329848836802,93.31301362868828,-3.521724860008007,0.8065340971224148
76abcf400c54f20a2ff8fcd667b24c95,Cc1nccn1CCC(C(N)=O)(c1ccccc1)c1ccccc1,319.408,3.0532200000000014,3.0,1.0,4.0,0.7588553239134157,0.0,60.910000000000004,0.41187832206487657,0.8812321066856384,0.9435655832290649,0.007939137320499867,0.18169043511152266,0.24272756576538085,0.12989592030644417,0.03229883201420307,0.25626673102378844,0.7540648460388184,0.3515007197856903,0.29264381229877473,0.46430235356092453,0.11962662171572447,0.9990099549293519,0.015365966502577067,0.017964128497987987,0.019705430418252946,0.17018087208271027,0.06538173165172338,0.11243580877780915,0.002274309017229825,0.8811010241508483,0.11266524419188499,0.1451837919652462,0.0021641713450662793,0.02035236693918705,0.038861511973664165,0.009430500771850347,0.5203000247478485,0.5876127481460571,-4.992612093345409,23.714602054916533,7.026416078127271,-15.458297692196206,-11.222758918988033,2.7987178839578717,1.2694412016093146,63.75644659580473,-2.953648804179796,1.3942610333420347
956bbe18ece736fcd2c17a08dec7acc6,COCc1nnc(N2CC(C2)Oc2ccc(F)cc2Cl)n1-c1ccc(OC)nc1,419.8440000000001,2.8774000000000006,8.0,0.0,4.0,0.5825237905025831,0.0,74.53,0.12986699640750884,0.8526070237159729,0.9594123601913452,0.21626987606287001,0.6906737923622132,0.22533728182315826,0.37331126928329467,0.11712646335363389,0.036341671645641324,0.8203825116157532,0.8701072216033936,0.12322678864002228,0.23749587833881378,0.9633397221565246,0.9998395800590515,0.0024872063542716203,0.008337402623146773,0.16779817938804625,0.06445349492132664,0.006306880223564804,0.026350001245737074,0.018598372209817172,0.990084958076477,0.4171733736991882,0.41777378916740415,0.007476906571537256,0.00823843777179718,0.005994487670250237,0.011186564154922963,0.1143181450664997,0.4057774543762207,-4.735899600508151,60.57691477624583,57.05418342564042,-25.306672098225594,-8.67934163115191,2.427695890373547,3.03471729537088,91.06427114424648,-4.273342667332638,10.004593900497987
d0332b325cb3b8b8090244e7a91406a1,Cn1cc(C(=O)OCC2CCN(CCNS(C)(=O)=O)CC2)c2ccccc12,393.5090000000001,1.5963000000000003,6.0,1.0,4.0,0.722919185935875,0.0,80.64,0.1876885250210762,0.9772539615631104,0.7448989272117614,0.27479539811611176,0.14283695220947265,0.1450347602367401,0.03803173191845417,0.624718427658081,0.6686576128005981,0.7823285341262818,0.258937269449234,0.04792848899960518,0.6947985649108886,0.4079168438911438,0.9989427208900452,0.025756515748798847,0.039325856417417523,0.07354638520628214,0.007403171248733997,0.014433581661432982,0.04132314920425415,0.0016756204364355653,0.9490611553192139,0.1734820693731308,0.034559497516602276,0.002696394093800336,0.006080405716784298,0.0021063797175884247,0.009502192889340223,0.4061910301446915,0.8591544032096863,-5.1103504314060775,98.27502032327962,73.43282080075039,-29.20053669366253,-9.146472203583198,2.6339018721439857,1.531288329349724,68.2766485075123,-2.457565788396331,-7.890028823278738
dce8cc5fd509b99685c9f224806e7d5d,O=c1cc(nc2c3ccccc3ccn12)N1CCOCC1,281.31500000000005,1.6842999999999995,5.0,0.0,4.0,0.6367777999078497,0.0,46.84,0.8010356426239014,0.9751367926597595,0.9693798065185547,0.9870297312736511,0.2750111520290375,0.40904335379600526,0.12534916251897812,0.33254572451114656,0.010469200927764178,0.44515053629875184,0.13664353489875794,0.08282186537981033,0.16360383480787277,0.9817592620849609,0.9999819278717041,0.07068810537457466,0.07003484815359115,0.6202861905097962,0.15072396844625474,0.027792540192604066,0.27555893957614896,0.045153716951608656,0.9893051028251648,0.08876564092934132,0.284582382440567,0.3358649015426636,0.030148522928357124,0.11520063504576683,0.25219382494688036,0.4995061278343201,0.4907556712627411,-4.124239144746224,84.49316500119778,44.21734972300628,10.72605488106848,-12.06057620870032,2.438823883053488,2.342376790076922,75.54104788139759,-3.4681746035704584,-0.014302597483660228
3e46ccdf7df948aebb46e9d6d23a21eb,OC(=O)c1ccccc1OC(=O)c1ccccc1O,258.229,2.309600000000001,4.0,2.0,4.0,0.6515507183057149,0.0,83.83,0.024695724807679655,0.3292042315006256,0.7208572506904602,0.0816267341375351,0.05576507449150085,0.3975889772176743,0.25490698367357256,0.024767647497355938,0.021277705393731593,0.15521682798862457,0.0026546093402430417,0.17585911601781845,0.03002779153175652,0.8647345542907715,0.9967810392379761,0.002584915905026719,0.029687127470970152,0.036904594488441946,0.002680274355225265,0.08217678219079971,0.2308363974094391,0.0243166234344244,0.17343118637800217,0.011799038667231799,0.030036867037415503,0.011363118793815375,0.011418472696095704,0.025759408250451088,0.004976978106424212,0.24579474329948425,0.022140529192984103,-4.804858976090017,102.31217326610124,42.29172578378804,-18.812974626815013,-10.497218414981896,1.88977319777362,0.564766678162927,88.64208456314785,-2.5124795609616357,3.360708569001608
da753b0097dd4427b1ca4aa39dd5d55a,CCN(C1CCOCC1)c1cc(cc(C(=O)NCc2c(C)cc(C)[nH]c2=O)c1C)-c1ccc(CN2CCOCC2)cc1,572.7500000000002,4.734660000000004,6.0,2.0,3.0,0.3855428910346651,0.0,86.9,0.15553434640169145,0.5043283104896545,0.7462639927864074,0.0374027457088232,0.4860512435436249,0.17378829866647721,0.4223927676677704,0.2170337289571762,0.06278525739908218,0.8789708614349365,0.8142520666122437,0.3060941189527512,0.563951987028122,0.8250123858451843,0.9825731754302979,0.00915060699917376,0.010707287210971117,0.1583895981311798,0.07447580844163895,0.033135122060775755,0.05023670941591263,0.023362275399267673,0.7533400118350982,0.9159489750862122,0.3729502737522125,0.05805293694138527,0.19173810854554177,0.47803073525428774,0.21367281973361968,0.2605291336774826,0.8960246086120606,-4.96801935001122,42.76493828672737,52.69507338461401,77.06923699561113,-10.203438682251482,2.849922496591968,3.1186499640544,89.305085283973,-4.645502051596429,8.831682862420546
cf686388db08f8af853c223dc005f628,Nc1nc(N)c(SC#N)cc1SC#N,223.286,1.39236,7.0,2.0,4.0,0.5749614240811024,0.0,112.50999999999999,0.6410789966583252,0.3201312512159348,0.7973043560981751,0.9297447919845581,0.7745239496231079,0.0518525805324316,0.8542452812194824,0.08034864347428083,0.2306242011487484,0.5058206439018249,0.8561577558517456,0.2119048058986664,0.04274637680500746,0.889196228981018,0.9997483968734742,0.18379252254962922,0.013150723464787007,0.8931525111198425,0.6031704187393189,0.41004430055618285,0.19261519610881805,0.4463670074939728,0.9232753872871399,0.021981687285006046,0.7899657607078552,0.47913411259651184,0.7977247953414917,0.8832413554191589,0.7696797490119934,0.9495113134384155,0.34603541493415835,-4.729948703266727,15.328113476121496,1.1467046244549806,35.02293006236137,-12.257782301874936,2.63202487817101,1.1978826282922028,69.07912076658582,-3.389978825611351,4.8392677281746685
47230b01c2f6971d329b7578b2b83253,Nc1nc(Cl)nc2n(cnc12)[C@@H]1O[C@H](CO)[C@@H](O)[C@@H]1F,303.681,-0.34940000000000027,8.0,3.0,4.0,0.648649936215886,4.0,119.31000000000002,0.8574519395828247,0.855867600440979,0.8941529631614685,0.047595510631799696,0.016349013312719762,0.04789659464731812,0.017241895105689763,0.014436335512436926,0.0019607661040936366,0.2176934450864792,0.011563074245350436,0.0956622420810163,0.4591189563274384,0.9849961638450623,0.9990637898445129,0.04261589907109738,0.015892897546291352,0.2118808850646019,0.6994326114654541,0.06625153198838234,0.12254567891359329,0.06189550645649433,0.5178314328193665,0.014493292011320592,0.6734885573387146,0.18400888293981552,0.019868412893265484,0.028908810671418907,0.7175131678581238,0.47833881378173826,0.2756816208362579,-5.72423036406381,29.635644532674462,-4.738186929445633,8.16046358270897,-19.132278885383478,2.31840349893085,-0.05926349486543181,38.300354732421624,-2.056333517124034,3.3096084473288214
c1b6852ad6d171c1a148f6a5df1ba6e5,Cc1nccn1Cc1ccccn1,173.21900000000002,1.63482,3.0,0.0,4.0,0.6907312568777854,0.0,30.71,0.1774416171014309,0.8450804591178894,0.945344603061676,0.004821470539900475,0.02812284426763654,0.14600464403629304,0.002066189200559165,0.06626449003815651,0.009093186852987855,0.2862703621387482,0.008700091726495884,0.031168722733855247,0.02690897984430194,0.13133976962417365,0.9995570302009582,0.0009497999140876346,0.007178379595279694,0.007222401350736618,0.002355717541649938,0.001545529259601608,0.03873208910226822,9.474381758991512e-05,0.7855245351791382,0.0033317465014988555,0.020475478656589986,0.00034530145162534607,0.002647913614055142,0.00017562349039508264,0.00015052714525154443,0.8045958161354065,0.022439922019839287,-4.355469278877237,36.45989589882906,27.142310512912786,-16.127284581502536,-8.858857917568374,2.2576350089926924,0.19924895332580722,15.962219345763895,0.08508697475582175,-9.19281005698405
0b84e392b7f717914b631d66a007c52d,OCCN1CCN(CCCN2c3ccccc3Sc3ccc(cc23)C(F)(F)F)CC1,437.5310000000002,4.308100000000003,5.0,1.0,4.0,0.7278115473639667,0.0,29.950000000000003,0.08939753249287605,0.9839529037475586,0.6415441989898681,0.5544500887393952,0.3975078761577606,0.21339965015649795,0.06594098582863808,0.8187327742576599,0.9114274978637695,0.310043478012085,0.5309206783771515,0.3925658643245697,0.720764297246933,0.23190852403640747,0.9988258838653564,0.014612561371177436,0.025077671557664872,0.10163790434598922,0.04185779914259911,0.0051068180240690705,0.019858991354703905,0.0024339668918401,0.8808536887168884,0.9486007690429688,0.1778067797422409,0.0007922475342638791,0.013852580357342959,0.19101169407367707,0.04340740069746971,0.5089604377746582,0.9964374542236328,-4.825780588788463,26.137786654234407,28.98256676662288,8.155783358310376,-7.85950272184772,3.6442066453137443,3.741341342270745,100.99702032316885,-4.107474804757905,-3.212826980288716
8c1105dc4325c4993c00ae829e874829,O[C@@H]1CCN(C1)c1ncc(cc1-c1cc[nH]n1)C(=O)Nc1ccc(OC(F)(F)Cl)cc1,449.84500000000014,3.462900000000001,6.0,3.0,4.0,0.49786726723892577,1.0,103.36999999999999,0.35113670229911803,0.29850768148899076,0.8604375720024109,0.4995075285434723,0.5692043006420135,0.3173495203256607,0.5809059500694275,0.23879168331623077,0.17496005073189735,0.38349715173244475,0.621813690662384,0.3380190789699554,0.5649158954620361,0.9368387579917907,0.998210346698761,0.008777849422767759,0.013386944867670536,0.5949551880359649,0.15238226652145387,0.015637008380144833,0.11897217482328415,0.023192502185702325,0.777699887752533,0.4304358780384064,0.38616851568222044,0.055719219520688056,0.08306598663330078,0.7712257146835327,0.3872705578804016,0.14986817091703414,0.8690252661705017,-5.337875395918555,-2.7075046554573503,6.191371358568167,15.799419751102835,-14.608732259400517,3.019153458993934,3.1086885831788638,94.72812392019435,-4.676339052977539,4.208133486447854
c5648bdd462f5817e28fb7f42bcbd9cd,COc1ccc2nccc([C@H](O)[C@H]3C[C@@H]4CC[N@]3C[C@@H]4C=C)c2c1,324.4240000000001,3.1732000000000014,4.0,1.0,4.0,0.8776016184783941,5.0,45.59,0.37525921761989595,0.7094162583351136,0.8558846950531006,0.22494495958089827,0.0828128270804882,0.10197820067405701,0.046295882761478425,0.49092949032783506,0.512401819229126,0.6097164213657379,0.3146786272525787,0.01971597075462341,0.6214483261108399,0.11595192402601243,0.9997952699661254,0.04812168963253498,0.17794157862663268,0.4936428666114807,0.13109440505504608,0.12712719142436982,0.44058198034763335,0.004001581040211022,0.9288784146308899,0.397729754447937,0.1258988469839096,0.032694238051772115,0.029608554020524026,0.033657494187355044,0.06577466242015362,0.24300313591957093,0.8230375647544861,-4.6720146325603675,24.10969765113946,9.957894228450634,-1.3091269986550174,-10.983605841337567,2.772368085740214,2.0403981871763044,77.89973735608129,-3.335515896842266,1.2949351908453157
3c6ca2c9306f7a29780725ca0fdbbd3b,Cc1c(nc2c3cccnc3ccn12)[C@@H]1C[C@H]1c1nc2c(C)ncc(C)n2n1,369.43200000000013,3.516560000000002,7.0,0.0,4.0,0.47597695966939274,2.0,73.27,0.5901196956634521,0.8962505698204041,0.9513983368873596,0.7445950269699096,0.17608805038034916,0.2623948812484741,0.1614706002175808,0.21565254628658295,0.06057258397340774,0.7511803150177002,0.843009066581726,0.05469793677330017,0.3567483901977539,0.8854258298873902,0.999940299987793,0.05014351978898048,0.051594365388154984,0.3570365309715271,0.24688030481338502,0.08833408541977406,0.14825895428657532,0.026359488256275654,0.9859648227691651,0.58782200217247,0.5886496424674987,0.25467188060283663,0.09724800363183021,0.0938186939805746,0.17227232679724694,0.31904245913028717,0.7096610069274902,-5.346530350456088,10.622377634899744,5.745613970572997,-14.900063669024865,-8.740977525379678,2.520224384076845,2.7205582793697847,81.07227283915392,-2.520308195514628,0.7884627136362814
ea552586b8cae116ae9a82877c2411a3,COC(=O)c1ccc(O)cc1,152.149,1.1788,3.0,1.0,4.0,0.6143884490200855,0.0,46.53,0.01909981658682227,0.6155484557151795,0.43704000413417815,0.8020029664039612,0.2482075124979019,0.19983925372362138,0.12311512678861618,0.2202647626399994,0.18910602927207948,0.36513362526893617,0.05255900323390961,0.01629301707725972,0.0030622635618783533,0.49926155209541323,0.999889361858368,0.0023406636086292566,0.02896097246557474,0.10464742258191109,0.008855595905333757,0.18861684054136277,0.31912529468536377,0.002280915022129193,0.9131824731826782,0.01113448441028595,0.03174994718283415,0.04337052134796977,0.01642704433761537,0.0691690793260932,0.009328967635519802,0.34341939985752107,0.04642029926180839,-4.552821946213872,142.15250607493323,74.50153766251483,-4.82488796258748,-9.609030633300705,1.9491195398984729,1.934235993420414,76.42954662980954,-1.9318173448504576,1.5848197716588128
14b958e51d6d0664a3a1e1e1d98d97c9,OCCc1ccc(NC(=O)c2ccccc2NC(=O)c2ccc(cc2)[N+]([O-])=O)cc1,405.41000000000014,3.6342000000000017,5.0,3.0,4.0,0.409256120065872,0.0,121.57000000000002,0.5291617155075073,0.2989936053752899,0.6206417202949523,0.14236480705440044,0.5371856808662414,0.32179574966430663,0.5673044681549072,0.0710298016667366,0.15337522327899933,0.5647562205791473,0.4915069729089737,0.5270315706729889,0.109839828312397,0.9331793665885926,0.9534432411193847,0.017324455361813308,0.027177552878856658,0.5542293429374695,0.15703843384981156,0.012195059470832348,0.097571013122797,0.01686428803950548,0.7644726037979126,0.70809366106987,0.35603041052818296,0.015422154031693936,0.15653165876865388,0.930678379535675,0.11303918361663819,0.5186348676681518,0.6999376058578491,-4.998136234168064,57.02986604695214,24.554854170020434,81.90882012348652,-10.856333165610959,2.4444325401035814,3.0862343662661114,91.24259471505864,-5.451374581225437,-3.179099869526122
3d99df62e2f29ccaf64c264ea06d6565,C[C@]12CC[C@H]3[C@@H](CCc4cc(OC(=O)N(CCCl)CCCl)ccc34)[C@@H]1CC[C@@H]2OP(O)(O)=O,520.3900000000002,5.2990000000000075,4.0,2.0,2.0,0.3744233756921246,5.0,96.30000000000001,0.44432257413864135,0.6742189943790435,0.6765814185142517,0.05189029332250357,0.12401846088469029,0.09886185005307198,0.0857953043654561,0.15378946736454963,0.28234161660075185,0.7529572963714599,0.26730651780962944,0.09352542045526206,0.21609193235635757,0.10497650317847729,0.9250237464904785,0.43803696632385253,0.7050225973129273,0.021525478921830654,0.07747362069785595,0.8471946716308594,0.88062025308609,0.03217720449902117,0.6746825456619263,0.6270234107971191,0.47248733043670654,0.0892372876405716,0.02645878018811345,0.2722743108868599,0.5484101593494415,0.19354569260030985,0.5362968981266022,-4.70269511445546,11.160035900611668,41.319166922322054,15.770019305203423,-6.409158906440505,3.639442176482656,3.3779394829079257,95.48296206415293,-3.771618109888345,-9.87104624919596
abe7eb29482b154dd85ac9b43fc57eb7,Nc1ncnc2n(nc(-c3ccc(Cl)cc3)c12)-c1cccc(c1)-c1cnnn1Cc1cccc(c1)-c1ccccc1,555.0450000000003,6.691900000000006,8.0,1.0,2.0,0.24559947658836667,0.0,100.33000000000001,0.24473261833190918,0.3691483438014984,0.8635506749153137,0.1698204308748245,0.7879548311233521,0.20039610266685487,0.5513981759548188,0.03939393386244774,0.0706065122038126,0.6069619715213775,0.5891278326511383,0.6425063610076904,0.2881024718284607,0.9757640480995178,0.995690131187439,0.0077217879705131056,0.0093786446377635,0.4566005766391754,0.5467157661914825,0.02451275922358036,0.10660790652036667,0.17005937695503234,0.633503007888794,0.9396879196166992,0.8337502121925354,0.04782505072653294,0.08787319213151931,0.3636848360300064,0.12573420852422715,0.21993326544761657,0.8983247876167297,-5.463139603729981,12.35693667356944,25.72346555181602,32.57750639075003,-9.71594114288129,2.881134663777974,3.658803951955067,104.87863762332424,-5.937889244842113,13.077665820903778
bc0796c22f3a07466c492d9507e108b8,O([Ga](Oc1cccc2cccnc12)Oc1cccc2cccnc12)c1cccc2cccnc12,502.1820000000002,5.8529000000000035,6.0,0.0,2.0,0.26641383119404854,0.0,66.36,0.24258910417556762,0.3962166130542755,0.7653147220611572,0.26665978506207466,0.7100839734077453,0.519830298423767,0.5899175524711608,0.11157450824975967,0.06444432958960533,0.6385140895843506,0.42731981426477433,0.4901679366827011,0.19075876772403716,0.9517401814460754,0.9953108906745911,0.030795492976903916,0.01980202291160822,0.766260027885437,0.19991427809000015,0.07470792457461357,0.18331838250160218,0.34015074372291565,0.8183808326721191,0.8538174510002137,0.8434231996536254,0.038938411697745326,0.5227001488208771,0.47281181812286377,0.23589789867401123,0.3378348708152771,0.7177562952041626,-4.817928974560035,30.174126952176287,4.353028354726993,-35.81693974713346,-7.321199732351654,2.5271652892100818,3.5004940596963268,99.1915475211443,-6.229284442000312,-12.311829753305895
ee1f919605da05a61ff84ff7848ff5e3,COc1cc2c(NC3CCN(CC3)C(C)C)nc(nc2cc1OCCCN1CCCC1)C1CCCCC1,509.73900000000054,5.835500000000007,7.0,1.0,2.0,0.404031154618645,0.0,62.75000000000001,0.37111849188804624,0.9832218885421753,0.771959388256073,0.03955906732007861,0.013107201270759105,0.04997218176722527,0.0035234344308264554,0.8085702419281006,0.7363166213035583,0.8185819149017334,0.06041998006403446,0.06501299161463976,0.5289793193340302,0.28937445878982543,0.9868818163871765,0.001743314095074311,0.004656395222991705,0.29250707626342776,0.05745752640068531,0.007674081018194556,0.05334845632314682,0.000634048711071955,0.9035645127296448,0.7190826773643494,0.17709527313709258,0.024240273982286453,0.04804358147084713,0.11550403311848641,0.03589442949742079,0.41554847955703733,0.9833381175994873,-5.199020424090816,9.912279459121573,34.70201811110685,15.101119898735528,-7.723631738731976,3.477324448433798,1.9743753523335772,82.34323087168886,-2.825389973437159,16.29251785050009
e13f6f5318d3b5bd00a9cabc51f03c77,CN1C[C@@H](c2cccc(c2)S(=O)(=O)NCCOCCOCCNC(=O)NCCCCNC(=O)NCCOCCOCCNS(=O)(=O)c2cccc(c2)[C@@H]2CN(C)Cc3c(Cl)cc(Cl)cc23)c2cc(Cl)cc(Cl)c2C1,1145.0699999999997,6.156600000000009,12.0,6.0,0.0,0.03374988986499664,2.0,217.99999999999997,0.2177908390760422,0.5225045323371887,0.6041277885437012,0.16787087991833688,0.7860323548316955,0.24342678040266036,0.5541732490062714,0.22876280397176743,0.6204737424850464,0.8949863314628601,0.9558510541915893,0.3405821055173874,0.23373358845710754,0.769280982017517,0.9718257784843445,0.00947309541516006,0.02330254539847374,0.034260178171098235,0.027323970943689345,0.009504496166482568,0.04307724311947823,0.03914504237473011,0.592134165763855,0.7038746476173401,0.192741459608078,0.009757776092737914,0.024279209226369856,0.3254771620035172,0.11388658285140991,0.2260437622666359,0.8853617668151855,-5.462166564557638,26.183059203724714,53.30932780894491,157.12850493616958,-10.6337360609398,3.0960774002204667,3.112130763608895,96.09586531399069,-4.825131472032962,-4.744825619145827
4b47e4ac26bcba2cd6c725834cdc6329,Cc1cccn2c1nc(Oc1ccc(F)cc1)c(\C=C(/C#N)c1nc3ccccc3s1)c2=O,454.4860000000002,5.608200000000004,7.0,0.0,3.0,0.32994179752293856,0.0,80.28,0.524519008398056,0.48447824716567994,0.8358030676841736,0.13674620129168033,0.5232185244560241,0.31123369336128237,0.6967205286026001,0.03936715722084046,0.014616769179701805,0.7343029618263245,0.3009760320186615,0.46917638182640076,0.0698670893907547,0.9790450811386109,0.9993766903877258,0.019083822052925824,0.01582660973072052,0.5276179075241089,0.3865553021430969,0.04059810973703861,0.11338329911231995,0.16248354315757751,0.8708834052085876,0.9359430193901062,0.8676585793495178,0.07954447269439698,0.3396798372268677,0.9093672394752502,0.46730129718780516,0.3930419057607651,0.7819221258163452,-4.771799437405622,87.48737311894607,60.613655194586144,17.06843051336399,-7.820061287737775,3.2110695366871,4.151329321343283,101.52250707138492,-7.43207679158103,-1.0182909209031035
9dc43b2891d7f1904f8ad5d5581767d3,CCn1cc(C(O)=O)c(=O)c2cc3OCOc3cc12,261.23299999999995,1.4483,5.0,1.0,4.0,0.8847688106737668,0.0,77.76,0.405383962392807,0.506787371635437,0.9193484544754028,0.1451814766973257,0.03838801737874746,0.1652863934636116,0.03070060145109892,0.03494227267801762,0.13021611273288727,0.0801216758787632,0.04340137355029583,0.09136292561888695,0.11248170360922813,0.972264575958252,0.997195029258728,0.023274856479838492,0.05437091886997223,0.2473222643136978,0.008627216843888164,0.015368047636002302,0.06482349634170533,0.01538332444615662,0.22945439219474792,0.03742724247276783,0.08159114681184292,0.028714626282453536,0.01197441858239472,0.021269665192812683,0.050270135328173635,0.27953835129737853,0.01205481318756938,-4.494772766256572,26.332848427588353,-1.757876538003618,10.105873343024763,-11.090285479099201,2.478240394517017,-0.6327700083492174,78.41563082189325,-3.6463901285061824,5.439548395200009
b119720721f75c774d2f875882f25c8f,Cc1cc(=O)oc2c(C=O)c(O)ccc12,204.18099999999998,1.6195199999999998,4.0,1.0,4.0,0.5657365552492892,0.0,67.51,0.18610740303993226,0.3751267075538635,0.6283815681934357,0.8502377986907959,0.19257174283266068,0.339565297961235,0.23292505741119385,0.10492458641529083,0.06410770677030087,0.39438651204109193,0.08994556441903115,0.03475471418350935,0.008610745705664159,0.8637978434562683,0.9998247981071472,0.033483574818819764,0.09419431388378144,0.22010965645313263,0.020004957914352417,0.14673179611563683,0.3381554365158081,0.06014677658677101,0.7413646817207337,0.13767609000205994,0.2563308566808701,0.11404489129781722,0.05335309617221355,0.4523602187633514,0.15281886756420135,0.5864179730415344,0.05971857830882073,-4.642716556139247,86.16094098494757,46.21044506926832,-8.03594942918583,-10.611614775461323,2.093737112846667,1.5952952277081818,93.48050605626615,-2.8820781623414993,0.8144357685978594
491f481f7d4e7d2b53df81d05a99a408,Oc1ccc(cc1)-c1nc(c([nH]1)-c1ccc(F)cc1)-c1ccncc1,331.35,4.650400000000003,3.0,2.0,4.0,0.5742392441280129,0.0,61.800000000000004,0.7816835045814514,0.18493445813655854,0.7355410933494568,0.9648285865783691,0.9287342667579651,0.2504055440425873,0.8504042029380798,0.2980834871530533,0.8104182362556458,0.5451336771249771,0.9487034559249878,0.14358803257346153,0.08028326258063316,0.8984784960746766,0.9999065399169922,0.014959418540820479,0.022341343760490417,0.9131730198860168,0.6535638213157654,0.4780582129955292,0.634813392162323,0.12059457749128341,0.7730614066123962,0.4220625817775726,0.8769382238388062,0.5154770672321319,0.49550806283950805,0.9485057830810547,0.6707983613014221,0.5268467962741852,0.8816820502281189,-5.095786729291677,47.75656652048671,19.000584796041437,-79.67350945411552,-11.783297166492142,2.348507099360571,3.3792935595809355,95.79500393549267,-4.557822981738542,-6.626612537171367
39778d75ea45d47817df9eb218549409,CCc1nc(N)nc(N)c1-c1ccc(Cl)cc1,248.71700000000004,2.5238000000000005,4.0,2.0,4.0,0.8561371493463951,0.0,77.82,0.17618825286626816,0.8735103487968445,0.9798638582229614,0.7539265155792236,0.17316746674478053,0.1955850377678871,0.03642098559066653,0.17020283937454223,0.04007214568555355,0.5738528072834015,0.035039722360670565,0.38244017362594607,0.04429604597389698,0.9186505794525146,0.9999340772628784,0.02641833834350109,0.09564176946878433,0.4444803535938263,0.12827310636639594,0.04356114324182272,0.2776179134845734,0.0034617649856954814,0.9657874703407288,0.03026522006839514,0.24084920883178712,0.05788854248821736,0.008510740380734206,0.1267094947397709,0.045364079624414445,0.3264068394899368,0.125407437980175,-4.59324248336298,43.36223148834913,39.415760194813615,54.269492844500704,-10.856308719526982,2.786279656963109,2.432726267177297,85.06231953007911,-3.554177237867637,13.592691067027493
a8b784eb3c9290d5b79aa7872346e6f7,CCCNS(=O)(=O)Nc1ncnc(OCCOc2ncc(Br)cn2)c1-c1ccc(Br)cc1,588.2820000000002,3.572700000000003,8.0,2.0,3.0,0.3258129796797541,0.0,128.22000000000003,0.1752126157283783,0.7583399057388306,0.9218080759048461,0.48939381539821625,0.7158840417861938,0.38537284135818484,0.7324800491333008,0.24114998579025268,0.2133519982919097,0.6447288751602173,0.9322480797767639,0.43715917468070986,0.5156078577041626,0.9738146185874939,0.9977000713348388,0.002575834724120796,0.006219303701072931,0.20545044541358948,0.15937887281179428,0.008512218412943185,0.029588307440280914,0.02663481459021568,0.9099328875541687,0.46936158686876295,0.5258611440658569,0.009279894875362515,0.027509350888431074,0.21255603879690171,0.05963396430015564,0.28193060159683225,0.8631302237510681,-5.289717682921756,51.86484921600802,38.43249853669057,47.77042210552381,-9.539740065229683,2.3070428266563154,2.231313425351433,99.70128767539887,-4.618245214020156,-2.10816515134986
1281cf3694b24f7a4ab7459fe1293a23,COc1ccc2C[C@H]3N(C)CCc4cc(OC)c(Oc5c6OCOc6cc6CCN(C)[C@@H](Cc7ccc(Oc1c2)cc7)c56)cc34,606.7190000000003,6.873900000000008,8.0,0.0,2.0,0.24502800268016348,2.0,61.86,0.263033926486969,0.6952946901321411,0.8083194971084595,0.06399640534073114,0.10319133251905441,0.18703712224960328,0.02262080032378435,0.47111791372299194,0.27984883189201354,0.9346309542655945,0.22385671585798264,0.11704207211732864,0.25666169822216034,0.7388475418090821,0.9359052896499633,0.010369233973324298,0.022189017757773398,0.4134457528591156,0.05437549687922001,0.012194226961582899,0.03657304011285305,0.004863082326482982,0.8608575463294983,0.9555069327354431,0.29515009224414823,0.015438647754490376,0.09215424582362175,0.16584319472312928,0.055874742567539215,0.3838444769382477,0.9305272459983825,-4.865009620272184,23.50968235301345,35.18740088731083,45.948613196240174,-6.4569454147982785,2.890964892773906,3.5390445005883278,91.15058951386143,-5.7870279255468535,11.4861852596942
32199cc1525198c7c6fbd15d84906622,COc1ccc2c(c1)C(=O)N(CCc1ccc(cc1)S(=O)(=O)NC(=O)NC1CCCCC1)C(=O)C2(C)C,527.6430000000003,3.518500000000002,6.0,2.0,3.0,0.5316095393639422,0.0,121.88,0.029135840758681298,0.8099726557731628,0.8625220060348511,0.12307441905140877,0.7187227010726929,0.7796912789344788,0.888006055355072,0.16206590384244918,0.1089067742228508,0.5686576068401337,0.9692943453788757,0.3446222901344299,0.20100541561841964,0.9612292885780335,0.9993794322013855,0.0050309388898313046,0.034944227524101736,0.004783003637567162,0.012349595315754414,0.004758418980054557,0.03459118753671646,0.033129625394940375,0.8886233448982239,0.544097039103508,0.2716349720954895,0.003747570561245084,0.01728780698031187,0.38642207980155946,0.03713012672960758,0.11848890818655491,0.4749546468257904,-4.871991903675243,34.51978538283665,69.34080040828493,40.97675855123274,-9.442314040827709,3.087539551039433,1.6223002131718225,100.82789115367018,-5.0601002093581355,1.4156646076966992
d0332b325cb3b8b8090244e7a91406a1,Cn1cc(C(=O)OCC2CCN(CCNS(C)(=O)=O)CC2)c2ccccc12,393.5090000000001,1.5963000000000003,6.0,1.0,4.0,0.722919185935875,0.0,80.64,0.1876885250210762,0.9772539615631104,0.7448989272117614,0.27479539811611176,0.14283695220947265,0.1450347602367401,0.03803173191845417,0.624718427658081,0.6686576128005981,0.7823285341262818,0.258937269449234,0.04792848899960518,0.6947985649108886,0.4079168438911438,0.9989427208900452,0.025756515748798847,0.039325856417417523,0.07354638520628214,0.007403171248733997,0.014433581661432982,0.04132314920425415,0.0016756204364355653,0.9490611553192139,0.1734820693731308,0.034559497516602276,0.002696394093800336,0.006080405716784298,0.0021063797175884247,0.009502192889340223,0.4061910301446915,0.8591544032096863,-5.1103504314060775,98.27502032327962,73.43282080075039,-29.20053669366253,-9.146472203583198,2.6339018721439857,1.531288329349724,68.2766485075123,-2.457565788396331,-7.890028823278738
8ae0f498676904d9ef69fea6f9c72c11,Nc1cc(C(Cl)=C(Cl)Cl)c(cc1S(N)(=O)=O)S(N)(=O)=O,380.66200000000015,0.9060999999999999,5.0,3.0,4.0,0.6666863253075505,0.0,146.34,0.041754391882568596,0.4410123825073242,0.7445977449417114,0.026851822063326834,0.024858154836692847,0.1695222657173872,0.012443828536197543,0.027150149564840832,0.0033085108618251978,0.20614538937807084,0.004962075338698924,0.8114544153213501,0.015007392404368148,0.9913334131240845,0.9336102724075317,0.01671102410182357,0.015936180390417574,0.005025608092546463,0.0038258440657955362,0.0016176749573787673,0.021146137081086636,7.103599630227108e-05,0.31379827558994294,0.10052122995257377,0.07501851357519626,0.0003462339102043188,0.0038158982701133938,0.021769447438418865,0.0035471949609927832,0.07987508829683065,0.033940155431628226,-5.355604080435652,23.846660519311097,14.749446801066409,51.2749933602653,-8.502149392252749,1.7149237519019809,1.5227444149799232,82.44186209685701,-2.611121159460524,2.228827639741129
193a746045977b1e35502bb6744ef6c7,O=C(NCC#N)c1ccc(cc1)-c1ccnc(Nc2ccc(cc2)N2CCOCC2)n1,414.4690000000003,2.9771800000000015,7.0,2.0,4.0,0.597823059764905,0.0,103.17,0.4946321606636047,0.3849947422742844,0.889749813079834,0.1912689320743084,0.086168172955513,0.23669825941324235,0.13020026683807373,0.15200927406549453,0.03476323690265417,0.5840834617614746,0.41871081590652465,0.28126309216022494,0.45961992144584657,0.9797461867332459,0.9801514863967895,0.05904777944087982,0.044534501247107984,0.4584068596363068,0.3263875901699066,0.04846895821392536,0.11050686538219452,0.033765286952257154,0.8266780734062195,0.2923665314912796,0.5122713923454285,0.19201534539461135,0.06239368990063667,0.7222973108291626,0.6821090459823609,0.2230109117925167,0.8967549324035644,-5.086967885625884,52.764700197125116,43.1703690505757,16.19043454745421,-13.386230881769531,2.3006056330361604,2.6978484604524993,92.50377472101445,-4.870475191079254,0.7294342665111841
76b7a9423326873b6f063a36045c095e,Cc1c(Oc2cc(C)c(C#N)c(C)c2)c(nn1CS(C)(=O)=O)C1CC1,359.45100000000014,3.351840000000002,6.0,0.0,4.0,0.8170836598135871,0.0,84.97999999999999,0.20378817319869996,0.9205845475196839,0.881771719455719,0.2926694735884666,0.8457113623619079,0.5011839032173157,0.6566757917404175,0.2611861854791641,0.03722010441124439,0.894498860836029,0.8615155458450318,0.244282004237175,0.14423983544111252,0.7147752642631531,0.9998068809509277,0.007822066661901772,0.020972189120948316,0.03021614160388708,0.21354117542505263,0.05711643546819687,0.03622627258300781,0.042894558422267436,0.9871162056922913,0.513891014456749,0.5124893844127655,0.016985518299043177,0.0518977589905262,0.2066929295659065,0.04223561845719814,0.21648350358009338,0.39084349423646925,-4.475731615257616,-18.57631418852833,0.6821609689831775,17.05102183881323,-7.938159546059898,2.8216485871545833,1.8830075224685383,92.32546443639175,-4.6463397813519105,3.0981968698712317
e3294851c116b77dd409ea48ea9ecdfc,OC(=O)C1CCN(CC1)c1ncc(cc1Cl)C(=O)Nc1nc(-c2cc(Cl)cs2)c(s1)N1CCN(CC1)C1CCCCC1,649.6699999999996,6.581400000000007,9.0,2.0,2.0,0.29616473665885357,0.0,101.89999999999999,0.25080847591161726,0.564915019273758,0.7877435922622681,0.07071664668619633,0.42216954827308656,0.3493807315826416,0.42734290957450866,0.07908540740609168,0.12084613591432572,0.4142753452062607,0.1552837982773781,0.31972427368164064,0.6720104098320008,0.9355050325393677,0.8185081124305725,0.014471412636339664,0.02149045541882515,0.2219557672739029,0.18511937260627748,0.0410744309425354,0.16095156520605086,0.23064598441123962,0.39619324505329134,0.5017353534698487,0.7489071130752564,0.2077046178281307,0.14614533334970475,0.47511289119720457,0.24760664999485016,0.4611006021499634,0.4876264214515686,-5.564180468016257,-15.931347721198444,17.314691539100316,12.063000489552568,-9.120921546946144,3.14604792087715,1.7719413284900292,92.79681600503878,-4.19429367048109,0.9688383610283919
28f08512ca9eef27ed2ddb40c0262f5b,Cc1cc(Nc2cc(CN3CCOCC3)c3nc(C)c(Cc4ccc(Cl)cc4F)n3n2)[nH]n1,469.95200000000006,4.028340000000003,7.0,2.0,4.0,0.44338437692174615,0.0,83.36999999999999,0.1918102741241455,0.7443736553192138,0.8764367580413819,0.17316960990428926,0.8871678352355957,0.18534005284309388,0.8449216365814209,0.2127374827861786,0.4566952109336853,0.8164893507957458,0.979916226863861,0.22884609699249267,0.6315730333328247,0.8466053247451782,0.9995530128479004,0.0035922494484111668,0.010408040322363376,0.4375236541032791,0.2064845085144043,0.022569171711802484,0.07746297344565392,0.022316499799489974,0.8836550235748291,0.93881915807724,0.5912840843200684,0.04158234782516956,0.08297919370234012,0.3752751678228378,0.12908026278018953,0.222150918841362,0.9491713047027588,-5.281344393319098,22.597355969923505,36.29878492385527,34.716368282072565,-10.922802889497252,2.8177621725706006,3.3107963296143774,92.0099475165591,-3.9480434272927476,13.894344054861119
814a65954b39a4a32db685c6ac29312b,C[C@](O)(COc1ccc(cc1)C#N)C(=O)Nc1ccc(C#N)c(c1)C(F)(F)F,389.3330000000001,3.2172600000000013,5.0,2.0,4.0,0.8167632554543229,1.0,106.13999999999999,0.3607305258512497,0.5462149202823638,0.903122079372406,0.28976776003837584,0.4302984714508057,0.23400546461343766,0.3001325264573097,0.15597979575395585,0.047790457308292386,0.6504636347293854,0.6556161642074585,0.6092282593250274,0.175080868601799,0.6856138944625855,0.9964220404624939,0.04381375536322594,0.10095625892281532,0.07955289706587791,0.36388424038887024,0.05004839226603508,0.1173950657248497,0.10442855060100556,0.8130412101745605,0.5877409815788269,0.3597205728292465,0.023194694705307484,0.04209368079900742,0.7443349778652191,0.38709006309509275,0.169877353310585,0.8179342985153198,-4.637292813934893,41.81967953390172,22.62510942818663,24.81490840914459,-9.707740175841737,2.801473115594802,2.538535071658477,84.87602561447548,-4.856595443139695,-3.579364580357157
7fd06e27b19a4ecc1c568513bf2c279c,COc1cc(Cc2cnc(N)nc2N)cc(OC)c1OC,290.32300000000004,1.2575999999999998,7.0,2.0,4.0,0.8533555071280714,0.0,105.51,0.17797981202602386,0.9068819046020508,0.9766385793685913,0.039111918210983275,0.09244043231010438,0.174548876285553,0.0061330723110586405,0.1146094635128975,0.008645480521954596,0.5104784429073334,0.11247799880802631,0.08216064423322678,0.02222888106480241,0.8555367588996887,0.9990276575088501,0.001558200700674206,0.0239056084305048,0.14584903568029403,0.02213621335104108,0.00437170451041311,0.050581155344843864,0.00014626224219682626,0.8217817544937134,0.0036275182967074214,0.03329150676727295,0.011431733053177595,0.0010722030652686953,0.00814796849153936,0.006094224168919027,0.16337307319045066,0.12415815591812134,-4.924593303634889,41.95954090567096,8.366043945950281,-14.696891034129674,-12.3552420472876,2.4480872962922864,0.9502554146324005,62.89841395401193,-2.608981608910347,-3.5146203332608983
a257d80b36b43d9101731c60e5f2cb7d,COC(=O)[C@@H]1C[C@H](OC(C)=O)C(=O)[C@H]2[C@@]1(C)CC[C@H]1C(=O)O[C@@H](C[C@]21C)c1ccoc1,432.46900000000016,3.0001000000000015,8.0,0.0,4.0,0.5296624991938542,7.0,109.11000000000001,0.2721575736999512,0.9200883507728577,0.9221167922019958,0.0014235466049285605,0.1434305902570486,0.04852305501699448,0.08337357118725777,0.03863322399556637,0.010008027078583837,0.6955271601676941,0.7053200840950012,0.03386542033404112,0.1497764527797699,0.7250562191009522,0.9996070146560669,0.037768856668844816,0.14153909347951413,0.006858078110963106,0.14178511500358582,0.029111132118850948,0.12171415612101555,0.013312037754803895,0.964545750617981,0.7438475012779235,0.28805501461029054,0.01741346586495638,0.033766796439886095,0.14323799684643745,0.0482835203409195,0.2886486455798149,0.10199569389224053,-4.713340580513633,100.28233492805307,41.57796028334924,35.44680861742181,-5.989617785991686,4.093164138649255,2.224726680758761,84.06554960769287,-3.94498350111209,4.468879522099352
eb9cc09edb1c4d2297253ea6dc3c73d9,Fc1cccc(\C=C\C(=O)NC2CC2)c1,205.23199999999997,2.1174999999999997,1.0,1.0,4.0,0.7522513705158141,0.0,29.1,0.47770615220069884,0.9921738624572753,0.9698781251907349,0.8938441395759582,0.6307326674461364,0.3593374311923981,0.10998800918459892,0.23617185950279235,0.02432572524994612,0.5645489692687988,0.11667433530092239,0.14578528925776482,0.05207024738192558,0.7233884692192077,0.9999817609786987,0.01856340803205967,0.0690921775996685,0.18460507392883302,0.03882480524480343,0.009424078185111285,0.15534709095954896,0.007158396579325199,0.9725806474685669,0.019503584410995246,0.3405969738960266,0.13710603192448617,0.05396441146731377,0.07524493299424648,0.037295247241854665,0.5705509901046752,0.07623778693377972,-4.224981285976767,72.00739394440134,38.351272290129565,0.07374593381607539,-9.838152703516451,2.6420079612392384,2.3638632236809114,67.04276830908762,-2.6701581910609535,0.6340259391411254
7bda2d1076bf659e985e6c3678275cab,OCc1ccccc1O,124.13899999999997,0.8844999999999998,2.0,2.0,4.0,0.5831595163788862,0.0,40.46,0.15892017483711243,0.43843913078308105,0.5119458734989166,0.09684495851397515,0.03174842782318592,0.1621106520295143,0.011802312335930765,0.18060883432626723,0.045304777845740316,0.31602137386798856,0.002258098128368147,0.176479759067297,0.005478719156235457,0.026054879650473595,0.9993885159492493,0.003374756406992674,0.017156927846372128,0.02897624634206295,0.009212977439165115,0.016137623228132725,0.044257814437150954,0.003985197143629193,0.4960219651460648,0.011529045412316918,0.14799785874783994,0.0005719564040191471,0.01331149898469448,0.041744507104158404,0.006573758367449045,0.7731143474578858,0.06955243051052093,-4.503614680484452,72.72245289074172,24.30324379663827,5.998534076825859,-9.048612585677807,2.5205265114074367,0.7726083062373195,45.11613230166487,-0.1102255747052796,-2.856541445566866
4983b0eee5932e8f4e3cda6df902303f,Cc1cc(CCCOc2c(C)cc(cc2C)-c2noc(n2)C(F)(F)F)on1,381.35400000000004,4.680260000000003,6.0,0.0,4.0,0.5773593757304345,0.0,74.18,0.5156963646411896,0.888596510887146,0.948921000957489,0.7367957472801209,0.7348189115524292,0.20284190624952317,0.6097899377346039,0.19289136230945586,0.013495381316170096,0.8599458813667298,0.19884883239865303,0.36803863644599916,0.0552531317807734,0.92639240026474,0.9999278426170349,0.008051612111739815,0.09184131398797035,0.6184478640556336,0.3008054971694946,0.04559908509254455,0.23837335407733917,0.02830185741186142,0.9757429122924804,0.5621587634086609,0.6120521664619446,0.14413489401340485,0.056428305059671405,0.38662490248680115,0.12067081108689308,0.24138076305389405,0.5838697135448456,-4.71279227142445,48.63099100514359,38.8507707610626,-3.147507517381796,-4.267694962173663,2.96843753327268,3.699135323196939,101.85652076126652,-5.566056366502908,5.780889565357992
af30d2e98324cd61de68c7722fa3a727,CCN(CC)C(=O)C(=C\c1cc(O)c(O)c(c1)[N+]([O-])=O)\C#N,305.2900000000001,1.7813800000000002,6.0,2.0,4.0,0.2804185366489382,0.0,127.69999999999999,0.5604739010334014,0.3906772255897522,0.6790020167827606,0.6152521431446075,0.17203499227762223,0.0928606167435646,0.2781456172466278,0.036045211367309093,0.08642093241214752,0.5721019208431244,0.6932530283927918,0.12823431864380835,0.016100488044321536,0.877102506160736,0.9991076827049256,0.008665311057120562,0.005193451163358986,0.09312471002340317,0.14601252004504203,0.08878618329763413,0.10576960742473603,0.016948074474930762,0.9218006253242492,0.04438664652407169,0.7673776626586915,0.041945884376764296,0.12735376954078675,0.9105627417564393,0.11145659238100052,0.9388933300971984,0.19740638881921768,-4.905520356838819,75.43332312135915,39.83570976855698,-0.6221589481939145,-11.633231634886595,2.9713214855481658,0.8476972658946981,80.09763037813923,-2.83960267895901,3.970073368767865
4039832b8b1c690fe86f6ece02f2be2c,COCCN1CCN(Cc2ccc(cc2)-c2n[nH]c3-c4cccc(NC(=O)NN5CCOCC5)c4C(=O)c23)CC1,545.6440000000002,2.4208000000000007,8.0,3.0,3.0,0.3093922698692974,0.0,115.06,0.5917740285396575,0.7141099870204926,0.7356415033340454,0.17158036045730113,0.36861383318901064,0.25094433426856994,0.4623491197824478,0.24864695966243744,0.1019610196352005,0.37838212549686434,0.7257068872451782,0.41398111879825594,0.8933139920234681,0.9407618403434753,0.9662410974502563,0.01932569881901145,0.01819534720852971,0.5446271896362305,0.06346163153648376,0.019293111003935336,0.03421095237135887,0.01174621437676251,0.538735955953598,0.5525555580854415,0.34580637216567994,0.09250360876321792,0.02477591149508953,0.48783278465270996,0.47348374128341675,0.381272965669632,0.958165419101715,-4.966899899709317,-10.016853835938802,24.429638497271576,83.62566522152912,-12.744615995979057,2.311651331759889,1.9811427353287279,78.87388435160976,-3.9772267865394246,4.442696749537523
9015b00295d290548d547efec5fc2462,COc1c(O[C@@H]2O[C@H](CO)[C@@H](O)[C@H](O)[C@H]2O)cc2CC[C@H](NC(C)=O)c3cc(=O)c(SC)ccc3-c2c1OC,563.6250000000003,0.7549999999999997,11.0,5.0,2.0,0.3021615041785592,6.0,164.01,0.49649629592895506,0.08188965506851673,0.7158186435699463,0.008844278822652995,0.06359233483672141,0.08591552153229713,0.029750253073871136,0.0465906485915184,0.022644820529967545,0.6184510409832,0.13799706995487213,0.07753175869584084,0.14177358150482178,0.7640155673027038,0.4674994483590126,0.03371423948556185,0.038722337782382966,0.08729436732828617,0.03589458521455526,0.05003749765455723,0.14947564899921417,0.017339781299233435,0.2780851870775223,0.43758237957954405,0.18616616427898408,0.0700015164911747,0.012467733584344387,0.09240268543362617,0.21699183583259582,0.1551803469657898,0.47474177181720734,-6.054338698292878,0.18447522403298605,53.60251393177914,52.94013960565809,-14.441004983584714,3.052198578158676,0.5830521012064276,67.19575651711764,-2.135588732836464,2.438728948722377
0c4f5415606ed45cec474b031a8540dd,COc1ccc(cc1)-c1coc2cc(O)ccc2c1=O,268.268,3.1742000000000017,4.0,1.0,4.0,0.7751029818957303,0.0,59.67,0.41667869687080383,0.3287099778652191,0.5406345367431641,0.9706320881843566,0.770861554145813,0.2069435715675354,0.5022905170917511,0.22595178037881852,0.38588823974132536,0.5262588202953339,0.7994136691093445,0.020521056046709417,0.017677486501634122,0.8406062364578247,0.9997777819633484,0.02238054070621729,0.1253974586725235,0.8046159505844116,0.4626471221446991,0.7052158355712891,0.8128709912300109,0.07190056256949902,0.9205934405326843,0.6497984886169433,0.7405798196792602,0.7415322422981262,0.1561024859547615,0.7874483823776245,0.2550163626670837,0.46595594882965086,0.5154948532581329,-4.668734196269439,116.55522454307246,48.12582182347476,-14.235072197844925,-10.398972223917896,2.2601769567649272,3.2371898574450584,95.4939482025333,-4.652403316449745,-5.634790023895684
613ad710a0d8863e271d445cad0b5697,Cc1nc-2c(CCN(C(=O)c3ccc(NC(=O)c4ccccc4-c4ccccc4)cc3)c3ccccc-23)[nH]1,498.5860000000001,6.507320000000005,3.0,2.0,3.0,0.29660705972876805,0.0,78.09,0.1894131362438202,0.5941094219684601,0.7885558366775512,0.214626444876194,0.8940473198890686,0.5950313448905945,0.9135887026786804,0.18608545660972595,0.16173376888036728,0.864189863204956,0.8509356141090393,0.4875482708215714,0.23859679251909255,0.9444748520851135,0.9987666964530945,0.006060583959333598,0.014974897354841232,0.5611917197704315,0.17534177601337433,0.00857509383931756,0.06738641485571861,0.06283433362841606,0.781262195110321,0.988420283794403,0.6781361818313598,0.07014411576092243,0.24638211727142334,0.7468859076499939,0.20250474363565446,0.20557841658592224,0.9721830129623413,-5.3737196402269385,39.10015147937196,50.052055741474994,72.83743351031048,-10.974232819168723,2.8109332395867987,4.112093494537275,97.85950558409357,-5.746968471779826,-0.01372434549387309
953113a6e1f908923b2e593f07decabe,CC(C)(Cc1ccc2ccccc2c1)NC[C@@H](O)COc1cccc(Cl)c1C#N,408.92900000000014,4.715480000000005,4.0,2.0,4.0,0.5658359244116322,1.0,65.28,0.21014542877674103,0.5982089877128601,0.8284706711769104,0.7838303089141846,0.638510924577713,0.25076723396778106,0.23575081527233124,0.8393964648246766,0.9497627973556518,0.7525368452072143,0.7090796411037446,0.539651894569397,0.4187504887580872,0.21297891736030578,0.9993560433387756,0.0040565514471381904,0.004080139636062086,0.34435638785362244,0.16977525353431702,0.01730388104915619,0.03515183310955763,0.019545055087655784,0.8819128036499023,0.9559563398361206,0.12062579393386841,0.0014065796509385108,0.09374674037098885,0.5531682312488556,0.02599554806947708,0.4064213871955872,0.9822096467018128,-5.180171154696802,46.13901326695556,46.81066348891278,66.55629231390913,-10.45460278720876,3.5704226640640306,3.247652377155725,94.68054710113564,-4.877628756207992,2.891826456242818
94ce9cae5b9ec39f2cba5b26420b0626,O=C1c2ccccc2C(Cc2ccncc2)(Cc2ccncc2)c2ccccc12,376.45900000000006,4.792500000000004,3.0,0.0,4.0,0.5141364806645303,0.0,42.85,0.15416974127292632,0.875157105922699,0.8316568017005921,0.9435752630233765,0.9858729362487793,0.31442601680755616,0.9913153886795044,0.1510843366384506,0.6870389580726624,0.5065477550029754,0.9948565483093261,0.03197649773210287,0.28061534464359283,0.6720674276351929,0.9999968767166137,0.028017480857670307,0.013312945701181888,0.3386204332113266,0.7337298512458801,0.11492962539196014,0.18186257779598236,0.03754568146541715,0.9571674108505249,0.8829201221466064,0.5844311892986298,0.02531930208206177,0.26247610449790953,0.7412992715835571,0.0726775661110878,0.5255507290363312,0.9123523116111756,-4.84915258778536,57.305772281358784,23.786263402850558,68.10470466166859,-7.981300915192472,2.8614545816777066,3.3553439453564082,92.30140414282138,-4.663261397587606,0.7256854725062324
6c4f6d61d3df6f5f61200477638152d6,Nc1ccn([C@H]2CC[C@@H](CO)O2)c(=O)n1,211.22099999999998,-0.5046000000000002,6.0,2.0,4.0,0.6875458801290978,2.0,90.36999999999999,0.8994286298751831,0.8902010440826416,0.959830367565155,0.0024860394194547554,0.0013456502958433703,0.1040266364812851,0.0009156659936707002,0.02583028543740511,0.00021329536866687704,0.07443506196141243,0.0002475735927873757,0.19688356816768646,0.15685732290148735,0.8669588804244995,0.9977297067642212,0.005727899493649602,0.014459544653072953,0.017381841875612737,0.028006910160183907,0.005201002233661711,0.1303304687142372,0.0014102643326623365,0.17282074689865112,0.001367947368999012,0.03963826727122068,0.01001230552792549,0.0024473190773278476,0.006129060569219291,0.12159630730748176,0.4850710153579712,0.049585748091340066,-5.176522571239372,24.644370828232926,-19.09247774603738,7.116926926394538,-17.889028679589195,2.1142566418246784,-1.0097990635356102,21.85011023670985,-0.6269808471521403,1.3746505867590164
e03679ebc2b06acfde0fc6389ad0a505,C[C@H]1COc2c(N3CCN(C)CC3)c(F)cc3c2n1cc(C(O)=O)c3=O,361.37300000000005,1.544,6.0,1.0,4.0,0.8747398264671755,1.0,75.01,0.6964797854423523,0.3915079891681671,0.914890706539154,0.004884171509183943,0.01428613499738276,0.12704746201634406,0.02374548460356891,0.026924729254096745,0.023659560643136502,0.09688265733420849,0.007654939265921712,0.2843283236026764,0.5632150053977967,0.9418805480003357,0.8762091040611267,0.048191598430275914,0.10623100996017457,0.014530709106475114,0.012660031858831643,0.019738602824509142,0.09342679306864739,0.006366663798689842,0.2346896782517433,0.017874478455632926,0.07348235920071602,0.011491858586668968,0.0020841803634539247,0.005379459820687771,0.02647553812712431,0.23082352578639984,0.08635875955224037,-4.487432860191942,4.167870772471101,-11.456115698596665,6.379408543124868,-11.370553817444632,2.124649885625755,-0.5870771262687302,48.75589410324277,-2.57581128301676,6.9170826937008325
1dba969f55737786aeee4ee57eb81045,OC[C@H]1O[C@H]([C@H](O)[C@@H]1O)n1cnc2c(NC3CCCC3)ncnc12,335.3640000000001,-0.20770000000000066,9.0,4.0,4.0,0.6047937360507765,4.0,125.55,0.7435456693172455,0.7525563478469849,0.7892701148986816,0.009945810039062053,0.020457011461257935,0.09167119115591049,0.02372617186047137,0.02847545500844717,0.007362323348934297,0.2008514493703842,0.008165368041954935,0.04012738801538944,0.30938541889190674,0.9332531213760376,0.9852313995361328,0.008895798120647669,0.010196690773591399,0.22513515800237655,0.3071495100855827,0.028031709231436254,0.1404370665550232,0.01624345574527979,0.2757862567901611,0.020436554588377474,0.4418577551841736,0.10030989721417427,0.050155234336853025,0.10623703226447105,0.5812198400497437,0.4288657486438751,0.2851844072341919,-5.677379021941996,20.627712453073052,-5.027443549839481,27.204206748761578,-16.779309653224512,2.662114477326658,0.8585924378882528,55.30085868806746,-2.4650418404410055,-0.7261161645410519
0e94d6ce72079fe11066457aac4145b2,CCCCc1nc(Cl)c(C(O)=O)n1Cc1ccc(cc1)-c1ccccc1-c1nn[nH]n1,436.90300000000013,4.472700000000003,6.0,2.0,4.0,0.42128905692520874,0.0,109.58,0.09574702605605126,0.16097908988595008,0.9004232525825501,0.16647423505783082,0.8574870705604554,0.27427131235599517,0.8866213321685791,0.02043685931712389,0.1982055738568306,0.3252321362495422,0.6532392382621766,0.2574069440364838,0.2924090325832367,0.964525556564331,0.988630735874176,0.004003161948639899,0.00907744113355875,0.09059420004487037,0.12427021861076355,0.02556437309831381,0.07978510186076164,0.29356834292411804,0.4287924110889435,0.43760218024253844,0.43825097680091857,0.012020199745893478,0.04338371567428112,0.11848712638020516,0.033365911617875096,0.34590409100055697,0.20844412446022034,-5.831624825275805,5.916828484294996,1.9774362422697755,-19.039832179475326,-10.048062010587653,1.767085654917739,0.2301514912530783,99.13996974602719,-4.302870751576959,-0.04277897142181937
a8d354f78f392f6e8bf5435af023c167,N[C@@H]1CCCCN(C1)c1c(F)cc2c(c1Cl)n(cc(C(O)=O)c2=O)C1CC1,393.84600000000023,3.144700000000001,5.0,2.0,4.0,0.8358049633327452,1.0,88.56,0.5710804432630538,0.36477898955345156,0.9315456271171569,0.011689920164644717,0.014198972005397081,0.040592517144978045,0.04560696352273226,0.027157758083194494,0.03938217200338841,0.13758068010210991,0.1826878473162651,0.20112761333584786,0.5686212539672851,0.9050539612770081,0.992223060131073,0.16995866373181343,0.29178392291069033,0.0992412343621254,0.1986615002155304,0.06573007777333259,0.1372009664773941,0.036346394941210745,0.2960986286401749,0.01487237550318241,0.2332281082868576,0.10716371834278107,0.011714340001344681,0.09693928956985473,0.13221120983362197,0.17765577584505082,0.11601039692759514,-4.992085325887904,28.98178966459985,0.03603648740398384,14.245567040100678,-11.354179061568342,2.5244328986449327,0.09679410198034218,61.67624141959872,-5.134987305227495,2.618975446396702
14b2b6c1997a433c27f9be47b7238328,CN(C)CC\C=C1/c2ccccc2CSc2ccccc12,295.451,4.675700000000004,2.0,0.0,4.0,0.8088707188299813,0.0,3.24,0.3208915412425995,0.9950757265090943,0.8614404082298279,0.7178327202796936,0.21373175978660583,0.5565000712871552,0.02472023218870163,0.8140618920326232,0.8365909934043885,0.7517340898513794,0.1561993196606636,0.15690174251794814,0.41689293682575224,0.5075957596302032,0.9983787775039673,0.009311771858483553,0.0150826808065176,0.07298610582947732,0.04698093570768833,0.02058549430221319,0.07724658511579037,0.018303937371820213,0.957803738117218,0.6827516674995422,0.14387191981077194,0.004453811468556524,0.04290073402225971,0.10365255251526832,0.0461650412529707,0.8683637857437134,0.9465293645858764,-4.703300116588364,73.35982579443264,31.229229158568693,5.385034454479138,-5.968792037393918,2.841050349886335,2.5313476847055423,78.16502902406111,-4.586977181881898,-0.2653232900826622
c3ec8e6d54ecd1858d203b88862308f4,CC(C)CCC[C@@H](C)[C@H]1CC[C@H]2\C(CCC[C@]12C)=C\C=C1\C[C@@H](O)C[C@H](O)C1=C,400.6470000000001,6.589800000000009,2.0,2.0,3.0,0.5277905059697586,6.0,40.46,0.3239091485738754,0.7958679795265198,0.7139035522937774,0.011606825212948025,0.11118917316198348,0.0932808555662632,0.05461723543703556,0.12698202431201935,0.08921060169814155,0.7707552909851074,0.1925650343298912,0.29634260684251784,0.11393716037273408,0.20629968047142028,0.999242651462555,0.01098254807293415,0.019331315718591213,0.03700485527515411,0.10328794419765472,0.04124595113098621,0.11658621579408646,0.04510571770370007,0.9181841015815735,0.9117215871810913,0.7757859706878663,0.012458543153479695,0.6438058197498322,0.6316870391368866,0.09577107056975365,0.6992761254310608,0.5809804797172546,-4.938603061992695,59.80018127141185,57.56190215417256,7.698620593141963,-3.743092582273941,4.1992996557178035,4.206315162310139,103.71876235610004,-5.965275315787747,5.726917560801846
b28a2bc739b2b3cbe13bb4422ec49ae0,COc1cc(CN(CCN)C(=O)c2cccs2)ccc1OCc1ccccc1,396.51200000000017,3.9368000000000025,5.0,1.0,4.0,0.595047898521426,0.0,64.79,0.23751720786094666,0.7988774657249451,0.7691484212875366,0.77994464635849,0.9490121722221374,0.3768738448619843,0.879991888999939,0.3776808649301529,0.7126981019973755,0.7351870656013488,0.9915315747261048,0.16904506981372833,0.15112246051430703,0.47499879002571105,0.9996009588241577,0.01632759892381728,0.018977443128824233,0.18989221304655074,0.2878748655319214,0.05044976621866226,0.21365273594856263,0.06895723268389702,0.9454319596290588,0.9076314926147461,0.41787236332893374,0.048916369676589966,0.168894661962986,0.3350465208292007,0.03771464489400387,0.2976229339838028,0.8944464445114135,-5.0866946287005055,113.46529896487152,68.72598638465928,-1.4546615464568908,-9.089343085827096,2.761398358768255,2.4116964915513552,86.73620346642453,-3.8890697038816837,-10.652740316565996
c8edf52f168c57877185f2c7be6db784,NC(=N)\N=C(/N)N1CCOCC1,171.20399999999998,-1.4732299999999994,2.0,3.0,4.0,0.3056264957964984,0.0,100.72,0.10839859172701835,0.6724937081336975,0.8589188098907471,0.012521076574921608,0.007595146796666086,0.013251076359301806,0.0007642473967280239,0.15615660548210145,0.007526262477040291,0.05290235839784145,8.104532598736114e-05,0.027282329555600882,0.011685024766484276,0.10650861859321595,0.9252967476844788,0.001992490334669128,0.008584029937628657,0.004149159672670067,0.00014110698466538452,0.004164696263615042,0.03272255659103394,0.00011375090998626547,0.25991985350847246,0.000717072281986475,0.008417738508433104,0.0005452417675769538,0.0028167639626190065,0.0004665378841309575,0.004863980045774952,0.6681028187274933,0.02504188837483525,-5.701176756360791,-30.665814630227562,-31.830123469498336,-23.226446515261017,-12.944364803009117,1.973404070175078,-1.3799291958355746,-12.041251344663056,-0.7109580787611935,-4.170836717159391
ababe2b15f07122cd092c3c975789e48,COc1cc(C[C@@H](CO)[C@H](CO)Cc2ccc(O)c(OC)c2)ccc1O,362.4220000000001,2.1172,6.0,4.0,4.0,0.5453087386391281,2.0,99.38000000000001,0.03880578335374594,0.2968189656734467,0.5473946452140808,0.3885160431265831,0.3334091454744339,0.2580606997013092,0.32558187246322634,0.4821128845214844,0.34380594789981844,0.6647391021251678,0.5560483872890473,0.09752436354756355,0.05967516750097275,0.06899567879736423,0.9955934882164001,0.007478496618568897,0.014891599491238593,0.13373850844800472,0.03451594151556492,0.038145906291902065,0.061195661500096324,0.012566889915615321,0.6544866442680359,0.29392304718494416,0.035830699279904364,0.005487560480833054,0.055306633561849596,0.11178271733224392,0.02611708575859666,0.2828975260257721,0.772022807598114,-5.543064823325748,62.31881496881617,21.86717378895525,-31.04060075140428,-9.41207400828483,1.329041969917253,1.3506910439690167,66.26486393039244,-2.2880284326892966,-6.438720278957423
e1fdb32310caf92383ef286160c917ab,Fc1ccc(cc1)-n1ncc2cc(ccc12)-c1ccc(NS(=O)(=O)Cc2ccccc2)cc1C(F)(F)F,525.5270000000003,6.7923000000000044,4.0,1.0,2.0,0.2483488309772138,0.0,63.99,0.05574573203921318,0.603141474723816,0.8161293268203735,0.670835304260254,0.7257214903831481,0.4538338601589203,0.4676498085260391,0.10514481216669083,0.27409354150295256,0.522141820192337,0.8036305904388428,0.7674635410308838,0.11861099004745483,0.9626742362976074,0.9988808393478393,0.03992960788309574,0.03378831390291452,0.0853098463267088,0.2385676234960556,0.017657548747956754,0.07977995201945305,0.14898976311087608,0.6724274039268494,0.8765608429908752,0.6014241814613343,0.010956112574785948,0.04883134737610817,0.7688486456871033,0.18047049045562744,0.10550297051668167,0.9637194514274597,-4.956890356863198,30.09676202220005,32.87715574908431,58.8281769558943,-6.6920126029658515,3.6207605580653115,3.9072760193320413,107.83452898105345,-6.8178942115445125,3.7294685297825216
29f9a9d578eb62796e39d4d1f8bb6be8,N[C@@H](Cc1ccc(cc1)[N+]([O-])(CCCl)CCCl)C(O)=O,321.20399999999995,1.9237,3.0,2.0,4.0,0.4350346404909892,1.0,86.38,0.9281669735908509,0.2193745940923691,0.9064670324325561,0.012750106351450085,0.020527621870860456,0.13616682440042496,0.012700336473062634,0.09299058392643929,0.012179873930290342,0.21455212384462358,0.04635381391271949,0.616880065202713,0.033044213813263924,0.1367935120128095,0.26372720338404176,0.02515202611684799,0.01616977257654071,0.028803799115121365,0.0038981053628958763,0.030053260270506144,0.05132446065545082,0.01467814106727019,0.0692215085029602,0.002813896554289386,0.09623690992593766,0.0795587994158268,0.005513608863111585,0.0012880403075541836,0.03876814497634769,0.7215045630931854,0.06811995375901461,-5.562960804803561,11.669993326123706,-22.7110942376428,-20.131595855334655,-11.141911210873266,2.744126222551478,-1.2253096794054825,41.05465775401184,-1.6200437700358876,4.052603698944329
c4d0825171c03669a7b3c6e502822903,CC(F)(F)c1cc(F)ccc1-c1sc2cc(O)ccc2c1Oc1ccc(\C=C\C(O)=O)cc1,470.4680000000002,7.414800000000006,4.0,2.0,3.0,0.2879640492728971,0.0,66.75999999999999,0.23302823454141616,0.46535955667495726,0.7850387454032898,0.3214658200740814,0.24587091207504272,0.4669073700904846,0.5390834033489227,0.034414848871529104,0.06194541621953249,0.3574002832174301,0.0949450321495533,0.42114211320877076,0.06850795820355415,0.9268608212471008,0.9874957799911499,0.018225733190774918,0.03402097560465336,0.09989077895879746,0.29041672348976133,0.18919188678264617,0.5469653069972992,0.6710215151309967,0.3188624709844589,0.7285323858261108,0.6628108978271484,0.08801554702222347,0.3508745491504669,0.6946103811264038,0.29307364821434023,0.40068036019802095,0.5581674396991729,-5.444331328593975,25.17746842340998,5.7311651307319575,4.693511354243142,-8.382114152636243,3.7123846786905084,2.569523038773673,106.55940087879767,-5.923101234386289,-7.055517648101334
f2e3fc7a08b8b45c645bbd02bc987aaf,O[C@H]([C@H]1C[C@@H]2CC[N@]1C[C@@H]2C=C)c1ccnc2ccccc12,294.398,3.164600000000002,3.0,1.0,4.0,0.8834235503255572,5.0,36.36,0.27762848138809204,0.9060701966285706,0.8009073615074158,0.08333901166915894,0.08221496269106865,0.1284780941903591,0.030702818650752306,0.42652714252471924,0.4802692413330078,0.47882617712020875,0.11302292048931122,0.019333533756434918,0.606447184085846,0.0856775090098381,0.9998284339904785,0.03720834292471409,0.18989488631486892,0.2023440644145012,0.06060772389173508,0.058279070630669595,0.3147603616118431,0.001596714707557112,0.8959087014198304,0.27178469598293303,0.0840079091489315,0.0035501766484230756,0.016711398400366305,0.011062650382518769,0.01444586282595992,0.46983930468559265,0.7985957860946655,-4.786284026129268,40.076177945185826,5.860887337259102,8.48834795909753,-10.784660919971738,3.0753444719343883,1.8136948645016837,68.74694960036686,-2.681547912140326,2.8523663083120097
8ac1fd6ee69512ce81be34c118605972,NC(=N)NCc1cccc(I)c1,275.09299999999996,1.27427,1.0,3.0,4.0,0.43224958777888783,0.0,61.900000000000006,0.3104147590696812,0.6537708520889283,0.8647884130477905,0.05067415141966194,0.038688725233078,0.031088899448513986,0.0006208985389093869,0.49131078720092775,0.5226327508687973,0.13160224482417107,0.007198247406631708,0.10719728916883468,0.022296913783065975,0.03524788087233901,0.981682550907135,0.005491530941799283,0.03516489267349243,0.014836093550547958,0.0007350257088546641,0.01172494925558567,0.0909053586423397,0.00016223133825405968,0.37054293155670165,0.007967425044625998,0.024009190034121275,0.0003609345505537931,0.0038136876304633916,0.0014507010208035353,0.000650839728768915,0.7847117781639099,0.07652675919234753,-5.847420077647186,-0.4406652140957668,-23.228700536818046,11.53638876644247,-10.325457171069244,2.5629417304609876,-0.5351485604319756,26.25529506291012,-1.1149732215760662,8.06865199863243
b0ab81f759fa1b64e43fd796b579d5a9,Cc1c(Cn2ccnc2)c2ccccc2n1CCC(O)=O,283.33099999999996,2.669220000000001,4.0,1.0,4.0,0.7828024589076461,0.0,60.050000000000004,0.21416664347052575,0.7646799087524414,0.8807644486427307,0.17577739655971528,0.3351530969142914,0.3570453286170959,0.16772724092006683,0.04308542534708977,0.45285016894340513,0.23605990111827851,0.49928451180458067,0.031755552254617216,0.31649413257837294,0.7361399412155152,0.9993059158325195,0.0026520855142734947,0.005286400578916073,0.3178887486457825,0.04963570162653923,0.006638400605879724,0.01862264480441809,0.01808945881202817,0.3250261962413788,0.03804096858948469,0.06498823612928391,0.002236396953230724,0.03552519343793392,0.004227896383963525,0.007228922052308917,0.4440841645002365,0.120780348777771,-4.873675979802037,-8.246605102734776,6.313087866152151,-12.097347886234285,-11.35317805256063,2.3123266866600836,-1.0298834600222613,73.87745376451791,-2.0989229312582425,-1.656114081155275
78ec37a1067c8b48aecfdfac9d74c4b3,ClCCC(=O)NCc1ccccc1,197.66500000000002,1.9317,1.0,1.0,4.0,0.734809007214607,0.0,29.1,0.8643216967582703,0.9809370040893555,0.9348858714103698,0.42385765314102175,0.4516651272773743,0.12368162423372268,0.0103512576315552,0.16767250895500183,0.058288227021694186,0.5599246144294738,0.057358414866030216,0.637652587890625,0.047403079085052015,0.17117321640253066,0.9997391700744629,0.022786985896527768,0.005951746390201152,0.026156712509691715,0.004940693418029695,0.0097600560169667,0.24266476929187775,0.003753563086502254,0.9196320414543152,0.005584368668496609,0.2166431039571762,0.018654185440391303,0.02582249203696847,0.005260676573379896,0.01605856716632843,0.8919938921928405,0.11171798668801784,-4.43838426333304,65.95188411541146,50.83153038441876,1.4501233881547997,-8.278306207399925,1.97897910410226,2.195384331765328,60.40104412529389,-2.2118848359109013,-7.636077708667223
16a38b729edc5f5fa4af755d55af6359,O=C(N1CCCCC1)c1ccc2nccnc2c1,241.29400000000004,2.2559000000000005,3.0,0.0,4.0,0.768949563083012,0.0,46.09,0.17997659668326377,0.9901070356369018,0.9120306849479676,0.5957391262054443,0.44114806056022643,0.2853817671537399,0.11804344616830349,0.38022826611995697,0.008352123154327273,0.41063947081565855,0.05470141172409058,0.027822443284094334,0.2328219383955002,0.6603492975234986,0.9999105930328369,0.0066258378326892855,0.03310458958148956,0.06986077278852462,0.023334509506821633,0.006851651216857135,0.23064909875392914,0.001407463860232383,0.9774089694023133,0.0448072362691164,0.06066889464855194,0.02147902799770236,0.01568382643163204,0.0023358922800980507,0.00507109024329111,0.5015817403793335,0.2477692261338234,-4.189047435215305,54.23464125951536,36.36752557499834,8.194799934947774,-11.855649425185115,2.4814066584641132,1.3616372324976556,50.719096586310364,-1.9046685566249981,-2.1411989771821918
527cb40539bf969abf151881d2903acc,CNc1ncc2cc(-c3c(Cl)c(OC)cc(OC)c3Cl)c(=O)n(CCCN3CCN(CC3)C(=O)C=C)c2n1,561.4700000000004,3.544500000000002,9.0,1.0,3.0,0.39628132153590423,0.0,101.82000000000001,0.44280622005462644,0.5441442906856537,0.7258125185966492,0.09474925920367241,0.24599574506282806,0.24164414405822754,0.3105491906404495,0.26070102453231814,0.09818494245409966,0.8519412875175476,0.7465662240982056,0.2850212246179581,0.651518177986145,0.9630610942840576,0.9858704209327698,0.026239904575049877,0.01271597556769848,0.20658763349056244,0.17233598381280898,0.049426492489874366,0.04819793328642845,0.04085873924195767,0.9226363062858581,0.8327241539955139,0.6340830445289611,0.06888723820447921,0.0780910536646843,0.2724845916032791,0.4415657877922058,0.3080976217985153,0.9389637470245361,-4.9280461689244355,33.27784094060839,77.54389236526133,70.94085808122978,-11.150300935768025,3.033061567151628,2.637828634040829,86.74976382943434,-4.3801700170800775,5.141830326660072
655d0fbe392ec315ae63032dbac561fe,NC(=N)SCCCC#N,143.215,0.9168500000000002,3.0,2.0,4.0,0.3502195314286166,0.0,73.66,0.1267212349921465,0.7995003819465637,0.6692797422409058,0.0052370622346643355,0.006581906322389841,0.06236875727772713,0.001351903402246535,0.4372259497642517,0.01764483079314232,0.1072804044932127,0.0013193599816986533,0.16344996839761733,0.019143760949373246,0.03041184484027326,0.8702546954154968,0.006289819185622036,0.008371895924210549,0.0038259936147369443,0.0013730803106227541,0.01853970978409052,0.06645339652895928,0.00036766754064387897,0.3127210189588368,0.03351232632994652,0.022217938397079705,0.0004518946391726786,0.002442342261201702,0.0006323782581603155,0.0012038527202093974,0.6286319613456726,0.11918325126171112,-5.685276898900951,-2.1264429875248454,-42.99979421942051,11.194849395127243,-8.934204367137662,2.65382511079635,-0.2831542583509523,19.77396494445211,0.06560374894256275,8.033906285147651
6b86014c8a1c4df640934c0f64b79cc5,O[C@@H]1Cc2c(O)cc(O)cc2O[C@@H]1c1cc(O)c(=O)c2c(O)c(O)cc(cc12)[C@H]1Oc2cc(O)cc(O)c2C[C@H]1O,564.4990000000003,2.1650000000000005,12.0,9.0,1.0,0.17110667698500992,4.0,217.59999999999997,0.3503927528858185,0.060968073830008504,0.32758607268333434,0.11599275842308998,0.12492326349020004,0.07004599943757057,0.16065594404935837,0.04065738581120968,0.06053500659763813,0.5525050580501556,0.10118686836212873,0.07852340117096901,0.20084739550948144,0.86358243227005,0.7034948468208313,0.11457737237215042,0.06633660439401864,0.18676996231079102,0.25576757490634916,0.07945863306522369,0.17906763255596161,0.017132222559303044,0.20249638259410857,0.5298879683017731,0.18217657282948493,0.08145486563444138,0.08916421253234148,0.5059402167797089,0.275244465470314,0.26974029541015626,0.7568911433219909,-6.462473785843239,10.516724566909433,37.532533637414986,50.73088414420855,-12.418887815577492,3.7798093646987105,0.6845730712049583,75.4324966935306,-2.435187038482747,8.514858651308984
7629689636cb8f9fd6e479643cb33394,NC(=O)CN1CCCC1=O,142.158,-0.9059000000000004,2.0,1.0,4.0,0.5423834786401206,0.0,63.400000000000006,0.16890508718788624,0.9824285387992859,0.823429274559021,0.000528083520475775,0.00600059146527201,0.03146991766989231,0.0005296507879393175,0.04062737710773945,0.0007232059637317434,0.17310084253549576,0.000335205320516252,0.09772508032619953,0.015801802463829517,0.10228280872106552,0.9958212018013001,0.005967914825305343,0.008996727596968412,0.00044822956551797687,0.00021623040379381564,0.001983838958403794,0.0344351552426815,0.0005312345003403607,0.4071620166301727,0.0009552811156027019,0.007428036793135107,0.00017188824122058577,0.004306339984759688,2.8986289316890178e-05,0.0007635392423253507,0.6472278475761414,0.006201422773301601,-4.815076534787155,-6.694400257726483,-18.053224654467765,5.303457863667015,-14.037656346228783,1.546696179676053,-0.8577952793685725,0.7890065362233315,-0.11395427930947086,-0.03985537870172244
7b5262781a8964241f987b75e6b17cc6,CS(=O)(=O)c1ccc(cc1)[C@@H](O)[C@@H](CO)NC(=O)C(Cl)Cl,356.2270000000001,0.40430000000000027,5.0,3.0,4.0,0.6406363565705827,2.0,103.70000000000002,0.2654378890991211,0.541348785161972,0.7686044096946716,0.02828180678188801,0.11288747023791075,0.3455189734697342,0.006593904714100063,0.08366385698318482,0.01895338613539934,0.29386391341686247,0.017683303216472268,0.7590411067008972,0.0585912749171257,0.5308234632015228,0.9465114831924438,0.02543096160516143,0.023544218577444553,0.0025396457640454173,0.0056122079957276584,0.004312940873205662,0.0588525228202343,0.001993543191929348,0.323627969622612,0.141707906126976,0.0942986100912094,0.0008815614914055913,0.004454588354565203,0.013523845886811613,0.002915670504444279,0.20299001187086105,0.1148602705448866,-5.923931706904706,30.175697703831325,-4.488714464164483,39.598004065987354,-15.480332069134969,1.7474984623556626,0.2785847452220699,47.965099328849725,-1.8728004404493688,-2.284249776901735
3b026ef2fa2e82927e4890b68f2432a0,CC(=O)N1CC[N+](C)(C)CC1,157.23699999999997,-0.07509999999999994,1.0,0.0,4.0,0.450540488959508,0.0,20.310000000000002,0.016105292341671885,0.4742855578660965,0.14065707921981813,1.0950020259770099e-05,9.77101648459211e-05,0.11733125932514668,2.5721968619052403e-06,0.14500682353973388,1.6278396714142218e-05,0.22564283665269613,6.707549444762151e-08,0.021922822727356107,0.00023629106734119888,0.0006152013447717763,0.0003112926064879673,0.00039140748340287245,0.011670804489403963,1.1941775449031411e-05,3.0378506676242977e-05,0.00040762744029052553,0.054459482058882715,1.359685444235481e-06,0.3264659084379673,4.501589816072737e-05,0.011880027042934671,4.180037586820618e-06,5.0210407565032256e-06,7.562184826781504e-06,1.0875984355607215e-05,0.9789497137069703,0.08832374997437001,-4.405758986795848,-9.82700068317809,-29.279968205501746,-80.73125075241919,-10.616338715455361,1.5111236171503435,-2.013425982341081,-53.414254009351474,1.2327326846932942,-21.37882991639666
573d3cfc85a5286823647b69e712b8c0,CC(C)CCNc1ncccc1C(=O)N1CCN(Cc2ccccc2)CC1,366.5090000000001,3.497600000000002,4.0,1.0,4.0,0.8147724902715634,0.0,48.470000000000006,0.16298095136880875,0.970005989074707,0.7488750457763672,0.15607566833496095,0.6912544012069702,0.5594219028949737,0.6459954857826233,0.5656569600105286,0.6995200514793396,0.7142838120460511,0.6621895015239716,0.23137010782957076,0.7492498517036438,0.3780101418495178,0.9997965335845947,0.004118331940844655,0.009691508021205664,0.09850832894444465,0.049529800191521645,0.007272265525534749,0.05094873458147049,0.0035049754893407225,0.9784775495529174,0.7608097314834594,0.31855506300926206,0.003836716269142926,0.02968693021684885,0.12507547438144684,0.009397061169147491,0.5015213668346405,0.9785632610321044,-4.91840153800584,80.02930216311356,73.29337575207309,2.7201881010092834,-9.300618273426236,2.9389122442679367,2.9035894241917237,89.14943643050484,-3.5375484851244474,8.39232412801316
3ab40f393b0c36b8a595ec1aa8404858,OCCOC(=O)c1ccccc1O,182.17499999999998,0.5412999999999999,4.0,2.0,4.0,0.6693949761472795,0.0,66.76,0.01496278545819223,0.7514043092727661,0.4806137144565582,0.5614821463823318,0.11978662461042404,0.2974976718425751,0.056674464419484136,0.11482609361410141,0.017217523790895937,0.28460285663604734,0.0023292921134270726,0.02559941136278212,0.0067716451361775395,0.21583084762096405,0.9999388337135315,0.0023448726366041227,0.00993402893655002,0.017735620797611772,0.002470105467364192,0.0076147015672177075,0.030355875939130784,0.0034477863577194513,0.7989522814750671,0.018510329723358154,0.008698315592482686,0.0009233758319169283,0.00758515577763319,0.008795714564621448,0.0019452937587630004,0.2789048984646797,0.027283496409654617,-4.679448285268615,142.6273832431791,54.37895487820305,-4.074415850362312,-12.432996842417085,1.9183387562426222,1.1781038076745656,67.15629332880232,-1.6453230366643308,2.2181910501585818
7c7b29e3e6a41bb04480a50e78dea29b,Fc1ccc(cc1)C(N1CCN(CC1)c1nc(NCC=C)nc(NCC=C)n1)c1ccc(F)cc1,477.5630000000002,4.257200000000003,7.0,2.0,4.0,0.423119679276289,0.0,69.21000000000001,0.15462453067302703,0.8259493589401246,0.7844451189041137,0.3391674444079399,0.9373279452323914,0.39966288208961487,0.8777270555496216,0.42553046345710754,0.773582911491394,0.7596555113792419,0.9609553337097168,0.4628368020057678,0.5517291605472565,0.9028676390647888,0.9990803003311157,0.002892145118676126,0.00415298396255821,0.2313960999250412,0.1065177008509636,0.007911166362464427,0.0256282614544034,0.02191342692822218,0.9202022671699523,0.8132077693939209,0.6556598126888276,0.012190659809857608,0.07175703197717667,0.6403172254562378,0.11515257358551026,0.375008362531662,0.9780684351921082,-5.171502763430553,63.19396169198571,79.82086419721564,7.283271812715915,-7.939010160715158,2.842323102259449,4.180763697341278,107.3228327690988,-6.463863975844298,12.610237198193756
9a253f0a9316600582d868a399032f81,Oc1cc(O)c2C[C@@H](OC(=O)c3cc(O)c(O)c(O)c3)[C@H](Oc2c1)c1ccc(O)c(O)c1,442.37600000000015,2.5276000000000005,10.0,7.0,3.0,0.23548711271080375,2.0,177.14,0.2392054721713066,0.14677683264017105,0.33972281217575073,0.416377517580986,0.48335092067718505,0.13735233694314958,0.5207749664783478,0.059107580408453944,0.22237237244844438,0.4635294318199158,0.38499384820461274,0.04088325649499893,0.14646288380026817,0.8649433493614197,0.9004140019416809,0.05677404552698136,0.0863785520195961,0.24754635393619537,0.14357515275478364,0.25567296594381334,0.3557938039302826,0.05922810211777687,0.3129923030734062,0.5130061864852905,0.20927982181310653,0.09345625564455987,0.13491228967905045,0.48625696897506715,0.23771024048328399,0.40745028853416443,0.6990474760532379,-6.226752239727807,70.53859024510797,41.79565000094898,10.17056339028637,-9.768955467639424,2.514724848656887,2.0889247285399066,87.51573788398132,-3.0753523306601247,-1.7563070967755299
0ff4cf97af38e7f40a056b9245c27285,CC1(C)[C@H]2C[C@@H]1[C@](C)(O)[C@H](O)C2,170.25199999999998,1.1643,2.0,2.0,4.0,0.5725498405816102,4.0,40.46,0.26805407665669917,0.945609962940216,0.938430917263031,0.0037312899832613764,0.0646594334510155,0.2570251300930977,0.008491588948527352,0.2808869943022728,0.00038806611846666785,0.42927958965301516,0.0022928467724796066,0.02957221046090126,0.007262456463649869,0.028853211645036937,0.9968806266784668,0.001100601714279037,0.009452968835830688,0.004354431270621717,0.004442327981814742,0.02679725978523493,0.08110561072826386,0.0006712730028084479,0.8993503212928772,0.008432137058116495,0.00802158983424306,0.00019575286296458216,0.0038656547956634315,0.024684246629476547,0.003602041184785776,0.5007169246673584,0.1905718393623829,-4.24822385147249,55.508419011297406,-16.79975324159278,13.027480301283457,-9.014623506545862,2.115683233779837,1.1627582359494342,43.23680798964254,-1.6133842662591231,-8.704461487067807
e76111ccdb5280b5b7f64fa382a86acb,OC(=O)c1c2ccccc2cc2ccccc12,222.243,3.691200000000001,1.0,1.0,4.0,0.637361062899367,0.0,37.3,0.09673245549201966,0.4471843183040619,0.8915277242660522,0.44280834794044494,0.03631776012480259,0.5186411499977112,0.08735102452337742,0.03866931572556496,0.01094538946636021,0.1314152203500271,0.0033930279314517975,0.4239807605743408,0.05757641680538654,0.9857499718666076,0.9992557048797608,0.024306237138807772,0.07187219262123108,0.28572010397911074,0.008159484341740608,0.056471659988164905,0.26127369701862335,0.4242391884326935,0.4015618473291397,0.018422765703871847,0.29993443489074706,0.04360733069479465,0.018633086048066617,0.22921577095985413,0.0436723455786705,0.5832180738449096,0.027315863221883774,-4.525129396921804,13.99698568080765,15.17844638173338,28.358770541931552,-7.8403663077385986,1.5479920877492797,1.217367037121297,100.19449978758142,-3.5938415578714995,5.386620383081268
69d212b958ab6f3399209974d12a3306,CNC(=O)c1ccc(cc1F)-c1cnc2ncc(Cc3ccc4ncccc4c3)n2n1,412.4280000000001,3.429000000000001,6.0,1.0,4.0,0.48889130178176626,0.0,85.07000000000001,0.6249629497528076,0.5990156710147858,0.9321686267852783,0.25498260110616683,0.35902397632598876,0.4571832835674286,0.4688037037849426,0.14819652885198592,0.09164246506989002,0.6116979718208313,0.7905741572380066,0.40032796263694764,0.6670223951339722,0.9621793389320373,0.9987689852714539,0.012393374927341938,0.03023698553442955,0.3583425641059875,0.246112060546875,0.014143509604036809,0.08196593895554542,0.03565228898078203,0.8862850189208984,0.6330176591873169,0.4186052858829498,0.09819449186325073,0.023716678097844123,0.16489385217428207,0.08896708115935326,0.21212315708398818,0.8775283932685852,-5.088577212304109,30.00339730788668,49.87959572772648,26.10359275379987,-12.491619814363588,2.7634971033582563,2.504072217851962,88.13913032171482,-4.234554600787712,-6.010269333486334
403bbbad939f09c816a3fbef6311065b,CN(C)c1nc(nc(n1)N(C)C)N(C)C,210.285,0.0696000000000001,6.0,0.0,4.0,0.7033804434333938,0.0,48.39000000000001,0.18700944036245346,0.9934509754180908,0.9168388485908509,0.8609920382499695,0.3834434375166893,0.18060970306396484,0.04632812775671482,0.24444533437490462,0.011912838640273548,0.6466328740119934,0.02049980296578724,0.14101183414459229,0.0011668756054859842,0.5978282779455185,0.999940288066864,0.001202592304616701,0.0042362205043900755,0.1202855025883764,0.006704538012854755,0.005482257984112948,0.04975401386618614,0.00022663001609544154,0.996127438545227,0.002415117045165971,0.13715150146745145,0.0038390560570405797,0.009404486347921192,0.036770092439837754,0.005933590544736944,0.8262800931930542,0.08550141714513301,-4.2150732957023225,96.07530859393071,77.70167434927633,32.09568930548107,-7.920570829248985,2.7904201867412413,2.252143572924378,62.77375658863465,-2.425221410550009,-1.0391684934435723
29f9a78d0d217547379219a0f25fb088,COc1ccn2ncc(-c3nc4n[nH]c(NC(=O)c5ccc(F)cc5)c4cc3F)c2c1,420.37900000000013,3.811700000000002,6.0,2.0,4.0,0.4608718280015914,0.0,97.19999999999999,0.44744799137115476,0.3651207864284515,0.9607656121253967,0.24659594967961312,0.09278515800833702,0.23958452194929122,0.19630384892225267,0.06989941522479057,0.03842871747910977,0.3929746687412262,0.55732861161232,0.2592987626791,0.3576346725225449,0.9898972868919372,0.998801326751709,0.03843994941562414,0.10479111149907112,0.6018746018409729,0.19194067567586898,0.01627843864262104,0.08790814951062202,0.0435720182955265,0.8291475296020507,0.4617529511451721,0.4422316551208496,0.37122173607349396,0.020961412880569696,0.5920876026153564,0.4130126655101776,0.10323424264788628,0.7983996629714966,-5.047931370078057,46.46427192287384,44.74145701881518,51.86425059920513,-13.096544438022743,2.5341895000240484,2.9015195057469483,98.53785589186352,-6.293923812939134,-2.1208054206484266
45b1f1fafb90455945f670a39f7cc6f8,CC[C@H]1CN2CCc3cc(OC)c(OC)cc3[C@@H]2C[C@@H]1C[C@H]1NCCc2cc(OC)c(OC)cc12,480.64900000000034,4.943400000000005,6.0,1.0,4.0,0.6056838132410555,4.0,52.19000000000001,0.1047634705901146,0.7538482069969177,0.8585038185119629,0.014005143009126187,0.012716229213401676,0.06424411684274674,0.004687751398887485,0.6388424575328827,0.22110127210617064,0.8973867177963257,0.10970445424318313,0.03232328202575445,0.21444876194000245,0.2816067337989807,0.9658781170845032,0.0046396282035857436,0.026941079087555407,0.25363282263278963,0.032118625938892365,0.014825122430920601,0.06276122331619263,0.0020451961492653934,0.8761725187301636,0.6131717205047608,0.10819176137447357,0.023598564602434636,0.05076771564781666,0.0778573140501976,0.04148299880325794,0.29079840183258054,0.9034887790679932,-5.493502921400941,7.831725008148124,46.20019678855546,-5.502613795904269,-5.686963326493855,2.47580156311975,1.5613789868261962,89.29661825385085,-4.2972632066161625,2.7140625665122338
18d9021e2a4dc2d5f0074b0a0c4cd58b,CNC(=O)c1ccccc1Nc1nc(Nc2ccc3C[C@H](CCCc3c2OC)N2CCN(CCO)CC2)ncc1Cl,580.1330000000005,3.8427000000000033,9.0,4.0,3.0,0.2806578385120574,1.0,114.88,0.328647655248642,0.678510844707489,0.7143827319145203,0.22420883923768997,0.35345724821090696,0.23902189433574678,0.255681537091732,0.4752037703990936,0.6068358480930328,0.7881209850311279,0.6351500928401947,0.2201952964067459,0.7546755790710449,0.8689980626106262,0.9975757598876953,0.00977581525221467,0.009938393905758857,0.62282754778862,0.14351755231618882,0.008239803416654468,0.039948909729719165,0.00547336908057332,0.8352652549743652,0.9246250748634338,0.46437162160873413,0.02849201038479805,0.04484115317463875,0.6181295454502106,0.3394633948802948,0.2574593424797058,0.984639573097229,-5.611888372972841,-8.33360149811999,65.7920365220242,72.34496001301568,-12.179862693041267,3.0673342788408116,2.7628133174532095,94.7386101382433,-3.638532593277426,20.995033459878982
ee47f5343f82a419d043ed59964d907a,NC(=O)CNCCC(c1ccccc1)c1ccccc1,268.36,2.2835,2.0,2.0,4.0,0.7569409950050426,0.0,55.120000000000005,0.11041120365262032,0.9542299628257751,0.8872183799743653,0.11414983607828617,0.20440839529037474,0.11107104048132896,0.040685742162168026,0.24881065487861634,0.36936815828084946,0.46384297013282777,0.04407191947102547,0.2959950607270002,0.06930186413228512,0.044987499993294475,0.9964324712753296,0.03157608499750495,0.02427184171974659,0.01571258888579905,0.006382928095990792,0.02462171986699104,0.13081647902727128,0.0021563266578596084,0.6952681124210358,0.020127377414610237,0.04921989254653454,0.002829182054847479,0.017394174262881278,0.033842385606840254,0.0057779169408604504,0.8152326703071594,0.5752640426158905,-4.948313548784437,57.09928837375928,-3.2743814756326772,6.3492853108808704,-9.867355577951145,2.640849964985895,1.2804253184363623,63.95861076427614,-2.2445595126552194,6.315796407892582
74cb284f0432e55ca5c1dbe0154ef272,COCCOc1ccc(cc1)N1CCN(CCn2ncc3c2nc(N)n2nc(nc32)-c2ccco2)CC1,503.5670000000003,2.1635999999999997,12.0,1.0,2.0,0.29919083903712584,0.0,125.0,0.5737788021564484,0.5411898910999298,0.7414431691169738,0.09333026316016912,0.2412862427532673,0.0919228132814169,0.22219574972987174,0.15406020991504193,0.08677841201424599,0.7600098133087159,0.510017478466034,0.21269162744283676,0.4684739351272583,0.9660335183143616,0.9709834694862366,0.016167028341442347,0.023635019641369583,0.29546106457710264,0.1989642336964607,0.03812415888532996,0.06428835205733777,0.026596750132739544,0.7131080508232117,0.5091416478157044,0.721052610874176,0.1281926892697811,0.03886210024356842,0.17256520837545394,0.442827445268631,0.4053567171096802,0.9719864845275878,-5.24785415128595,34.1137661620233,58.86922934030649,-17.199432357487026,-9.945311991211314,2.803388471690332,3.111206825263877,95.72236989284951,-3.148376105083004,8.798542195749882
6987aac56dcc98e88699638d090d7f28,COc1ccc(cc1)C(=O)c1c(C)n(CCN2CCOCC2)c2cc(I)ccc12,504.36800000000017,4.126120000000004,5.0,0.0,3.0,0.3744142128028149,0.0,43.7,0.3555955171585083,0.9162257671356201,0.8811339020729065,0.39240031242370604,0.375838166475296,0.24442776739597322,0.2136646568775177,0.5650590002536774,0.3569562166929245,0.771497106552124,0.9012154459953308,0.13728543668985366,0.6460717558860779,0.6635957956314087,0.9987016439437866,0.07700973972678185,0.033476537093520164,0.4466414749622345,0.13251941949129104,0.05562364645302296,0.09494144469499588,0.03370123617351055,0.9390147089958191,0.9737707376480103,0.540265029668808,0.0598802238702774,0.12762718945741652,0.10861067920923233,0.14940507858991622,0.30430819690227506,0.896611213684082,-4.499245896985555,27.716558892279373,53.34359622791514,131.38053023012304,-9.507084834013645,2.6380583855276116,3.4551647860101538,91.81174179197521,-3.4062748149106445,11.956631489361566
9e6898f39bd97f21c5fefa494a2b6ea4,COc1ccc(cc1)C(=O)N1CCCC1=O,219.23999999999992,1.4578,3.0,0.0,4.0,0.7072687150818268,0.0,46.61,0.08985679559409618,0.994188642501831,0.9510065317153931,0.552804759144783,0.4487620085477829,0.3216437309980392,0.07309785503894091,0.23429299890995026,0.0026235429802909495,0.48795934319496154,0.04023025399073958,0.03570289369672537,0.032980186585336926,0.682650339603424,0.999938428401947,0.0009973177977371961,0.014651850890368223,0.01201399606652558,0.008293687272816897,0.0020377549983095376,0.06777689456939698,0.0007117260684026405,0.9889308452606201,0.006775244337040931,0.013671886408701539,0.002482269844040275,0.003731887089088559,0.0007466990151442588,0.0025285671377787366,0.33053540885448457,0.03344561639241874,-3.9644021079797214,66.64298158077236,17.784950467788217,-24.43743707950305,-10.982444585766588,1.9019991281722892,0.9350048519578905,77.32303960464459,-1.8819148553113751,4.958311447600645
b8483e5cf2610cbe3a1fc6fc1e0e397c,Cc1oncc1C(=O)Nc1ccc(cc1)C(F)(F)F,270.21,3.2541200000000012,3.0,1.0,4.0,0.9108229912132475,0.0,55.13,0.367451411485672,0.9767659902572632,0.9856449842453003,0.9600115656852722,0.7847440838813782,0.31104769110679625,0.21161965727806092,0.22582489252090454,0.05505770444869995,0.5933631956577301,0.29905482232570646,0.5190481185913086,0.05052788201719523,0.8992695093154908,0.9999849319458007,0.01723053315654397,0.08147323578596115,0.6374354541301728,0.28094772100448606,0.02826206125319004,0.2750319063663483,0.017385172285139562,0.9708090186119079,0.15929397195577621,0.4929143011569977,0.30063382536172867,0.07550374902784825,0.5487085998058319,0.17030362635850907,0.37660803496837614,0.3395863652229309,-4.584799118393577,55.778799064416226,36.43498406193369,23.771945171786978,-8.951447533991866,2.4885602747214204,3.210626637194121,92.39751249067773,-3.768676810513226,1.8495571038710827
635f851f07908e56aea55cbe6192d9b6,C[N+]1(C)[C@H]2C[C@@H](C[C@@H]1[C@H]1O[C@@H]21)OC(=O)[C@H](CO)c1ccccc1,318.393,1.0626999999999998,4.0,1.0,4.0,0.512333158306654,6.0,59.06,0.07705403920263051,0.1670157264918089,0.18582624867558478,0.00010072934564959723,0.002562574460171163,0.023011826863512396,0.00016766047419878305,0.1452639326453209,0.0049676390422973785,0.314347168058157,9.91320855973754e-05,0.005802694143494591,0.007293403978837887,0.008378863148391247,0.03671152140013874,0.02745493855327368,0.12164070904254913,0.0010447856067912654,0.002198405977105722,0.007691956218332052,0.2039846435189247,0.0002796864929678122,0.4635043919086456,0.01195618633646518,0.015193803189322352,0.00047371243417728694,0.0003838912078208523,0.0009089055383810773,0.0023506180790718646,0.7603991150856018,0.38001867532730105,-5.4233350141459775,72.2174212014268,-21.820740016173488,1.0112400933231716,-13.292699958904512,2.1945229356946703,-1.2348505557075793,12.644911331513464,-0.6532191497273675,-0.6083694844121864
a248712b343714e0bb265bcc9eed2b1b,Cc1ccc(cc1Cc1ccc(s1)-c1ccc(F)cc1)[C@@H]1O[C@H](CO)[C@@H](O)[C@H](O)[C@H]1O,444.5240000000001,2.9683200000000025,6.0,4.0,4.0,0.4859158173268414,5.0,90.15,0.34025986194610597,0.3742810159921646,0.7501542448997498,0.035501863807439804,0.42312546372413634,0.279968199133873,0.17213005125522612,0.11598050817847252,0.10239262823015452,0.6947783708572388,0.22004959285259246,0.14716638773679733,0.22123681455850602,0.6110560655593872,0.9090405821800231,0.026493793819099665,0.060156266391277316,0.09538338854908943,0.16622052043676377,0.058708206564188,0.18207189738750457,0.04939492270350456,0.5630053877830505,0.8970861792564392,0.17042777687311172,0.031159942410886286,0.049885866697877645,0.2457329660654068,0.15322480387985707,0.16588391587138177,0.7984398007392883,-5.431217380710349,57.52561632611745,27.907722915929913,26.890254277299942,-11.480741006166118,3.6807784165425765,3.0021750698818166,96.69771707736741,-3.62589763882062,-2.310993131811398
ac5985926d8d1cc1a9c93385aa36a3f7,N#CC[C@H](C1CCCC1)n1cc(cn1)-c1ncnc2[nH]ccc12,306.37300000000005,3.466380000000002,5.0,1.0,4.0,0.7996787783250496,1.0,83.18,0.2040413036942482,0.7880751609802246,0.9258648157119751,0.7409706592559815,0.39423630237579343,0.4293039977550507,0.17825813293457032,0.43349380493164064,0.08407277166843415,0.4983483374118805,0.882739269733429,0.06728979796171189,0.3953852653503418,0.6963416934013367,0.9999650478363037,0.005894674453884363,0.014254307467490434,0.40630069375038147,0.17030743062496184,0.03136972859501839,0.06240907534956932,0.004324775736313314,0.9232123613357544,0.10624686554074288,0.06598770134150982,0.07637844495475292,0.03871396230533719,0.06594590619206428,0.05381311122328043,0.2543626368045807,0.5286070585250855,-5.2073754608564204,8.529735872462762,8.904471470943827,-5.076181999804076,-10.958845914662763,2.775278988490797,2.6946802921843584,94.719039130732,-4.292439870036627,-0.4900632643785361
5f3e7647c131902f74da0d185b83aa11,Cc1cccc(c1)N1CCN(CCc2ccc3ccccc3n2)CC1,331.4630000000001,3.9079200000000025,3.0,0.0,4.0,0.7224860062398795,0.0,19.37,0.5099459946155548,0.9955705523490905,0.8459842801094055,0.6675009787082672,0.4951493859291077,0.45551689267158507,0.11552717685699462,0.7692284345626831,0.8195615649223328,0.7237268686294556,0.5072371900081635,0.11300914287567139,0.66303790807724,0.6155264675617218,0.9995835185050964,0.017027124390006067,0.027973403222858906,0.37328991293907166,0.1544051945209503,0.019187621772289276,0.05972291119396687,0.012379098869860172,0.9652565836906433,0.8815556406974793,0.26866812705993653,0.007697354583069682,0.04964228086173535,0.07816122844815254,0.057529275119304654,0.6186718881130219,0.9857657313346863,-4.776865350766914,115.77427350720411,56.320119327975746,-14.737670793630027,-8.293516694482609,2.599282632305507,3.248791777652303,94.83466361216935,-3.0784081764669575,1.9684633512371417
dfac692670c20803d5e6f625d31dabdd,OC(=O)COc1ccc(C(=O)c2cccs2)c(Cl)c1Cl,331.17600000000004,3.7493000000000016,4.0,1.0,4.0,0.8477638711526184,0.0,63.6,0.04088395051658154,0.5332192242145538,0.9161127924919128,0.3614571034908295,0.15620344281196594,0.5756917119026184,0.37320213913917544,0.025338711217045784,0.041045437939465045,0.2745459973812103,0.01807261873036623,0.21904283463954927,0.10603405609726906,0.980336606502533,0.9949920654296875,0.019604061730206013,0.05694481208920479,0.1275238163769245,0.07007177472114563,0.08986733108758926,0.167071895301342,0.5059573233127594,0.625022292137146,0.052923702821135524,0.4298002660274506,0.1262415274977684,0.06906581595540047,0.07314517199993134,0.18578283935785295,0.32534626722335813,0.01620333772152662,-4.4181430614317865,54.29450854167893,38.64353142317075,4.289289631121536,-9.864463282659093,3.0201227558416557,-0.35010616765043207,102.84539325686949,-3.675058161244883,-0.036032033188756786
d33aa8923e387ebf1ebdbc80226230ab,CCCOC(=O)c1ccccc1,164.20399999999998,2.2534,2.0,0.0,4.0,0.640310443785496,0.0,26.3,0.005515238409861923,0.9745061039924622,0.7950573682785034,0.9409150004386901,0.6221392571926116,0.21187847405672072,0.17760117799043657,0.108335917070508,0.009681412763893605,0.25154914855957033,0.002683734335005283,0.1265694111585617,0.0008128968212986365,0.5885837197303772,0.9999958992004394,0.000502406500163488,0.010346736945211887,0.011022035870701075,0.0012452049180865289,0.00473939124494791,0.18539234399795532,0.0010055080943857319,0.9939431548118591,0.0030838782724458723,0.0016837210510857402,0.0030063345562666654,0.0029798151226714253,0.0031606088392436503,0.00032654684982844626,0.4729669690132141,0.023980819806456565,-3.7579740057237045,159.81018179918004,124.18632894629408,10.595016641586422,-3.8825500545962783,1.4921756149636063,3.16320165954141,85.1002680362208,-2.7633335945155557,2.8023957975196594
bcd303aaad39a9b73cb9cb345be996c8,OC(=O)c1ccccc1-c1ccc(cc1)C(F)(F)F,266.21799999999996,4.0706000000000016,1.0,1.0,4.0,0.8891218917447855,0.0,37.3,0.02906068693846464,0.6615296959877014,0.9648276090621948,0.3391254127025604,0.09388663694262504,0.538404381275177,0.08914847895503045,0.0669975433498621,0.008352564671076835,0.1801709860563278,0.00567270778119564,0.7234027266502381,0.018675755057483912,0.9616717576980591,0.999383544921875,0.009718884178437293,0.0645045667886734,0.05377315059304237,0.02439753953367472,0.046592862159013745,0.23552766740322112,0.19979244023561477,0.5536090731620789,0.0727585282176733,0.12459698468446731,0.04800671301782131,0.008667291793972253,0.16157143115997313,0.04295102972537279,0.13410839661955834,0.09754231423139573,-4.345748552147155,10.78732568948628,29.823589282461135,-18.337316840650697,-5.919720135427135,2.3635723982240178,1.3912925812758903,103.38212193218928,-3.858219643078885,1.5144056821702148
518cde3c6b4ac4b47e08f2972b9a5204,N[C@@H](C(O)=O)c1ccc(O)c(c1)C(O)=O,211.17299999999997,0.1748,4.0,4.0,4.0,0.5652666586096156,1.0,120.85,0.1904037117958069,0.36410529911518097,0.8119869589805603,0.028891423996537925,0.01996025536209345,0.21206398531794549,0.0603037167340517,0.06995770158246159,0.03439866490662098,0.06422793418169022,0.02379893867764622,0.2711738258600235,0.21290942579507827,0.3952652871608734,0.9709521412849427,0.003848792635835707,0.044006308540701866,0.144213704764843,0.0008530378254363313,0.013566626771353184,0.0450571215711534,0.0021578524610958993,0.011572136101312936,0.0029429029673337936,0.026093269884586334,0.00396994783077389,0.0057689874898642305,0.005162590323016048,0.0033282246440649033,0.36563641726970675,0.0108555244281888,-5.840077543917336,1.3603826864545674,-26.927363020805807,5.619020215982813,-15.037992644857326,1.709926162754988,-1.9841582752756284,62.40236692556873,-1.6516124352825454,8.880625909076873
280dd21840e76398a759de1eb54e5dab,[H][C@@]1(Cc2ccccc2)NC(=O)[C@H](Cc2ccccc2)NC(=O)[C@@H](N)CSSC[C@H](NC(=O)[C@H](CC(N)=O)NC(=O)[C@H](CCC(N)=O)NC1=O)C(=O)N1CCC[C@H]1C(=O)N[C@@H](CCCCN)C(=O)NCC(N)=O,1040.239999999999,-4.034700000000013,15.0,12.0,1.0,0.04710119799899647,8.0,405.3199999999999,0.3279904633760452,0.09265390411019325,0.3543457925319672,0.0020001948505523615,0.04961101356893778,0.03776562623679638,0.016486930567771195,0.11214857138693332,0.04016371723264456,0.780738639831543,0.5964653074741364,0.08372785821557045,0.16487953215837478,0.35814269483089445,0.16069788634777069,0.04624219089746475,0.06625481322407722,0.005218054109718651,0.008671233430504799,0.1695929177105427,0.20404527485370635,0.03921126127243042,0.1805999383330345,0.3263693004846573,0.3394844442605972,0.13096718341112137,0.0324888538569212,0.024529775884002448,0.19000064581632614,0.1788632720708847,0.4032383501529694,-6.545927731179461,35.672350742589444,46.26867485517543,48.14570503003573,-12.671972189634065,3.3230838004152305,0.6412052370278498,75.46063148371496,-4.0007467001085395,-2.1163310877455146
286409a468484c81b09276704377ae49,CC[N+](CC)(CCNC(=O)C(=O)NCC[N+](CC)(CC)Cc1ccccc1Cl)Cc1ccccc1Cl,537.5760000000002,4.639200000000005,2.0,2.0,3.0,0.2726617298998794,0.0,58.2,0.23457280099391936,0.12436622828245163,0.25576801002025606,0.1266793929040432,0.17241673953831196,0.04225625982508063,0.008484186368877999,0.13204034939408302,0.7821106076240539,0.48951887935400007,0.054752367082983255,0.3718127891421318,0.010009201231878252,0.031204514513956384,0.011773993156384676,0.019245453120674938,0.006512628332711756,0.0029856303241103887,0.03234813790768385,0.034104517102241515,0.09051566496491432,0.0014548432315677929,0.43993452489376067,0.15663748048245907,0.2638248860836029,0.007780382176861167,0.006230472523020581,0.03843654491938651,0.0039062451105564833,0.9698501706123352,0.9413939714431763,-5.651080772092565,17.481787301096144,68.00328300139577,188.00671153544496,-10.181725776003201,2.870958939015998,1.8998328832527829,69.97174245641637,-2.343321744607747,33.41826127090525
4682d83be1da5c378a0ba9702a831d75,NC[C@H](CC(O)=O)c1ccc(Cl)cc1,213.664,1.857,2.0,2.0,4.0,0.8026316327602356,1.0,63.32,0.08563987873494625,0.6618613362312317,0.9570189952850342,0.012602992355823517,0.04144131429493427,0.2861805588006973,0.018289086036384107,0.07010507434606553,0.2529206842184067,0.18675766736268998,0.014014390297234058,0.33876734375953677,0.2068584069609642,0.24738425016403198,0.9978186249732971,0.003464974416419864,0.020019964221864937,0.013975740363821387,0.0012813122710213065,0.005923017160966992,0.03421948775649071,0.007980420161038638,0.18667374216020108,0.0030544664012268187,0.014086925657466054,0.003058299106487539,0.005739721027202905,0.0026813956443220376,0.004245821776567027,0.3531882241368294,0.016782779525965453,-4.7475825741801065,5.92229807160564,-24.180820343029147,1.4359552932453306,-10.08925464251094,2.42359691691739,-0.7410380809249637,53.7107153187722,-1.8841831584257691,3.150180414221677
3f92edb3bb8ea6f556c626b105c20c3e,COc1cc(N)c(Cl)cc1C(=O)CCC1CCN(CCNS(C)(=O)=O)CC1,417.9590000000002,2.1548999999999996,6.0,2.0,4.0,0.47119415002663967,0.0,101.72999999999999,0.3858478903770447,0.9687527179718017,0.9408674955368042,0.07308347932994366,0.274496978521347,0.11957080289721489,0.1269203841686249,0.6204955577850342,0.8296128869056701,0.7721045017242432,0.6295165777206421,0.18490115702152252,0.6973820626735687,0.3494259774684906,0.9996286273002625,0.03267608918249607,0.02615152336657047,0.137164256721735,0.037294267863035205,0.019709479808807374,0.0770752415060997,0.007522229943424464,0.8847759246826172,0.24016213938593864,0.13867637366056443,0.0188580384477973,0.009284888487309217,0.01696894015185535,0.03618228621780872,0.18721562922000884,0.7625458598136902,-5.25560310629673,38.58400806160717,17.91492553762652,-44.11436866655318,-8.811218888687403,2.573135348223995,1.9048081878203664,70.90398751128524,-3.223439489314077,8.893646085656012
bc43367a0f43b2a5ea90de162f2d6858,CS(=O)(=O)c1ccc(cc1)-c1cc(Br)sc1-c1ccc(F)cc1,411.3170000000001,5.387200000000003,3.0,0.0,3.0,0.5794982960338307,0.0,34.14,0.16693121194839478,0.9388882040977478,0.8959856510162354,0.8816709995269776,0.8212429642677307,0.7614290952682495,0.6441765069961548,0.2741909086704254,0.061715395748615266,0.6126262009143829,0.38147316575050355,0.6757993757724762,0.11101015657186508,0.9659733533859253,0.9992535352706909,0.0319480799138546,0.04050815626978874,0.08447254002094269,0.0766491524875164,0.017186528723686933,0.10300614312291145,0.10978635251522065,0.8764001965522766,0.6664690256118775,0.2776802837848663,0.026362081989645958,0.057892344892024994,0.2598645403981209,0.06663717105984687,0.21141366064548492,0.5660106480121613,-4.621083916652171,50.68612063300755,18.150489584559374,44.70228925380995,-5.697755970742922,2.9121796684699848,3.6689704250661266,106.73236073606022,-5.921380425594022,-2.421188499928186
cfe85b85504e97685eb8b18b180f7206,Cc1ccc(cc1O)[N+]([O-])=O,153.137,1.6088200000000001,3.0,1.0,4.0,0.49199992499635525,0.0,63.37,0.5305139541625976,0.8361055731773377,0.8864335298538208,0.925921630859375,0.18214805871248246,0.14305156096816063,0.19612551629543304,0.2873956888914108,0.11310217976570129,0.567024153470993,0.21751871556043625,0.17747422959655523,0.0015137360926019028,0.6933040261268616,0.9999948024749756,0.00380477147991769,0.006912051886320114,0.193131872266531,0.02890395577996969,0.022492014896124603,0.06433526910841465,0.0024108406156301498,0.9456797003746032,0.02506529986858368,0.2798429310321808,0.0049507965100929145,0.03759798873215914,0.6535532116889954,0.016012805188074707,0.9501168966293335,0.05153662040829658,-4.406669053602509,99.51931085128471,62.749830121354854,-33.89151354465578,-8.208978432020391,2.3306165494423943,2.027806455376921,83.4854418394078,-2.158034788784679,-0.8710669931671099
cf1ef531792612560954896d38f82a9b,Oc1ccc2[C@H]3c4cc(O)c(O)cc4C[C@@]3(O)COc2c1O,302.28200000000004,1.3204999999999993,6.0,5.0,4.0,0.46946133619296915,2.0,110.38000000000001,0.5567128896713257,0.4048813939094543,0.5834576845169067,0.2607951395213604,0.21972327381372453,0.1265115261077881,0.16599958948791027,0.10975977852940559,0.09584650881588459,0.6557428956031799,0.11288078613579274,0.03165946044027805,0.15375136956572533,0.44287307262420655,0.9897373437881469,0.03141765855252743,0.04325069114565849,0.34906645119190216,0.0949768714606762,0.1899974077939987,0.3361362159252167,0.009921617060899734,0.31765033304691315,0.07715539112687111,0.16351982355117797,0.060591011121869084,0.051480960287153724,0.36081321239471437,0.20450787544250487,0.617246025800705,0.23877929747104645,-5.923694952339565,43.93868238815177,-4.241343167007509,2.8020863314285633,-11.100243790729536,2.5820765587351593,0.5310798027359462,62.26044168303521,-2.1774012692566127,2.0068006653472135
6af8914ce39464cea3e085ba88840abf,FCOC(C(F)(F)F)C(F)(F)F,200.05299999999997,2.4232000000000005,1.0,0.0,4.0,0.6216574973922095,0.0,9.23,0.041572013031691314,0.9995184898376465,0.9195610761642456,0.15061416551470758,0.38348175287246705,0.19696904197335244,0.06351852342486382,0.12237727381289006,0.0011081192060373724,0.555384311079979,0.00016086889590951614,0.7567503213882446,0.0005403045361163095,0.3029436096549034,0.9999618411064148,0.001136406697332859,0.009232843667268753,0.00034896766301244496,0.001608553307596594,0.006164062197785825,0.06700998581945897,0.0004048589871672448,0.984334659576416,0.025056854682043196,0.0062786861439235505,0.000775174525915645,0.003054521296871826,0.0044519283866975455,0.0012038117507472633,0.48304285407066344,0.35965117774903776,-4.300304601418196,6.3750727885211385,-8.011730451671701,-4.569585467285918,1.4253263269258383,1.4692530637184165,2.636950552300621,83.42533017618163,-2.2525312653384395,4.476897117847988
8c586fc86a51e6e4dc90d2771ef80e02,[H][C@]12Oc3c4c(C[C@]5([H])[C@](O)(CCC1=O)[C@]24CC[N@+]5(C)CC1CC1)ccc3O,356.44200000000006,1.6699999999999995,4.0,2.0,4.0,0.7913895398394192,5.0,66.76,0.008020209847018123,0.24098004773259163,0.08049487583339214,0.0010778906056657434,0.0012502828089054675,0.05709539605304599,0.0003914298340532696,0.4011421769857407,0.03459583278745413,0.7207060694694519,0.000414896499569295,0.003965919404436136,0.001778076685150154,0.003809263277798891,0.1403661735355854,0.07852640748023987,0.1433857809752226,0.004147532915521879,0.005773370922543109,0.02745660860091448,0.270508337020874,0.00014663335064142303,0.34701437652111056,0.006708596122916788,0.020948580279946328,0.0013826236216118559,0.0008697584897163324,0.004512414173223078,0.004060371656669304,0.3662246197462082,0.12187442034482956,-5.3122885050593105,58.06524485377194,-2.9948407722223287,-11.788671199491057,-11.101964512703386,3.509656724986931,0.06758611819997395,38.913033189236955,-2.196690635894178,4.6237809963240295
9cf1027ca8e2a88c23115c5bd8b0d981,Clc1ccc(CCCOCCCN2CCCCC2)cc1,295.8539999999999,4.165200000000003,2.0,0.0,4.0,0.6676423821298553,0.0,12.47,0.2470596730709076,0.9938246726989746,0.91220942735672,0.3203612923622131,0.3250666826963425,0.026796237006783484,0.009620071621611714,0.6166799187660217,0.9616679549217224,0.40648725628852844,0.01759388083592057,0.03507600836455822,0.3624880284070969,0.013943030126392841,0.9997532606124878,0.0016005036421120166,0.007270087860524655,0.004380349442362786,0.05112051665782928,0.006540630478411913,0.07727463133633136,0.0010160889025428333,0.9653756380081177,0.5554064512252808,0.19524090886116027,0.0009716355241835117,0.018313162680715322,0.010716158337891102,0.0023931922973133624,0.9617421150207519,0.9722687840461731,-4.492186581592223,91.7482136517086,8.063119744565588,36.36863159779108,-4.779022661775206,2.58838488225362,2.5025984141954485,75.01948654050295,-3.3748465038704736,14.3267935943427
10bebb6a7cc5e6527d2d4675ab4352ff,O=c1sn(-c2cccc3ccccc23)c(=O)n1Cc1ccccc1,334.40000000000003,3.2622000000000018,5.0,0.0,4.0,0.5771029549850707,0.0,44.0,0.08149251379072667,0.8353206753730774,0.7919435858726501,0.7711553692817688,0.8685133576393127,0.6586835384368896,0.8600041151046753,0.1273033156991005,0.030802636593580245,0.4092359334230423,0.4607569634914398,0.25783288180828096,0.07394861802458763,0.9625960230827332,0.9997368454933167,0.046919338405132294,0.04777036011219025,0.22453608512878417,0.11329111009836197,0.07248303852975368,0.2700463175773621,0.3852869004011154,0.9066731095314026,0.5057470500469208,0.47460739612579345,0.1092666432261467,0.23166485726833344,0.4497741162776947,0.1068672239780426,0.42659689784049987,0.381047910451889,-4.351924200196482,40.55279056822819,40.99271207410845,-16.64961829820144,-7.501223907594946,1.7860577239521298,3.517218139300534,97.6918727360962,-5.569855234985999,-7.826583052489606
9101b9fa9663de22f10b4b70bc89f58f,Fc1ccccc1S(=O)(=O)N1CCOc2c(cccc12)N1CCNCC1,377.44100000000014,1.823,5.0,1.0,4.0,0.8842620130696475,0.0,61.88,0.11026836633682251,0.9050011038780212,0.8797366857528687,0.447299998998642,0.8765028357505799,0.7570631623268127,0.5769633233547211,0.566712760925293,0.2054188147187233,0.6195852875709533,0.8083979249000549,0.3037721112370491,0.14406417459249496,0.9197728157043457,0.9997904539108277,0.01245385012589395,0.07590697519481182,0.02878456637263298,0.04201880656182766,0.006024377210997045,0.0464690163731575,0.024476777482777833,0.9506361365318299,0.44538690745830534,0.23727391064167022,0.0019886795897036793,0.003902601171284914,0.12392068952322007,0.0062365926336497065,0.26676921248435975,0.8870437264442443,-4.62887760430558,46.325647412303034,6.425306683156345,1.8356670434911209,-8.222751551023952,2.3987933212922172,0.8935845085305253,80.51628940603786,-3.5599684198958976,-6.951646475787402
a1525e3885f3708b92744d387bc8c5a7,OP(O)(F)=O,99.985,0.04859999999999998,1.0,2.0,4.0,0.4225457275134986,0.0,57.53,0.002403885211060697,0.9122193336486817,0.18671985641121863,0.0032429131185381264,0.007543717266526073,0.10472045422138762,0.001130431401122678,0.028686658642754992,0.07802977962419391,0.10311872638412752,4.116068288796233e-06,0.024310778424842285,0.010815013882529456,0.3272728644311428,0.1292015036175144,0.0004000533854991772,0.001063177370087942,0.0030311259989503013,5.521403684731752e-05,0.0013041547968896338,0.02786662932485342,2.875823480706534e-06,0.1583017192018815,0.004563406889792532,0.025503404612391024,2.905463111632538e-05,0.00026882595529968966,0.06177474745845757,0.0028171609543278463,0.027025854971725494,0.047920894605704235,-4.96442186514285,-43.368874258231116,19.377674665214208,113.21749663390771,-7.151958821353821,2.2582783533475235,3.2046292067728444,51.468706378935906,0.3140864434908777,-4.851001055200472
d9acf441b367ddc987d10ad934711baf,CCN(CC)CCn1c2ccccc2nc(Cc2ccc(OC)cc2)c1=O,365.47700000000015,3.3377000000000017,5.0,0.0,4.0,0.6142537534049971,0.0,47.36,0.6076617538928986,0.9671450734138489,0.8896360635757447,0.6349066615104675,0.40104075372219083,0.5896339774131775,0.19093825072050094,0.7669975638389588,0.8640713214874267,0.871878468990326,0.8944690346717834,0.16808090209960938,0.7683887302875518,0.4239440977573395,0.9987152934074401,0.00821212660521269,0.01870286129415035,0.11588634736835957,0.0849845290184021,0.011086420435458422,0.03372173570096493,0.020077826036140323,0.9880373477935791,0.8349901437759399,0.10347779393196106,0.014045482873916626,0.016759260557591915,0.03927819840610027,0.008884580805897713,0.4199747622013092,0.9784431338310242,-4.475614442215301,76.68294974746583,59.06162284318884,72.64880618760154,-8.551172328113605,2.730083138292157,2.1059374291084287,72.5759115837362,-3.648612608212318,3.239210344407167
f28a48953f0783970a87e900a9462cda,Fc1ccc2c(c1)nc(NNC(=O)c1cnccn1)c1cccn21,322.30300000000005,2.1734999999999998,6.0,2.0,4.0,0.5648133637310419,0.0,84.21,0.9206670761108399,0.8620917797088623,0.9867185950279236,0.8938132524490356,0.1207863673567772,0.4756040096282959,0.09125580489635468,0.1045632928609848,0.03551586139947176,0.4401688277721405,0.7694701313972473,0.3242091476917267,0.4761806696653366,0.9966445207595825,0.9999085426330566,0.01964829508215189,0.0435123723000288,0.9122879266738891,0.15297770053148269,0.01885392442345619,0.19850776791572572,0.01848408589139581,0.9114238023757935,0.1006360836327076,0.5717884004116058,0.2562033236026764,0.03305785655975342,0.26661965548992156,0.28570912778377533,0.5783110648393631,0.5538688242435456,-4.989801893586896,27.510074569489603,20.007355714853094,61.33793281018512,-14.342827366327558,2.654723858709538,2.137512884439636,85.4141380790351,-4.127398708305466,-1.711338957677284
45ad0d4678308caa23d286835b465e7e,CC1(C)Oc2ccc(cc2[C@H]([C@@H]1O)N1CCCC1=O)C#N.CC1(C)Oc2ccc(cc2[C@@H]([C@H]1O)N1CCCC1=O)C#N,572.6620000000001,3.507360000000002,8.0,2.0,3.0,0.555815862119062,4.0,147.12,0.07578010112047195,0.03576527386903763,0.6039791882038117,0.0008033781254198402,0.03743831943720579,0.09760620892047882,0.06007131859660149,0.07683267779648303,0.003610336047131568,0.8974277019500733,0.3121960490942001,0.09457587897777557,0.12222417742013932,0.8588728070259094,0.7060604214668273,0.01954799611121416,0.04916671551764011,0.04053829908370972,0.04694382883608341,0.016378919873386622,0.07523428723216057,0.022037868946790697,0.7161702394485474,0.6520317852497101,0.29609115421772003,0.031911221146583554,0.024361376464366914,0.30374317765235903,0.38012839257717135,0.048951453901827334,0.7451738476753235,-5.149859531153228,0.7674000856198191,62.10613479862759,33.0324287587876,-12.448235384823068,4.421110027996097,1.6837872025987082,78.99402556459412,-3.9384120507866527,-4.237916521881514
0daa0639fce83e0b66ed2bd0471ba1f3,N#Cc1cc(ccn1)-c1nnc([nH]1)-c1ccncc1,248.24900000000002,1.8003799999999996,5.0,1.0,4.0,0.7461736235697171,0.0,91.14,0.3020839884877205,0.3377344459295273,0.9443470358848571,0.9109080910682679,0.27919431030750275,0.23416047394275666,0.31217900216579436,0.2522133648395538,0.05991934984922409,0.3919031977653503,0.49987769722938535,0.10236687250435353,0.21316820979118348,0.9417463779449463,0.9995979070663452,0.025489336997270583,0.02793692946434021,0.641445642709732,0.13262409418821336,0.07157911360263824,0.11531509310007096,0.03432754278182983,0.8829021215438843,0.053931006044149396,0.14639435820281504,0.38923960030078886,0.03892956478521228,0.14545471221208572,0.24161619693040848,0.33251114189624786,0.3203239575028419,-4.976109117798588,-3.7049451190874576,-3.195730379787186,2.103910746743998,-12.046906358567018,2.6252452991919326,1.4419806253939411,81.6029307611664,-3.8404089284964242,-3.146707130842939
cf7273949b616d97aff8e782341c16b2,Nc1nc(N)c2c(OCC3CCN(Cc4c(Cl)cccc4Cl)CC3)cccc2n1,432.35500000000013,4.392000000000004,6.0,2.0,4.0,0.6216027544709749,0.0,90.28999999999999,0.2987255841493607,0.9540640234947204,0.9002022624015809,0.5874040961265564,0.42734907269477845,0.10844097062945365,0.20937694609165192,0.53148073554039,0.7808168530464172,0.7221198439598083,0.2514593631029129,0.2819229379296303,0.7135803818702697,0.6987782955169678,0.9989500522613526,0.02376638352870941,0.02378158029168844,0.5608143031597137,0.24336565732955934,0.02410493344068527,0.10205179750919342,0.010964019782841205,0.9125571966171264,0.6380358755588531,0.4948966145515442,0.03569248877465725,0.05607745796442032,0.2167164444923401,0.18831981718540192,0.3509520560503006,0.9414725184440613,-5.16800129644238,21.54363927343319,31.05783803167994,14.71124323661424,-9.334183700690707,3.3465554248519114,3.006658262314171,97.59881981022062,-4.428098318286561,8.556758910964957
626b473793fff06c526ec27431d74ae9,C[C@H](NCc1ccc(OCc2cccc(F)c2)cc1)C(N)=O,302.34900000000005,2.3681,3.0,2.0,4.0,0.8250455320199923,1.0,64.35,0.6233941555023194,0.9348076224327088,0.977790093421936,0.8825745105743408,0.800613284111023,0.28906087577342987,0.23490526676177978,0.36136549711227417,0.42450308203697207,0.7470805048942566,0.7286389350891114,0.353326877951622,0.16975840628147126,0.21439634263515472,0.9999245762825012,0.016500344080850483,0.04683556631207466,0.14358778148889542,0.06787089705467224,0.049066655337810516,0.22744539380073547,0.02203998528420925,0.9488499641418457,0.04758177492767572,0.08588541597127915,0.04949728958308697,0.016591777466237544,0.03454829340334982,0.027114587463438512,0.2706936180591583,0.5833282768726349,-4.838716925411893,64.78926959824592,30.314772830306065,6.776311453517297,-9.942251111257574,2.5688438103581315,2.28918802911362,75.02113218880046,-3.15878960216857,1.7335835355312779
ab4bd11a8622521a5b324ef4076f673a,Fc1ccc(cc1)C(=O)CCCN1CCC(CC1)n1c2ccccc2[nH]c1=O,381.451,3.7687000000000017,4.0,1.0,4.0,0.6615100784619953,0.0,58.1,0.13861392997205257,0.9761053919792175,0.799982213973999,0.12495527528226376,0.1437666818499565,0.12199583500623704,0.097240149974823,0.6331076502799988,0.9087732672691345,0.6154049098491668,0.20587828755378723,0.09237642958760262,0.7932662010192871,0.18295395076274873,0.9988198280334473,0.021932603046298026,0.020381087251007558,0.15238009653985501,0.042126791551709175,0.0049262629123404626,0.046554507315158845,0.0021515370754059404,0.7592455625534058,0.8120296478271485,0.12770482152700424,0.0094905455596745,0.012553342245519161,0.02463523196056485,0.010565357469022273,0.32978618144989014,0.9647992968559265,-5.046198476692893,51.79805750324927,-6.053811865343967,-18.826993459167312,-11.134312631537485,2.8614885726803374,2.9455262756082887,86.44506250904617,-3.402736017458021,2.8326634179015953
b69b51de0b0457d12e9fd5a9ea19036f,COc1cc2CCN3Cc4c(C[C@H]3c2cc1OC)ccc(OC)c4OC,355.43400000000014,3.376500000000002,5.0,0.0,4.0,0.8408830140266504,1.0,40.160000000000004,0.2924054652452469,0.9755136609077454,0.8981451034545899,0.1785318821668625,0.12878941297531127,0.21502796709537506,0.009891732595860958,0.7607470393180847,0.32992823123931886,0.8858262896537781,0.16962907910346986,0.03978026956319809,0.07073540426790714,0.4341975748538971,0.995030152797699,0.004185175336897373,0.03630475737154484,0.33133638799190523,0.024866336584091188,0.010564657300710678,0.04764128774404526,0.0019850750511977823,0.9590291976928711,0.49281095862388613,0.07331380397081375,0.013196097128093243,0.016286101005971432,0.04639274589717388,0.01909018140286207,0.3588272899389267,0.8623340964317322,-4.684308013717778,52.41783774084149,51.19362388991631,-21.351467610385193,-6.509701726723813,2.733751693783834,2.3577662631855425,81.20891236604778,-3.724016221689323,-0.1156263934240652
be6d880a3e4849f16950a53a106833ff,COc1cc2CC(C)(C)n3c(cc4nc5ccccc5nc34)-c2cc1OC,359.42900000000014,4.559900000000004,5.0,0.0,4.0,0.5263772856760124,0.0,49.17,0.5303637862205506,0.7861610293388367,0.7934057354927063,0.8927320718765259,0.575039803981781,0.27778999507427216,0.36495617032051086,0.2306899294257164,0.08210492879152298,0.7868481755256653,0.5640864074230194,0.07404910959303379,0.06110259592533111,0.9040372371673584,0.999709963798523,0.05601581037044525,0.029016577824950218,0.8302177548408508,0.5653246581554413,0.15322134047746658,0.17584604918956756,0.24365279972553253,0.9554438710212707,0.9234502792358399,0.7933328032493592,0.37243748605251314,0.6149475872516632,0.660077965259552,0.5932401597499848,0.4965186834335327,0.8125770330429077,-4.63770850220571,45.31607422400508,44.56727947972293,-12.332513973532961,-7.264417563183142,2.6994624194591057,3.8668783522102097,99.82568981780662,-6.304501178825693,1.1335406041823948
8dead9f3c4c94e07746e069f21aa674c,CN(C)CCN1C(=O)c2cccc3cc(NC(N)=O)cc(C1=O)c23,326.3560000000001,1.4879999999999998,4.0,2.0,4.0,0.8320936904327991,0.0,95.73999999999998,0.7453529477119446,0.9818209528923034,0.9400394201278687,0.29145356714725495,0.009710997622460128,0.31198143362998965,0.003218324133194983,0.22356005311012267,0.04585932064801455,0.345774894952774,0.01165040791966021,0.3245674282312393,0.6646084308624267,0.8277544498443603,0.9920246958732605,0.04245387054979801,0.10452264100313187,0.08030095025897026,0.004491002205759287,0.007366277952678501,0.06260683797299862,0.0010883419308811426,0.6461747109889984,0.0222018139436841,0.011907658446580172,0.004636422754265368,0.001655336399562657,0.012711672065779566,0.032222164794802666,0.3758020341396332,0.443217134475708,-5.04832863885792,-6.412395756232347,-25.168267262136673,36.25217903955273,-15.531903204736963,2.4195442682364,0.658640820619943,52.433696681775835,-3.3962494309217797,6.342440788380047
2d88c89d48fa2ccf9c44c8f20eacfb87,COC(=O)\C=C\C(O)=O,130.099,-0.19980000000000003,3.0,1.0,4.0,0.4149910533965467,0.0,63.6,0.022840963024646044,0.9640655279159546,0.6083152651786804,0.01700809543253854,0.11754846163094043,0.18844167310744525,0.051553492248058316,0.026652388134971262,0.020300987805239857,0.07554345540702342,0.000757669324229937,0.06972659283783286,0.09139160253107548,0.8063793659210206,0.977663791179657,0.011298864893615247,0.04162869332358241,0.000497001023904886,8.067715971264988e-05,0.028934901137836276,0.04063510536216199,0.004733497439883649,0.3308280400931835,0.013774997368454934,0.5134401440620422,0.008396690199151634,0.011453313985839486,0.00041175450023729355,0.0024606891442090274,0.7881808161735535,0.007540085166692734,-4.821180192345177,-21.184832010496315,10.780906321611267,-15.5519293614577,-9.069445727887668,1.718093284394992,-1.6120901923345117,77.26844605091979,-0.9218429172728209,1.551981211590389
bfd61715382dfea1c354d70c2a51e8f3,CC1(C)[C@@H]2CC[C@@]1(C)C(=O)C2,152.237,2.401700000000001,1.0,0.0,4.0,0.520631018455888,2.0,17.07,0.022491146554239096,0.9965967893600464,0.941603147983551,0.003962837182916701,0.08495973041281105,0.3744976319372654,0.012174836709164083,0.37801734581589697,0.0032155142675037497,0.7611427068710327,0.006618489988613874,0.06352687813341618,0.0026065543526783584,0.04163527972996235,0.9999864339828491,0.00012586009552251198,0.002804970252327621,0.007178995024878532,0.012528696795925498,0.005308495927602052,0.029009233787655832,0.00014296070585260168,0.9947596788406372,0.014976716990349814,0.006926977541297674,4.983468097634614e-05,0.0020556168630719183,0.00940100005827844,9.647809438320109e-05,0.5888280391693115,0.08874657386913895,-3.8700992266313916,87.14911091556674,32.282154576615895,-5.52892823010051,-3.4957468555211797,1.821371798907638,2.579693451205208,57.490319081905184,-2.34262182739848,-5.490315303538126
c118faf56e3d780e6eb6f99b7c01fda3,O[As](O)(=O)c1ccc(cc1)[N+]([O-])=O,247.038,-0.8442000000000003,3.0,2.0,4.0,0.4026579665067258,0.0,100.66999999999999,0.027025433629751204,0.6926177740097046,0.43862050771713257,0.003226908331271261,0.008402536693029105,0.07089931312948465,0.0030441789072938263,0.018680863780900836,0.009416932344902307,0.07707716077566147,4.9377571485820226e-05,0.39835432171821594,0.01362164388410747,0.5951972365379333,0.530838280916214,0.006654658447951078,0.0042208179365843534,0.0020291744513087906,0.00015444174750882665,0.001669626368675381,0.02175743952393532,1.0129099823075195e-05,0.14384662047959865,0.03280398715287447,0.08400807706639171,7.130781573323474e-05,0.004534305864945054,0.015843101695645602,0.001385446510539623,0.2025234192609787,0.006333855117554776,-4.831182470216566,-0.6795671957878767,17.52024033035675,95.14088756572502,-7.357307485419447,1.7386565885153584,1.3508932318306113,75.03140259662574,-2.177077977584621,-1.0062671502369018
29545587ca3a53e45fb9bcf6f7f4b662,Nc1nc2n(CC3CC3)c(=O)n(CC3CC3)c(=O)c2[nH]1,275.31199999999995,0.2884999999999996,6.0,2.0,4.0,0.8373039804590438,0.0,98.69999999999999,0.5173383891582489,0.9358383059501648,0.8665161848068237,0.4634644269943237,0.17621965892612934,0.21746879667043686,0.2309040606021881,0.3215570837259293,0.16007574573159217,0.44473630785942075,0.35366830229759216,0.12980518266558647,0.254404129087925,0.710251247882843,0.9998435854911805,0.013127866573631764,0.04210435440763831,0.37992180585861207,0.046827088855206964,0.025914004258811473,0.1953654870390892,0.003322165843565017,0.6347524523735046,0.04926103241741657,0.1405038833618164,0.24805170446634292,0.03346103690564632,0.23474377095699311,0.16214100867509842,0.5331308484077454,0.7399253249168396,-4.723793093529063,-5.86755130013136,-22.97685036208997,-13.250969680464767,-13.74706929181385,3.0337572883850767,1.9638158473644545,69.06971156472034,-4.211184019726422,-8.392220128874525
8c1d615d8cbd7f7cbe5b98cede76987a,Cc1cc(OCc2nnc(SC3CCCC3)n2-c2cccnc2)ccc1-c1ccc(cc1)S(C)(=O)=O,520.6800000000002,5.654920000000006,8.0,0.0,2.0,0.2964330370563362,0.0,86.97,0.07599320970475673,0.7119415044784546,0.9399476766586303,0.1962287798523903,0.9167094826698303,0.7406785666942597,0.8786166787147522,0.10928117781877518,0.08507639039307832,0.7809436678886413,0.9913815855979919,0.3269169867038727,0.18698054254055024,0.9391675472259522,0.9998106479644775,0.005618116754340008,0.008983086049556731,0.0291621851734817,0.05440230257809162,0.015372475516051054,0.05473711639642716,0.12304223142564297,0.8835416793823242,0.9090797901153564,0.7108121514320374,0.011824520118534566,0.1002355806529522,0.1523333251476288,0.010859246575273573,0.10157508701086045,0.4197967141866684,-5.463831226412582,23.88423249730438,49.159515643588975,-22.096981781638924,-8.625035313392033,2.3214339470450334,3.062717126673644,97.57490967647568,-4.740973150410008,-7.895585674940614
6c09d0e652399ee35c3ce74a314e4f7c,CN(C1CCN(Cc2ccc(cc2)C(N)=O)CC1)C(=O)CNc1c(C)c(C)c(N)c(C)c1C,451.6150000000003,3.136280000000001,5.0,3.0,4.0,0.5611544794114646,0.0,104.69,0.04791855923831463,0.8884978055953979,0.686546528339386,0.002908553183078766,0.012573999725282193,0.055175337567925455,0.005962657346390188,0.2710300549864769,0.15491452291607857,0.7896678805351257,0.10979431215673685,0.09319902434945107,0.35559654533863067,0.13539330959320067,0.8908798098564148,0.011549175251275301,0.03406047746539116,0.005913315061479807,0.002209806558676064,0.00791506627574563,0.037045455724000934,0.0003090548918407876,0.7505414247512817,0.09989105612039566,0.019380930159240962,0.002222492569126189,0.002234678657259792,0.002917392854578793,0.0059830243699252605,0.18824567645788193,0.7682818055152894,-5.519723102257695,-1.1483580803224285,35.088612133441316,-11.55027513275941,-11.431834339524059,2.6348655534953105,1.1992246531252007,60.884478805290016,-2.772154284083064,0.44666119296064044
76b25d377c4949a287090ed0ca56b915,OC(=O)C1(CC1)c1ccc(c(F)c1)-c1ccc(Cl)c(Cl)c1,325.16600000000005,4.915700000000002,1.0,1.0,4.0,0.8699336340050027,0.0,37.3,0.038768645375967026,0.6392196774482727,0.9771032094955444,0.24074965417385102,0.161705619096756,0.7324916839599609,0.4009136661887169,0.025357628986239434,0.004793598200194538,0.4918476164340973,0.01754661127924919,0.48184733986854555,0.025363589730113746,0.9623913764953613,0.9996909022331237,0.007867455738596619,0.061023416370153426,0.3131879299879074,0.12436207681894303,0.07650207281112671,0.23608518838882447,0.7227846622467041,0.7775304317474365,0.017329345631878823,0.42884643077850343,0.12289564833045005,0.03750626631081104,0.39109753370285033,0.25833078324794767,0.24852145463228226,0.04313499853014946,-4.095017693006774,15.245209900111936,18.004063336509933,-19.67003354612818,-7.411050956897145,3.357077890608815,1.7524044872456688,101.82415637829556,-5.421973188911253,-8.475118495182251
3c15acfd5876df73cb79747ad5bb362e,COc1ccc(cc1O)[C@@H]1CC(=O)c2c(O)cc(O)cc2O1,302.282,2.5185000000000004,6.0,3.0,4.0,0.7885404127535282,1.0,96.22000000000001,0.5724025547504425,0.33003253042697905,0.7406141877174377,0.789017117023468,0.5895077109336853,0.1533532753586769,0.4637110888957977,0.143208846449852,0.2749173954129219,0.4866585612297058,0.749985420703888,0.01910398844629526,0.09502108134329319,0.6863142013549804,0.9995322108268738,0.02947611454874277,0.030787093192338945,0.7091112911701203,0.1930893987417221,0.23153147250413894,0.3433660686016083,0.06003873199224472,0.7250882506370544,0.38499719500541685,0.3298404723405838,0.22146399319171906,0.13241356015205383,0.5998670279979705,0.3140004605054855,0.5002099454402924,0.25841718912124634,-5.082719635611356,103.42275801872138,14.917184195969407,-8.065621469034468,-10.621024100487158,2.4374348639765575,2.082593604854876,87.24313736960318,-4.373766577839524,1.6687441717430176
635f851f07908e56aea55cbe6192d9b6,C[N+]1(C)[C@H]2C[C@@H](C[C@@H]1[C@H]1O[C@@H]21)OC(=O)[C@H](CO)c1ccccc1,318.393,1.0626999999999998,4.0,1.0,4.0,0.512333158306654,6.0,59.06,0.07705403920263051,0.1670157264918089,0.18582624867558478,0.00010072934564959723,0.002562574460171163,0.023011826863512396,0.00016766047419878305,0.1452639326453209,0.0049676390422973785,0.314347168058157,9.91320855973754e-05,0.005802694143494591,0.007293403978837887,0.008378863148391247,0.03671152140013874,0.02745493855327368,0.12164070904254913,0.0010447856067912654,0.002198405977105722,0.007691956218332052,0.2039846435189247,0.0002796864929678122,0.4635043919086456,0.01195618633646518,0.015193803189322352,0.00047371243417728694,0.0003838912078208523,0.0009089055383810773,0.0023506180790718646,0.7603991150856018,0.38001867532730105,-5.4233350141459775,72.2174212014268,-21.820740016173488,1.0112400933231716,-13.292699958904512,2.1945229356946703,-1.2348505557075793,12.644911331513464,-0.6532191497273675,-0.6083694844121864
39778d75ea45d47817df9eb218549409,CCc1nc(N)nc(N)c1-c1ccc(Cl)cc1,248.71700000000004,2.5238000000000005,4.0,2.0,4.0,0.8561371493463951,0.0,77.82,0.17618825286626816,0.8735103487968445,0.9798638582229614,0.7539265155792236,0.17316746674478053,0.1955850377678871,0.03642098559066653,0.17020283937454223,0.04007214568555355,0.5738528072834015,0.035039722360670565,0.38244017362594607,0.04429604597389698,0.9186505794525146,0.9999340772628784,0.02641833834350109,0.09564176946878433,0.4444803535938263,0.12827310636639594,0.04356114324182272,0.2776179134845734,0.0034617649856954814,0.9657874703407288,0.03026522006839514,0.24084920883178712,0.05788854248821736,0.008510740380734206,0.1267094947397709,0.045364079624414445,0.3264068394899368,0.125407437980175,-4.59324248336298,43.36223148834913,39.415760194813615,54.269492844500704,-10.856308719526982,2.786279656963109,2.432726267177297,85.06231953007911,-3.554177237867637,13.592691067027493
3e8d14969a178f1ce205763505c79440,C1CCC(CC1)NSc1nc2ccccc2s1,264.41900000000004,4.2257000000000025,4.0,1.0,4.0,0.8399410248536086,0.0,24.92,0.2014589160680771,0.9812634706497192,0.8624228835105896,0.9913689374923706,0.9604167580604553,0.41442316174507143,0.42757076025009155,0.21021064296364783,0.19247590899467468,0.4171969085931778,0.5503075689077377,0.049912489019334316,0.01754747573286295,0.7944368600845337,0.9999992847442627,0.002972714469069615,0.019796706549823285,0.8979561924934387,0.295541849732399,0.024165481701493262,0.37052737474441527,0.11688695847988129,0.9855226278305054,0.1406070038676262,0.7204168200492859,0.16930098012089728,0.7313009381294251,0.918286943435669,0.08189122378826141,0.7704920768737793,0.20663693845272063,-4.6677513508443536,84.9437746250303,59.44537144930755,34.00677288814903,-6.649249447340533,2.1813911652769207,3.8194096644571593,93.97943751709873,-4.939143717712331,5.334564852502791
ea15634393613d7394dfc055f951eed7,Nc1nc(OCc2ccccc2)c2[nH]cnc2n1,241.25400000000002,1.5140999999999998,5.0,2.0,4.0,0.7250802475202582,0.0,89.71,0.4451525628566742,0.8922543525695801,0.9138746857643127,0.935447883605957,0.6499804139137269,0.1031711608171463,0.15902767106890678,0.158164257183671,0.18849058896303178,0.32773604094982145,0.4228626310825348,0.05432738289237023,0.025482780300080776,0.9407610893249512,0.9999879121780395,0.001897860347526148,0.01983933448791504,0.9309134125709534,0.11139250323176383,0.028790403343737125,0.35261998474597933,0.0018521734746173024,0.8341724038124084,0.04345918446779251,0.2543555825948715,0.32133685052394867,0.02509688027203083,0.09770968407392502,0.03959081470966339,0.4050308674573898,0.309080445766449,-5.163086162453863,49.043283043391575,9.931259590906489,-17.88216889732715,-13.704242778151174,2.416744201046753,2.2497482176515184,93.02573495690972,-3.6423434097485696,-4.940024471429922
fada6763072ae97fd3cf1adc862a93a1,COc1cc2CC[n+]3cc4c(OC)c(OC)ccc4cc3-c2cc1OC,352.41000000000014,3.384800000000002,4.0,0.0,4.0,0.6751545323909056,0.0,40.8,0.45562690794467925,0.7610830187797546,0.7329046964645386,0.41070502400398257,0.09130479991436005,0.11558477729558944,0.021999716013669967,0.37688634395599363,0.2207609497010708,0.7816989421844482,0.2595467120409012,0.10370694734156131,0.04534147828817368,0.752586567401886,0.9688716769218445,0.11673923134803772,0.040326406806707384,0.6149335503578186,0.20471133440732955,0.07598349638283253,0.0866781271994114,0.01396842673420906,0.8917662858963012,0.6853842496871948,0.5105294644832611,0.07697039619088172,0.07802761681377887,0.3767349600791931,0.3135588079690933,0.39699307084083557,0.6646466910839081,-4.793183772403404,83.40856906592865,67.68754643909487,-14.718720643023847,-7.627673944383342,2.528306683985768,3.094846085416564,85.65491373114808,-4.333489605048685,5.0605226457792805
92bb6725cde61089177fa6941a359b11,CS(=O)(=O)OCOS(C)(=O)=O,204.225,-1.1037,6.0,0.0,4.0,0.42631624516891137,0.0,86.74000000000001,0.9926787495613099,0.9956762909889221,0.9715842247009278,0.006745634850813076,0.006130003707949072,0.15073830336332322,0.0004176443297183141,0.055281576700508595,0.00018659419191067173,0.5255994111299515,4.688275799722419e-05,0.8288087368011474,0.004078023665351793,0.8785408973693848,0.9963845014572144,0.001132100206132236,0.0003734674520273984,0.0009661115087510552,0.002357444749213755,0.0012149927715654485,0.03208929412066937,0.002325775377721584,0.8840262055397033,0.017274383286712693,0.10974908005446196,0.0007735758986655128,0.002638342822319828,0.00682685749270604,0.0028497766368673185,0.979224705696106,0.058104605949483815,-4.711895630717114,-40.22977002083208,-17.222863720814082,25.313705743983302,-7.471891627721978,3.7115940910156127,0.268805141402518,35.80074948646067,-1.2853286184512869,4.942140948946857
dbdfe843268046e028f6869a92a0b029,COc1ccc2c(NC(=O)Nc3cccc(n3)C(F)(F)F)ccnc2c1,362.31100000000004,4.301200000000002,4.0,2.0,4.0,0.7283080185085233,0.0,76.14,0.7729044795036316,0.9119377136230469,0.9791022300720215,0.9600549221038819,0.8066354274749756,0.45810130834579466,0.40578417479991913,0.31144330501556394,0.36126935184001924,0.5492669761180877,0.7668325066566467,0.31259219348430634,0.31283664107322695,0.9804152011871338,0.9999434471130371,0.017385050561279057,0.07874028459191322,0.9187922954559327,0.26127668619155886,0.026910968497395514,0.2858697921037674,0.042856313101947305,0.9639406681060791,0.46777167320251467,0.7853205680847168,0.4886573672294617,0.07970290146768093,0.7952043056488037,0.6137998878955842,0.12355861812829971,0.8013129711151123,-4.748251582179735,30.834896898976808,55.879266642661094,41.84048784512875,-10.997445532600723,2.9435164396844256,3.6025934145907996,96.66218165367852,-5.383675637602181,-5.89991285822924
2230a8465f9a106ae746d06849329875,Cc1onc(c1C(=O)N[C@H]1[C@H]2SC(C)(C)[C@@H](N2C1=O)C(O)=O)-c1c(Cl)cccc1Cl,470.3340000000002,3.2021200000000016,6.0,2.0,4.0,0.660289548252613,3.0,112.74000000000001,0.02855206485837698,0.0679835706949234,0.8587060570716858,0.00785793703980744,0.03450523987412453,0.12677689343690873,0.015042432909831404,0.007764478190802037,0.013483122922480106,0.42261859476566316,0.03786512315273285,0.22762379795312881,0.07905421778559685,0.9768640398979187,0.6307543307542801,0.005253565357998013,0.023567688092589377,0.01841915398836136,0.024371750839054584,0.011380567331798375,0.05558108128607273,0.02720548938959837,0.45553010851144793,0.05450589060783386,0.17819372713565826,0.003201885789167136,0.013710653502494096,0.001993152196519077,0.006268101464956999,0.3291230469942093,0.023936627618968486,-5.533166254236951,-21.124337025628925,32.985235473172544,-5.5296088678297135,-11.549681506987774,2.2944213902368866,-0.18136142408135897,88.87846671964516,-3.7799249443416607,-1.8800517691851912
710f1860683dc52ff9c7744ffda6d0a1,CCCCS(=O)(=O)N[C@@H](Cc1ccc(OCCCCC2CCNCC2)cc1)C(O)=O,440.6060000000003,2.9505,5.0,3.0,4.0,0.3843022048921749,1.0,104.73000000000002,0.12562559098005294,0.4193426102399826,0.7222180843353272,0.0527664877474308,0.06764231100678444,0.18475939184427262,0.06388261392712594,0.31269543766975405,0.3989795625209808,0.6521001815795898,0.38993952572345736,0.06691323071718216,0.40502015948295594,0.33658752143383025,0.8523001432418823,0.013012876082211734,0.0838785745203495,0.03545304052531719,0.03296571709215641,0.05913440622389317,0.18708299100399017,0.11755523532629013,0.47712198495864866,0.1888107180595398,0.1994240939617157,0.009097254881635309,0.044456711038947105,0.013583999220281839,0.0183633578941226,0.39713822603225707,0.3570790827274323,-6.356196451806248,28.873110731302233,8.846075434529306,-21.831214463104082,-8.90386404362462,2.1485191825494585,-0.6459321835111359,72.40257838670344,-2.7551197339704303,-1.6534754977854262
9ceaabe8f381193c6509e470d08bfd79,NS(=O)(=O)c1nn2cc(nc2s1)-c1ccccc1,280.334,1.1052000000000002,6.0,1.0,4.0,0.7608467360799749,0.0,90.35000000000001,0.4298556104302406,0.7975943326950073,0.8856541752815247,0.8436342597007751,0.2686101019382477,0.4617384076118469,0.259255887567997,0.07660303749144078,0.01548902310896665,0.36264747083187104,0.0507729428820312,0.2843889594078064,0.08045570105314255,0.982818329334259,0.9999303221702576,0.013729402795433998,0.016086435690522195,0.39609816372394563,0.06356679014861584,0.027900677686557174,0.15952489674091339,0.039701074548065665,0.9031145930290222,0.1011706180870533,0.3026061624288559,0.034898987412452696,0.09045679718255997,0.14727047979831695,0.04202443230897188,0.768149220943451,0.06219660043716431,-4.6655359379939885,46.80540715542382,25.955697006051878,-29.690350780800344,-10.456627037974968,1.833800338460978,1.053738553872142,89.12882192109014,-2.986985487274583,-6.701301627711885
3dc24f88ce0641dcb202659a1f7bb9be,CSCC[C@H](NC(=O)[C@H](Cc1c[nH]c2ccccc12)NC(=O)CCNC(=O)OC(C)(C)C)C(=O)N[C@@H](CC(O)=O)C(=O)N[C@@H](Cc1ccccc1)C(N)=O,767.9060000000002,1.5202000000000044,9.0,8.0,2.0,0.08232831516129638,4.0,250.91,0.1922856904566288,0.576074892282486,0.7344492316246033,0.0357942171394825,0.2889197885990143,0.3926189422607422,0.23798177614808083,0.12897230833768844,0.04649290544912219,0.7334063887596131,0.6657776355743408,0.11250006407499313,0.14992232471704484,0.7237439632415772,0.6820026993751526,0.0185873556882143,0.0287401732057333,0.026647528074681757,0.024389106221497057,0.07910867920145392,0.08764434643089772,0.07488105967640876,0.23562288731336595,0.2132416546344757,0.15244048982858657,0.0306707963347435,0.013809030316770077,0.011268793884664775,0.04868310615420342,0.11326716840267181,0.42385829985141754,-6.938905497908553,17.983763878544508,64.63508925524665,31.938332925909986,-15.18699821789987,2.670140751302605,0.0799081902209469,70.66425214447229,-2.758659191428782,-1.81595281708833
2a94c5a534f105f04bf98c48d6d81368,COC(=O)Nc1c(N)nc(nc1N)-c1nn(Cc2ccccc2F)c2ncccc12,408.39700000000005,2.4184,9.0,3.0,4.0,0.4663611794645594,0.0,146.86,0.6290709733963012,0.7622752904891967,0.9404371380805969,0.3699475586414337,0.32138124741613866,0.2062373325228691,0.3505135618150234,0.06928440332412719,0.07829214558005333,0.3887729704380035,0.7623369336128235,0.2052350088953972,0.6482195973396301,0.9849963784217834,0.9991722106933594,0.028482952900230885,0.03013303242623806,0.6289745211601258,0.21249587535858155,0.016773597896099092,0.05490019395947456,0.048578016459941864,0.879178524017334,0.23085052967071534,0.4981487512588501,0.1856529861688614,0.011863764678128063,0.2731716357171535,0.30297380685806274,0.21804864406585694,0.8543694138526916,-4.999368572199693,16.981824621901122,39.50659514451304,33.19792765597574,-12.210454447502155,2.559837435233754,2.698927385169335,84.55861224292389,-4.833570234911191,-2.754491887691562
8a2cf7f401a098e05dfa97de5577be9f,NC[C@H]1O[C@H](O[C@@H]2[C@@H](N)C[C@@H](N)[C@H](O[C@H]3O[C@H](CO)[C@@H](O)[C@H](N)[C@H]3O)[C@H]2O)[C@H](N)[C@@H](O)[C@@H]1O,483.5190000000001,-7.325000000000001,15.0,11.0,2.0,0.16713351793707487,15.0,288.40000000000003,0.04163661058992148,0.04904343225061893,0.10907795131206513,0.00028353863128813825,0.016761133912950754,0.0027641251144814305,0.0017489096833742223,0.02988910482963547,0.009511566301807762,0.196240728860721,0.0007727132615400478,0.0013008028028707486,0.031404733494855466,0.02385887401178479,0.007727133977459744,0.10772795304656028,0.23722058683633804,0.0016696310136467218,0.010548221366479992,0.13515287935733794,0.5588847100734711,8.388884662053897e-05,0.06669633372221143,0.005496647371910512,0.05555583229288459,0.009173744219879154,0.0005404432919021929,0.007397905411198735,0.017009593918919562,0.2385198839008808,0.3762192904949188,-7.504177282388122,37.73857199495015,-12.366963839695051,-4.40888086857245,-19.80750948649239,1.2723916524471115,-2.060661717328659,19.66350831688785,-0.1646206805023475,-10.023755967132743
edf74931b837b78e0077e169fa0b0770,C[C@H](OCCC(C)(C)O)[C@H]1CC[C@H]2\C(CCC[C@]12C)=C\C=C1\C[C@@H](O)C[C@H](O)C1=C,418.61800000000017,4.6935000000000064,4.0,3.0,4.0,0.5850272499974164,6.0,69.92,0.41524935364723203,0.7204355597496033,0.649792468547821,0.005053035038872622,0.07440333366394043,0.03954106420278549,0.047139307484030724,0.09408801272511483,0.060444879007991406,0.8200820565223694,0.25849211513996123,0.11363129131495953,0.1694070927798748,0.12110459953546523,0.9980802655220031,0.026273340545594694,0.047173426300287244,0.03536214651539922,0.13299722224473953,0.08719541728496552,0.18969785422086716,0.03375534638762474,0.8903546452522277,0.7851157903671264,0.6991199254989624,0.035222276113927364,0.5473433017730713,0.4535072028636932,0.17532050758600234,0.5016804277896881,0.38801871091127393,-4.747223658520345,52.81439047887901,38.77486397960317,3.4728420531332667,-5.861587151617482,4.499356345035373,2.9594565694028074,89.43113631400935,-4.293944774700871,-0.07548354264100458
742ad9ed926bd9742e89930d62f1560c,COc1cc(CC=C)cc(C(=O)NCCO)c1O,251.28199999999998,0.8513999999999997,4.0,3.0,4.0,0.6549125288003494,0.0,78.79,0.380611777305603,0.4530316889286041,0.572297477722168,0.3629863947629929,0.1094547837972641,0.12216668576002121,0.03501770701259375,0.10027765482664108,0.012877194490283728,0.252488374710083,0.04820023812353611,0.21987574100494384,0.018892210721969605,0.1545497015118599,0.9996678829193115,0.004893765109591186,0.005857270117849112,0.047225124388933185,0.005296886060386896,0.0072732528671622275,0.0430006094276905,0.007983896415680647,0.5170233249664307,0.05230186693370342,0.10705238282680511,0.002530699223279953,0.05753976106643677,0.029152252338826658,0.009839159063994884,0.6955014586448669,0.06873848885297776,-4.812027323109251,77.49808391873589,14.508245871248272,-19.902939562756597,-13.262743107685575,2.0883270445126763,1.318233129334315,63.49230473841146,-1.9801524490274438,-4.596380826841272
fb8c60920e29a211624a6f85633db96e,CC(=O)O[Hg]c1ccccc1,336.74000000000007,0.8725,2.0,0.0,4.0,0.7493411931730899,0.0,26.3,0.4372288782149553,0.635273951292038,0.29188787066377697,0.9640806555747986,0.9482986330986023,0.004035622151423013,0.7878069162368775,0.009849868100354797,0.5197044551372528,0.10953896588180215,0.7024354338645935,0.02254854307648202,0.006173282355393894,0.7734900921583175,0.9997397184371948,0.9260381817817688,0.0005761233161592827,0.0034622912819031624,0.1690605029463768,0.9267252564430237,0.09531859670532868,0.9843969702720642,0.9647649526596069,0.026638876553624867,0.9984035015106201,0.9861867547035217,0.9570215821266175,0.8946941375732422,0.9713156580924988,0.943258547782898,0.03072142172604799,-4.143155377826942,46.867013949504326,22.83706093881002,-4.925595917752524,-5.519566431210796,2.473470360802321,1.2047985054109436,78.19945053360223,-2.4557107573429615,-5.7880014096071575
3af79f2dd7a3d33510ce9c0aae9db71a,CC(=O)N[C@@H]1[C@@H](O)C[C@](O)(O[C@H]1[C@H](O)[C@H](O)CO)C(O)=O,309.271,-3.871799999999996,8.0,7.0,3.0,0.26750356711643375,6.0,176.78,0.10956497862935066,0.46935864686965945,0.4749410808086395,0.0010091027652379125,0.004285775730386377,0.05415130059700459,0.0006727324915118515,0.013764829095453023,0.002811973134521395,0.06237639412283898,1.386707094184203e-05,0.00854642444755882,0.11494390964508057,0.2850575655698776,0.09043326452374459,0.007567940978333354,0.042536822333931926,0.0007091911626048386,0.0005072052532341331,0.007033547759056092,0.07796283140778541,0.00039390430865751116,0.0168098978465423,0.0002883511799154803,0.013390183076262474,0.00041057741691474803,0.0002963113525765948,0.00022032975011825328,0.017597390292212366,0.16150424480438233,0.011803276569116861,-6.4634632384889175,-8.404991366389316,-15.91645163307507,-4.958075539467898,-22.971084040311563,1.4166652439468508,-4.033317581518487,21.832223451161173,1.142492681988123,-2.4250931026807137
98ea59cddfd5af914eecdee847ebfe02,FC(F)(F)c1ccc(N2CCCCC2)c(NC(=O)c2ccncc2)c1,349.356,4.343000000000003,3.0,1.0,4.0,0.8963561858119499,0.0,45.230000000000004,0.19059327840805054,0.983087956905365,0.9059437036514282,0.926341426372528,0.9709248185157776,0.2282709449529648,0.8980157613754273,0.37829936146736143,0.41969242691993713,0.42685166001319885,0.9447558641433715,0.2232520490884781,0.5393138706684113,0.7255668401718139,0.9999849557876587,0.011779683642089367,0.016183038428425788,0.4645146608352661,0.5389593720436097,0.026084451377391814,0.14844028949737548,0.027751963958144187,0.9730441212654114,0.647321629524231,0.6769946932792663,0.058216822892427446,0.14498291313648223,0.8093400001525879,0.1955989718437195,0.5114741325378418,0.8928455591201783,-4.783197032605047,37.0659544133218,6.632050659319409,37.23390972781419,-9.159176558809147,2.8313010509886745,3.361852620094942,92.83026258192999,-4.745599746927455,0.27853458008250626
3af79f2dd7a3d33510ce9c0aae9db71a,CC(=O)N[C@@H]1[C@@H](O)C[C@](O)(O[C@H]1[C@H](O)[C@H](O)CO)C(O)=O,309.271,-3.871799999999996,8.0,7.0,3.0,0.26750356711643375,6.0,176.78,0.10956497862935066,0.46935864686965945,0.4749410808086395,0.0010091027652379125,0.004285775730386377,0.05415130059700459,0.0006727324915118515,0.013764829095453023,0.002811973134521395,0.06237639412283898,1.386707094184203e-05,0.00854642444755882,0.11494390964508057,0.2850575655698776,0.09043326452374459,0.007567940978333354,0.042536822333931926,0.0007091911626048386,0.0005072052532341331,0.007033547759056092,0.07796283140778541,0.00039390430865751116,0.0168098978465423,0.0002883511799154803,0.013390183076262474,0.00041057741691474803,0.0002963113525765948,0.00022032975011825328,0.017597390292212366,0.16150424480438233,0.011803276569116861,-6.4634632384889175,-8.404991366389316,-15.91645163307507,-4.958075539467898,-22.971084040311563,1.4166652439468508,-4.033317581518487,21.832223451161173,1.142492681988123,-2.4250931026807137
6a025408a33476f82d71a3b90e8269b7,CC(C)(Oc1ccc(Cl)cc1)C(=O)OCCOC(=O)c1cccnc1,363.7970000000001,3.292600000000001,6.0,0.0,4.0,0.5547480169462148,0.0,74.72,0.012239296920597553,0.6431788980960846,0.6838616728782654,0.9067644119262696,0.9779662489891052,0.13091528564691543,0.914950680732727,0.07311726436018944,0.34543050825595856,0.7639511585235595,0.8471811532974243,0.0491943733766675,0.028079473227262498,0.7483760476112366,0.9999207496643067,0.0038314298843033614,0.005591066484339535,0.15610223412513732,0.39677428007125853,0.05243029966950417,0.10811307728290558,0.017743486911058426,0.9924778938293457,0.18199658989906312,0.08820714503526687,0.004304956016130746,0.0452983595430851,0.10393194779753685,0.006204494112171233,0.18435267806053163,0.37205985486507415,-4.452671478061015,139.49213006069112,90.53691312414614,8.499914146376195,-8.616861810025123,2.1305466715402437,3.1390150885456687,93.87404184502086,-4.368399122591117,5.518359430197735
c13827c4354646502d1a9b6420cc0935,CN[C@H](CC(O)=O)C(O)=O,147.13,-0.8662999999999996,3.0,3.0,4.0,0.4810243713333748,1.0,86.63,0.10893429890275001,0.7181252241134644,0.5550098359584809,0.000513050224253675,0.005848538549616933,0.10882773399353027,0.0012163524850620888,0.02728938590735197,0.0065299895824864505,0.0642706423997879,3.632308780652238e-05,0.06734213903546334,0.08053502161055803,0.2041524201631546,0.44681506156921386,0.0014716545440023765,0.022729020565748215,0.002775681111961603,9.77507748757489e-05,0.0028827608097344638,0.04575278386473656,0.0002124484233718249,0.014167503039061558,0.0012471706955693661,0.015256164222955703,0.00024869690387276935,0.0011353719513863326,0.0002816169726429507,0.0018847517552785576,0.3346858650445938,0.0014944196416763588,-5.964271750971456,-22.569904748730785,-21.2509697840493,-16.53149593342575,-14.08985115746014,1.3682613545687121,-2.5484649343574333,44.60658959246502,-0.45931301751181364,1.1443026041729645
ee32cdc6e9e1fe32571a3a7208d1dd33,CC(C)c1nnc(-c2ccc(nc2)-c2ccccc2)n1-c1cccc2nonc12,382.42700000000013,4.6559000000000035,7.0,0.0,4.0,0.4496597500624472,0.0,82.52,0.40291507840156554,0.6048988580703736,0.907649576663971,0.4391297310590744,0.5214339941740036,0.36363727450370786,0.5511426210403443,0.13625834733247758,0.03003317108377814,0.6572542667388916,0.49863141477108003,0.323064461350441,0.3940180867910385,0.9325323581695557,0.9957985281944275,0.043604335933923724,0.04750573225319386,0.32368831932544706,0.22893300652503967,0.07940715551376343,0.15730537474155426,0.1439090073108673,0.95623379945755,0.8601674675941468,0.7114061117172241,0.19034776091575623,0.14665258377790452,0.18052833527326584,0.14455571323633193,0.34282896518707273,0.6611588060855865,-5.11413153797033,30.96652728734843,8.54661879631966,-6.2026220389417315,-7.016092582272085,2.0329245255110138,3.377359749403329,98.47303985963526,-5.593624123846846,0.4884076487526654
613753453b48cf5160195f457bc7adf6,Ic1cnc(Nc2cccc(NC(=O)N3CCCC3)c2)nc1NCCCNC(=O)c1cccs1,591.4790000000005,4.746000000000003,7.0,4.0,3.0,0.2113861967006588,0.0,111.28,0.211588716506958,0.6902519464492798,0.5673746526241302,0.3015887051820755,0.748195493221283,0.3126427263021469,0.7522169351577759,0.40915340185165405,0.515384966135025,0.6534838318824768,0.9100438952445984,0.24834804087877274,0.5488296985626221,0.9105384588241577,0.9913183450698853,0.006247142748907209,0.010323232319206,0.35613835155963897,0.05407503172755242,0.01198263862170279,0.1195236548781395,0.021217089891433717,0.7822109818458557,0.7098418712615967,0.7384692907333374,0.056808655709028245,0.09134498238563538,0.6145828008651734,0.38820528984069824,0.40907920598983766,0.8932817339897156,-5.556222928569133,84.26840141338123,67.64743641404661,66.90219890511015,-10.491479806703154,2.703829579584826,3.505594029971924,104.12312273514999,-5.191753625476775,2.0226024883721685
6b86014c8a1c4df640934c0f64b79cc5,O[C@@H]1Cc2c(O)cc(O)cc2O[C@@H]1c1cc(O)c(=O)c2c(O)c(O)cc(cc12)[C@H]1Oc2cc(O)cc(O)c2C[C@H]1O,564.4990000000003,2.1650000000000005,12.0,9.0,1.0,0.17110667698500992,4.0,217.59999999999997,0.3503927528858185,0.060968073830008504,0.32758607268333434,0.11599275842308998,0.12492326349020004,0.07004599943757057,0.16065594404935837,0.04065738581120968,0.06053500659763813,0.5525050580501556,0.10118686836212873,0.07852340117096901,0.20084739550948144,0.86358243227005,0.7034948468208313,0.11457737237215042,0.06633660439401864,0.18676996231079102,0.25576757490634916,0.07945863306522369,0.17906763255596161,0.017132222559303044,0.20249638259410857,0.5298879683017731,0.18217657282948493,0.08145486563444138,0.08916421253234148,0.5059402167797089,0.275244465470314,0.26974029541015626,0.7568911433219909,-6.462473785843239,10.516724566909433,37.532533637414986,50.73088414420855,-12.418887815577492,3.7798093646987105,0.6845730712049583,75.4324966935306,-2.435187038482747,8.514858651308984
9da5b46b3bc7575f296a1ba42e82198b,COc1ccc(cc1N1CCNCC1)S(=O)(=O)Nc1cc(Cl)cc(Cl)c1OC,446.3560000000001,3.221000000000001,6.0,2.0,4.0,0.7096943896233359,0.0,79.9,0.03195832595229149,0.71541668176651,0.8883675575256348,0.5164654314517975,0.8928857445716858,0.7073872208595275,0.8400649785995483,0.47403963804245,0.2942534998059273,0.6473026037216186,0.951007068157196,0.3645131468772888,0.12837746143341064,0.9675126433372497,0.9995670437812805,0.007602833956480026,0.033457478135824205,0.051965656131505965,0.0358037032186985,0.0042068613693118095,0.02781759239733219,0.03541444521397352,0.9351673126220703,0.515898334980011,0.274722746014595,0.0019711322092916816,0.011884834431111813,0.2491454929113388,0.01362922675907612,0.16763974651694297,0.7709758520126343,-5.08666298985028,3.3041863040385726,-13.473682904250746,18.197187272509016,-9.282568674722349,2.2562743510673045,1.0120101399550103,89.13982008222577,-3.7668493768853453,-1.024479038254064
dc42efc823e45ee86ddfc74077eff1ef,C[C@H](N)Cc1cnc[nH]1,125.17499999999998,0.2993999999999998,2.0,2.0,4.0,0.5969051438730354,1.0,54.699999999999996,0.032813437981531024,0.39254427552223203,0.8876152276992798,0.00775207671103999,0.01136170900426805,0.04814736768603325,0.015645679202862084,0.0931840606033802,0.02800010805949569,0.026409320812672377,0.1960745669901371,0.04104571007192135,0.03182140777353197,0.07186918715015053,0.999971580505371,0.00015056728734634816,0.0006110778253059834,0.03495223335921764,0.0039142952184192835,0.00042713271868706216,0.003381021606037393,2.483146420217963e-06,0.15954165756702424,0.00034298272112209816,0.0010770990775199607,1.0939580704416585e-05,0.0019476774497888983,0.0002557683255872689,4.2650108730413196e-05,0.7626610279083252,0.03966702260077,-5.058134350614198,-9.240999990403933,-56.67922567463764,2.262841059406294,-12.325531834059765,2.321350455890088,-2.521909418163153,-32.37324074973609,0.20310803843246078,3.507709521119338
8dd0556101d3ec6e0d5d72549ab45cc3,Clc1ccc2[nH]c(=O)c(-c3nc4ccccc4[nH]3)c(N[C@@H]3CN4CCC3CC4)c2c1,419.9160000000002,4.230900000000002,4.0,3.0,4.0,0.46410409770447875,1.0,76.80999999999999,0.5861723065376282,0.8230182290077209,0.8175265431404114,0.6025449097156524,0.2746482715010643,0.1335059955716133,0.20285842269659043,0.39809431731700895,0.4421558976173401,0.6451631903648376,0.3254258096218109,0.28073822855949404,0.8494052648544311,0.8149617910385132,0.9970712661743164,0.05703481324017048,0.03568189144134522,0.6537543892860412,0.35237842202186587,0.05405816361308098,0.10727835297584534,0.03732707975432277,0.8244283199310303,0.7321336567401886,0.4296772599220276,0.10790883749723434,0.1382054939866066,0.2729463130235672,0.3550666093826294,0.3905077695846558,0.9587366700172424,-5.066443032768535,0.8834410018033367,3.621620480375994,8.100075055271228,-12.226330695084476,2.814347312178242,2.904645516489843,102.66938794857109,-4.939069366929174,8.886164284205076
fea9ddf8262dd2221ee30e8e3e03a5f2,CC(C)C(=O)OC[C@H]1O[C@@H](n2ccc(N)nc2=O)[C@](C)(F)[C@@H]1OC(=O)C(C)C,399.41900000000015,1.218099999999999,9.0,1.0,4.0,0.7085268225581018,4.0,122.74000000000001,0.7341570019721985,0.9438228845596314,0.8923822522163392,0.002277439314639196,0.03360074050724506,0.0380174458026886,0.018620026763528585,0.026334812957793476,0.008536580199142918,0.5640502512454987,0.4102723717689514,0.17993221282958985,0.5380124390125275,0.7602035999298096,0.9982094526290893,0.11652658190578222,0.35176476240158083,0.010245630983263254,0.351254740357399,0.07768616005778313,0.1445090055465698,0.009894174593500792,0.8452402234077454,0.11433634981513023,0.1786754235625267,0.065800591558218,0.0026579232653602958,0.01772818174213171,0.07120987437665463,0.14633752033114433,0.35452811121940614,-5.061345741728062,81.08083126207109,60.2401479111236,-23.63019839339995,-9.278793031533947,2.432798813880777,1.3876043833233302,64.32174339227275,-4.222389265159526,4.071684566237273
ff4a6abf61dbf9d64f4d6ef763655465,N[C@@H](CCC(O)=O)C(O)=O,147.13,-0.7369000000000001,3.0,3.0,4.0,0.48597553095435087,1.0,100.62,0.24791836887598037,0.7631896615028382,0.7358453392982482,0.010811201058095321,0.0216874735429883,0.08971954807639122,0.0055180768948048355,0.05453522223979235,0.03662423938512802,0.05632325857877731,0.0004838630571612157,0.14868071526288987,0.11738085001707077,0.11275164484977722,0.8563632249832154,0.0039835824602050705,0.04858479257673025,0.015907238703221083,0.000272747867347789,0.0063856831402517855,0.04099527262151241,0.0004994640637960401,0.031643807163345625,0.0017982596706133335,0.010287732817232609,0.000895320593554061,0.0015389418171253056,0.0005816116041387432,0.002062627099803649,0.24042251706123352,0.009157069912180304,-5.821473137577444,-3.0310969852258487,-27.565265234440847,-8.356259990492347,-13.137287452360408,1.5542003569848712,-2.0541837183604876,35.57368195158587,-0.2781035633168448,2.2591022144289936
a0ce0464011437c69723685e9d0bc972,O=c1nc[nH]c2ccccc12,146.14899999999997,0.9231,2.0,1.0,4.0,0.6003509616659684,0.0,45.75,0.0845403365790844,0.8876135587692261,0.8865822792053223,0.14805886521935463,0.016362047661095856,0.4045593857765198,0.004933752428041771,0.16876627504825592,0.0031408722046762706,0.2698191165924072,0.0033258687064517288,0.1251278728246689,0.09657885283231735,0.9433692336082459,0.9992905497550965,0.0038805395364761353,0.02309106681495905,0.06452670991420746,0.0020579859148710964,0.004365415032953024,0.05145595259964466,0.0011421807663282379,0.4891353338956833,0.01629003481939435,0.008669027872383595,0.003743058769032359,0.007872395915910602,0.005709265009500086,0.007624358870089054,0.4349821627140045,0.02799594113603234,-4.4523539795409715,57.909819738986165,40.254155125928584,-23.63439268649571,-12.594092236970653,2.135291146514286,0.740520918111329,59.78469325076778,-2.0954114642721295,-6.5935444139661685
4bab65a0adb62ab9aece42f2d5f6ae89,C[C@@H]1CN(CC(=O)N2CC(C)(C)c3nc(CO)c(Cc4ccc(F)cc4)cc23)[C@@H](CN2CCOC[C@H]2C)CN1,539.6960000000003,2.3110000000000004,7.0,2.0,3.0,0.5590877177969701,3.0,81.17,0.24195268452167512,0.6107939541339874,0.4068875670433044,0.0020930145925376563,0.15132016092538833,0.05434457175433636,0.08652172461152077,0.11730142831802368,0.453572952747345,0.7872846126556396,0.8911157369613647,0.13382466435432433,0.7174362242221832,0.19381891191005707,0.9940883398056031,0.014601948205381632,0.03481732085347176,0.04784858077764511,0.022504274174571036,0.015033495193347336,0.0375026497989893,0.0010534167115110904,0.8255765199661255,0.4041345536708832,0.1343935325741768,0.0030748884193599222,0.006212045205757022,0.028112057968974112,0.03020881786942482,0.1968396171927452,0.9517700552940369,-5.026375403820764,33.50454008294499,60.74492114996819,42.77904508083176,-11.182942156996841,2.922964240056076,2.1397565267807668,78.3714511190994,-2.265291408578779,18.314305323122404
d23360debee10b9cb2e04cfd88cfe70f,CN(C)CCN1c2ccccc2N(C)c2ccccc2C1=O,295.3860000000001,2.976300000000001,3.0,0.0,4.0,0.870763155680302,0.0,26.79,0.6131136238574981,0.997599971294403,0.876073706150055,0.5585909843444824,0.09307568073272705,0.5800917029380799,0.011831400636583566,0.8314781546592712,0.336524510383606,0.7159884333610534,0.06665837168693542,0.25875735878944395,0.6020727574825286,0.5772313117980957,0.9935282588005065,0.0228638157248497,0.051637403666973114,0.11644836142659187,0.0194872023537755,0.0047212651465088126,0.046630106028169395,0.003716074721887708,0.9567694544792176,0.2552193820476532,0.05662342049181461,0.007904721843078732,0.00337368983309716,0.02795414961874485,0.02664051726460457,0.7229518532752991,0.9405994534492492,-4.083033846344584,71.66299886828469,19.336787038664873,33.42774104195522,-9.786559527361488,2.790316724655445,1.5214012287355256,55.049210655418776,-3.09650560412044,-8.016671040312769
0f5daba01fa15c281fe9b1285887d210,CC1(C)S[C@@H]2[C@H](N3C(=O)[C@H](NC3(C)C)c3ccccc3)C(=O)N2[C@H]1C(O)=O,389.4770000000001,1.4111,5.0,2.0,4.0,0.7600947539567586,4.0,89.95000000000002,0.0160886166151613,0.03784267418086529,0.6920503377914429,0.0002552157318859827,0.007573031028732658,0.1386147763580084,0.0013266439811559394,0.009750370355322956,0.002385100006358698,0.3518685460090637,0.005679746903479099,0.16013455092906953,0.014751550648361445,0.7652891159057618,0.19572083037346602,0.007450406951829791,0.06433874387294054,0.0038020530133508145,0.0017460120259784162,0.010864623566158116,0.08777731843292713,0.0058884826255962254,0.1646732896566391,0.006370474374853075,0.10668439865112304,0.0008461524645099417,0.004883069801144302,0.0002153448287572246,0.0017729966551996768,0.48457478284835814,0.005961798783391714,-6.013614466015983,-0.7093695980717414,31.7546661298236,-4.2537817991719225,-12.554498491632057,2.091373055830297,-1.1239298244233051,63.56679126262634,-2.250530590816124,-1.5640785012595042
cf9c620348d539a983adac337d88bef6,CC(C)(C)c1ccc(cc1)-c1nc2ccccc2[nH]1,250.345,4.527400000000004,1.0,1.0,4.0,0.6751407534418719,0.0,28.68,0.24911679625511168,0.8715129494667053,0.694027304649353,0.9905954599380493,0.8169746637344361,0.26383256316185,0.3002939522266388,0.30961099863052366,0.42519861459732056,0.6797466278076172,0.304248771071434,0.18905498683452607,0.016279111988842486,0.7375244617462158,0.9999844312667847,0.002039456064812839,0.007743226084858179,0.7663076758384705,0.4654920816421509,0.20017053186893463,0.503233540058136,0.018135263212025167,0.9825746178627014,0.46101734340190886,0.39729284644126894,0.15829718187451364,0.2798156440258026,0.8530826210975647,0.08563706278800964,0.6618566036224365,0.766707181930542,-4.5085406112165565,40.053156809823136,46.901084462378414,-19.345154483610607,-7.001070228076739,1.922030529027887,4.731110733549017,107.41022744519583,-6.219384698306787,5.398790616102039
f8426ba34db972f3009c914a0b46ce5c,Cn1cc(cn1)-c1cnc2ccc3ccc(CS(=O)(=O)NCc4ccccn4)cc3c(=O)c2c1,471.5420000000002,3.1633000000000013,7.0,1.0,4.0,0.40770976276043064,0.0,106.84,0.1393096223473549,0.49113959074020386,0.8469600796699523,0.3963588073849678,0.20900720581412316,0.47229201197624204,0.23053575567901136,0.20651231110095977,0.11137084029614926,0.6659534096717834,0.8483410596847534,0.31211034059524534,0.3849721014499664,0.9460862755775452,0.9869799613952637,0.15640499889850618,0.11666829213500023,0.13116110861301422,0.21787335276603698,0.03941332064568996,0.07446913197636604,0.09758405461907387,0.7949182748794555,0.5598332524299622,0.30716800689697266,0.05638199895620346,0.032261855294927956,0.21277059912681578,0.14474262967705726,0.1585602879524231,0.8556965470314026,-5.705591317896134,55.182397070623594,53.044991267897146,48.12420613264571,-10.864990628770093,2.7258801725218866,2.250781107315563,84.20976727287952,-3.8798020431977385,-8.374297786868564
fac2ea9abc59cc963bbfadb1cec6921c,CN1C(=O)C[C@H](NC1=O)C(=O)N[C@@H](Cc1cnc[nH]1)C(=O)N1CCC[C@H]1C(N)=O,405.41500000000025,-2.1463999999999954,6.0,4.0,4.0,0.42033914956941193,3.0,170.58999999999997,0.11766425147652626,0.7078557968139648,0.6440943479537964,0.0004745560185256181,0.006197736132889986,0.06914006751030684,0.004413470166036859,0.04715899806469679,0.004302955587627366,0.29045179188251496,0.05782465105876326,0.03147380817681551,0.3458456784486771,0.4486603677272797,0.9707167983055115,0.007039399771019817,0.01910904925316572,0.0038979885051958264,0.003395011625252664,0.008813855506014079,0.03597671575844288,0.0005006961582694203,0.08189694876782597,0.009853732492774724,0.03295862041413784,0.0004285671209800057,0.008398905210196973,0.0005826418586366344,0.01257376754656434,0.23134044110774993,0.05451386552304029,-6.229980290692265,12.462317954003979,-17.90396994836816,-3.3333972668302208,-19.23359070590744,2.765491679698312,-0.16645793959942728,38.672770290688945,-2.6321894580718164,3.591756026576875
1e3ba1bcc6f951f6fd6f1a37f27e2eff,CCC(CC)CC1(CCCCC1)C(=O)Nc1ccccc1SC(=O)C(C)C,389.60500000000013,6.676600000000006,3.0,1.0,3.0,0.5045730005656934,0.0,46.17,0.06283643580973149,0.9807649731636048,0.7045052647590637,0.135095976293087,0.5436153054237366,0.44889265298843384,0.4540949136018753,0.20954449027776717,0.2791752368211746,0.8011177778244019,0.898074460029602,0.3096565842628479,0.06471224538981915,0.19422096014022827,0.9999392986297607,0.014378447318449616,0.015617020055651664,0.05798412561416626,0.13320656269788742,0.03240532800555229,0.11265724003314972,0.04385068863630295,0.9462598323822021,0.864133358001709,0.5333605468273163,0.0077043727971613405,0.17734536677598953,0.6454811573028565,0.0829879954457283,0.562376081943512,0.82980717420578,-4.624399003277453,104.18984320878026,124.59464270456037,63.66143200810633,-4.550704638022354,2.6493216942604336,4.575035560709662,98.2721381855168,-5.350616731071217,11.476152336516297
7a19b937263a74016916f345506db03f,NC(=O)C(=C\c1ccc(O)c(O)c1)\C#N,204.18499999999997,0.4900799999999999,4.0,3.0,4.0,0.3698127948017662,0.0,107.34,0.36850800812244416,0.41463983058929443,0.7604287445545197,0.7153658151626587,0.028343155793845654,0.12533424254506825,0.08395391833037139,0.0527144025079906,0.015887206327170132,0.32465778589248656,0.646676778793335,0.18364667259156703,0.0121621715137735,0.5957177639007568,0.9993261456489563,0.02962471265345812,0.015706600993871687,0.11066477000713348,0.029670306760817767,0.11513141170144081,0.031068679969757797,0.020334970951080323,0.601694768667221,0.017370179295539856,0.5592365384101867,0.06363701224327087,0.15679753422737122,0.38150074183940885,0.07892756089568138,0.9091812610626221,0.07655189745128155,-5.337908304168016,68.26957538843246,0.9949083300889583,-13.671823457566408,-15.202506366729391,2.481008748151416,1.5051226419019015,71.03575605716473,-2.123140682679157,0.8085319065677214
5e84908363bd378d447e7d267baa6051,COc1ccccc1-c1c[nH]c2ncc(cc12)-c1cncc(c1)C(=O)N(C)C,372.4280000000001,4.002300000000002,4.0,1.0,4.0,0.5876780142437334,0.0,71.11,0.4040513038635254,0.6299801707267761,0.8628660917282105,0.9387513399124146,0.6659307956695557,0.5251445472240448,0.37452228665351867,0.5401052117347718,0.3254179686307907,0.7011965870857239,0.9831959128379821,0.06238396130502224,0.36990343034267426,0.9036021947860717,0.9998245954513549,0.018333258293569087,0.015946442540735007,0.7007522940635681,0.3095413833856583,0.05603678673505783,0.10231541991233825,0.029835013952106238,0.9709178566932678,0.5697470605373383,0.32714720368385314,0.08934006262570619,0.09585620649158955,0.23121948838233947,0.12564542666077613,0.24018109142780303,0.8948265790939331,-5.007099810753075,43.35786266066106,55.70842710561684,-22.922060982750416,-12.453264449241159,2.4600497996875985,2.8323681592351075,95.47739237581467,-5.04113422125878,-11.71702813632243
47133aa0ca5c03beee7111e50bdd1ea5,[O-][N+](=O)c1cc(c(\C=C\c2ccc(Cl)c(Cl)c2)cc1\C=C\c1ccc(Cl)c(Cl)c1)[N+]([O-])=O,510.16000000000014,8.4574,4.0,0.0,2.0,0.189210372488933,0.0,86.28,0.7191249012947083,0.5899620652198792,0.6928747951984405,0.21371185407042503,0.4959314942359924,0.1675506576895714,0.3382861718535423,0.03488017898052931,0.04730756338685751,0.7627698898315429,0.16881908625364303,0.643132072687149,0.033056710939854385,0.9541312456130981,0.9954552412033081,0.02520736735314131,0.009141729678958654,0.5073126673698425,0.30842007100582125,0.06300426721572876,0.18083298355340957,0.07880501225590705,0.763093364238739,0.8347032904624939,0.7883169293403626,0.04590210067108273,0.4607146859169006,0.8995049595832825,0.3474753171205521,0.8200316786766052,0.6539178431034088,-4.654585405447784,61.783999962985284,14.338710437861499,50.76790340012679,-5.2363629966447505,3.0977430438646842,3.8703429343953624,107.17693563588833,-8.038596335956354,6.712894045489715
529b16e96d84a2839e90f77c7f0c50fc,CCS(=O)(=O)Nc1ccc(Oc2ccc(F)cc2F)c(c1)-c1cn(C)c(=O)c2[nH]ccc12,459.47400000000016,4.365700000000003,5.0,2.0,4.0,0.44796761876469304,0.0,93.19,0.12193610817193985,0.583333683013916,0.9193548202514649,0.7822110295295716,0.7974864363670349,0.600972032546997,0.8911344528198242,0.28342165350914,0.3513310104608536,0.6979489803314209,0.9072444677352905,0.4086814373731613,0.19127348214387893,0.9712491750717163,0.9993846654891968,0.04148980602622032,0.060166503116488454,0.27556608319282533,0.19500647932291032,0.012113120872527361,0.059511542320251465,0.0880662128329277,0.8411069869995117,0.8480396628379822,0.3272852718830109,0.03536126837134361,0.040748783946037294,0.7192799091339112,0.12263273447751999,0.11867315620183945,0.930127489566803,-4.879036315023669,47.937784614128724,11.04860040421774,65.95318427807305,-11.181211655845058,3.2622915445578307,2.643246729157011,95.92530751330864,-5.646395174567049,4.1379551227625635
a0550b3e2ad96a75c4e094bcdcb20cc8,NC[C@H]1O[C@H](O[C@@H]2[C@@H](N)C[C@@H](N)[C@H](O[C@H]3O[C@H](CO)[C@@H](O)[C@H](N)[C@H]3O)[C@H]2O)[C@H](O)[C@@H](O)[C@@H]1O,484.5030000000001,-7.2913999999999985,15.0,11.0,2.0,0.16685365193348575,15.0,282.61,0.03973199226893485,0.07820831164717675,0.09408332780003548,0.0002529158065271986,0.016384981106966734,0.0033153592361486518,0.0017872184413135982,0.02815038221888244,0.009747771243564785,0.20279915761202574,0.0004886439885012806,0.0011124627337267157,0.028162324288859963,0.024036342557519675,0.005791367316851393,0.09521546438336373,0.20495942384004592,0.001386755466228351,0.007801927370019257,0.15445657968521118,0.5357702136039734,6.670405534805468e-05,0.06375333408359438,0.005068707303144038,0.051764610572718084,0.006978827439888846,0.0004377919700345956,0.005808421829715371,0.01390693848952651,0.22263730615377425,0.3613321229815483,-7.466133462247467,38.44537327735812,-13.88130965172606,-0.3357115502179475,-20.24052706775973,1.2239088736091965,-2.0630925207568174,19.276126424734095,-0.04031309485157086,-11.01698218082785
356e6aeb1f388116852cab34b84760a4,NC[C@H]1OB(O)c2c1cccc2OCCCO,237.06399999999994,-0.8347000000000002,5.0,3.0,4.0,0.4592107038943456,1.0,84.94000000000001,0.7598698675632477,0.7178791403770447,0.9091738104820252,0.11739909201860428,0.0199379401281476,0.07427771911025047,0.00496474172687158,0.397083181142807,0.03302278034389019,0.19808228462934493,0.016346832737326622,0.2844163000583649,0.18517741858959197,0.08940652161836624,0.9992938756942749,0.010239010956138373,0.047587678954005244,0.19598508328199388,0.0162714128382504,0.007379438541829586,0.05134981870651245,0.008270591264590621,0.43618306815624236,0.022645406797528266,0.08474403321743011,0.010700748767703772,0.01006589075550437,0.019772446155548094,0.042477698624134065,0.4834612309932709,0.18486701250076293,-4.845320143775257,42.62650049012184,-30.797433146557694,-0.9641688810353528,-13.204444573046374,2.387191435231004,-0.09380667624052652,48.700645338570496,-0.7089889252262971,2.549454168907227
45b1bfdb64387f39872a581fb5d63b4e,CC(C)Cn1c2nc[nH]c2c(=O)n(C)c1=O,222.24799999999996,0.07929999999999976,5.0,1.0,4.0,0.7816409579492779,0.0,72.68,0.2557400964200497,0.9025513172149658,0.8048206806182862,0.574929490685463,0.07074646279215813,0.4152012258768082,0.08618067428469658,0.31962038576602936,0.016861763829365373,0.4708538234233856,0.062383192032575606,0.09102905243635177,0.09469854012131691,0.7441515803337098,0.999888253211975,0.0023224979173392057,0.010776509204879403,0.1403311662375927,0.006559048965573311,0.00760816726833582,0.049111821502447126,0.0010679848433937877,0.8875532627105713,0.11316384077072143,0.030090824887156486,0.013424285035580397,0.034013811871409415,0.006050035124644637,0.007632885640487075,0.7076954483985901,0.3059261292219162,-4.218319022200728,13.079088346304985,1.6820839664425855,-4.9167349029491945,-13.555324913436838,3.2626678014389343,0.9502494099819228,63.2435315587512,-2.2079344823033495,-0.9699546638495434
b099a3af3277875206ae29921a5dba71,Cc1cccc(Nc2cc(Cl)nc(SCC(O)=O)n2)c1C,323.80500000000006,3.6671400000000007,5.0,2.0,4.0,0.49658062637922074,0.0,75.11000000000001,0.11781553849577904,0.6639718532562255,0.9830755472183228,0.4261223316192627,0.3132253587245941,0.5894846379756927,0.14028132185339928,0.041303284093737604,0.045926904678344725,0.28915209174156187,0.0859127800911665,0.19867340326309205,0.18109190613031387,0.9798149466514587,0.999274468421936,0.009343926724977792,0.02118316777050495,0.4813445687294006,0.07629392668604851,0.02344918893650174,0.1290346458554268,0.42551055252552034,0.7234608173370362,0.031195449642837048,0.4056606233119965,0.07024792283773422,0.06444402039051056,0.086085943877697,0.05865686945617199,0.37115404605865476,0.018322271574288607,-5.312385098441001,45.37329519511942,35.36295965894441,13.10151413709176,-9.658477004032378,2.454588047640935,0.8437449012986044,97.21427068042479,-4.031046334341486,11.830188209002102
2675dd990c22d1cf4a7dd218eb552296,Cc1c(C=C)c2cc3[nH]c(cc4[nH]c(cc5nc(cc1n2)c(C=C)c5C)c(C)c4CCC(O)=O)c(CCC(O)=O)c3C,562.6700000000005,7.199440000000007,4.0,4.0,2.0,0.2295400671929856,0.0,131.96,0.10474461540579796,0.27475934028625487,0.5889696896076202,0.5369695782661438,0.2819864869117737,0.19499406814575196,0.2925006181001663,0.05791907869279385,0.12591664120554924,0.39554415345191957,0.17433411851525307,0.17721970081329347,0.3747898697853088,0.9234965443611145,0.80071861743927,0.030653455294668674,0.030072242580354215,0.35186315774917604,0.16495734453201294,0.11302821934223176,0.11702624559402466,0.24678444266319274,0.35626603960990905,0.458485472202301,0.48863533735275266,0.1112053081393242,0.2719037443399429,0.2744076818227768,0.3324212670326233,0.43533327579498293,0.4828019440174103,-5.971380128513632,-28.575610692371107,-0.700715347492342,29.550970949428056,-10.102293622510734,3.7028608888674848,1.5273892728080507,88.8951941030629,-5.027402104096394,-9.584730133110304
f23687effbdfdf2dd20fd4ce8b7f9466,Brc1cnc(Nc2cccc(NC(=O)N3CCCC3)c2)nc1NCCc1cnc[nH]1,471.36300000000034,3.988100000000001,6.0,4.0,4.0,0.41494149991456514,0.0,110.86000000000001,0.060354404896497724,0.5907612025737763,0.7489525318145752,0.8717298865318298,0.957244086265564,0.2807284086942673,0.9498085618019104,0.3230027496814728,0.7487580299377441,0.4478177666664124,0.9796960115432739,0.0665137954056263,0.4827574580907822,0.9054893136024476,0.9997140884399414,0.0037343874922953547,0.005324268317781389,0.7379750847816468,0.19146746695041655,0.010181403299793602,0.0724887378513813,0.024559616483747958,0.754984450340271,0.3277969241142273,0.6149927616119385,0.039474517852067945,0.08354175686836243,0.5578735172748566,0.1761974036693573,0.3075962603092194,0.9203880548477172,-5.577533280693878,56.6154792647579,36.24127986371113,34.88078977342803,-13.37530189496933,2.64860269300079,3.4117569492080237,91.0584261384026,-4.722806322543349,4.733321669976439
0d29b23aa03fb48af9521ee18e2e5476,CC[C@@]1(O)C(=O)OCc2c1cc1-c3nc4ccccc4c(CC[Si](C)(C)C)c3Cn1c2=O,448.5950000000003,3.960300000000003,6.0,1.0,4.0,0.3775003334225666,1.0,81.41999999999999,0.5405552923679352,0.6301161885261536,0.7756860733032227,0.11114028245210647,0.2089604340493679,0.07660705149173737,0.28546508103609086,0.03987145647406578,0.018972042575478555,0.8328129887580872,0.3782316640019417,0.26941191256046293,0.34351797103881837,0.7365430951118469,0.9976467728614807,0.11762471720576287,0.02520965486764908,0.11237508505582809,0.7491919457912445,0.1336677812039852,0.08401183560490608,0.19589947462081908,0.9564961433410645,0.9697767734527588,0.5213391721248627,0.04578913673758507,0.3293489873409271,0.7827666163444519,0.48948960602283476,0.6028030335903167,0.7884641885757446,-4.727856256620337,41.5578953327945,49.851069324402395,63.95733323968742,-6.862073040143663,3.2745599764443254,3.096621221610723,86.99492591369724,-5.111642539819309,0.18467941656983325
f99a7c8c18aa25cb0231f90efb2e68bb,CC1(C)N(CCn2c(Nc3ccc(F)cc3)c(nc12)-c1ccc(F)cc1)C(=O)CN,411.4560000000002,3.6079000000000017,5.0,2.0,4.0,0.6877949897784188,0.0,76.18,0.33671916127204893,0.7218069314956665,0.8630588769912719,0.2128974452614784,0.6780451774597168,0.2429210901260376,0.6692054152488709,0.13854435980319976,0.3795747935771942,0.8868430376052856,0.828302013874054,0.3473173826932907,0.3204408198595047,0.6744846105575562,0.9985592603683472,0.014987441897392272,0.03194605503231287,0.6078838109970093,0.4437189817428589,0.037196428328752515,0.08471833616495132,0.024501733109354974,0.9190091371536255,0.7539917826652527,0.4363445043563843,0.05536894500255585,0.08816894590854644,0.21813153028488158,0.13104100227355958,0.14364257603883743,0.9179601669311523,-4.999491290739563,6.916768729623868,31.302964414492443,-10.848123458514479,-10.516215042070268,3.1269419219169157,2.3215535524274364,81.33794554650441,-3.9902091937338247,1.2654193290889582
8fba482aaad72c8b2158c06e67485c48,COc1cc(N)c(Cl)cc1C(=O)OCCCN1CCCCC1,326.8240000000002,2.9636000000000013,5.0,1.0,4.0,0.49440942175615477,0.0,64.78999999999999,0.42643332183361055,0.9881696224212646,0.8771681308746337,0.3091023534536362,0.2061617359519005,0.04343320336192846,0.026936464384198187,0.7185672163963318,0.9253452181816101,0.49576529264450075,0.13876234516501426,0.05944014713168144,0.6954675376415252,0.18913220018148422,0.9995477557182312,0.005342005100101232,0.01176272826269269,0.10147084686905146,0.0493970550596714,0.008621887303888798,0.04646599516272545,0.0010896394494920969,0.9368369936943054,0.18145708963274956,0.049162758886814116,0.0065360956359654665,0.005375506030395627,0.0035658900858834388,0.008267169655300676,0.6153810679912567,0.9373347997665405,-4.6745441669821295,80.76858093721393,18.570579154980024,-4.239570962045188,-9.690945836616814,2.787279406648326,1.916620760385602,67.66378892199398,-3.213802198286102,9.933600408097915
6626b1244643d699b156f7c56a2e7ac4,CC(C)[C@H](N)C(=O)OCCOCn1cnc2c1[nH]c(N)nc2=O,324.34100000000007,-0.7975999999999985,9.0,3.0,4.0,0.44214276395859164,1.0,151.14000000000001,0.6038874447345733,0.8858197212219239,0.7001643896102905,0.03584975642152131,0.04410685289185494,0.041130565525963905,0.0646159672178328,0.07500868253409862,0.03608321170322597,0.2905088305473328,0.04959365352988243,0.21529234424233437,0.4822970926761627,0.6593924522399902,0.995048463344574,0.020667251758277418,0.01449713446199894,0.14423689246177673,0.0798336923122406,0.03980733547359705,0.0602371983230114,0.00166128195123747,0.2969785511493683,0.02632297668606043,0.0716953694820404,0.045700562000274655,0.018487795442342757,0.0077261579222977165,0.06863079816102982,0.3954905569553375,0.5337838530540466,-6.036464319900153,81.49255923315609,15.295696756844432,-18.31833958436753,-15.60521459470139,2.2435680819297934,-0.7117220480088496,51.36460068296086,-2.081295142650942,2.328929206580045
924a75ccf90d91d92c5f620796a72316,Cn1cc(nc1C1CCN(CC1)c1ncnc2n[nH]cc12)-c1ccc(F)c(c1)C(F)(F)F,445.42400000000004,4.295300000000003,6.0,1.0,4.0,0.476298319847947,0.0,75.52000000000001,0.3390220582485199,0.9287096977233886,0.919681990146637,0.49678894877433777,0.5720782697200775,0.2156252942979336,0.47309501469135284,0.3553120195865631,0.17192438542842864,0.6634504199028015,0.7429729700088501,0.29162258803844454,0.7342868208885193,0.8134920477867127,0.9998774290084839,0.008502173121087253,0.027968183532357214,0.24645096510648729,0.3197028607130051,0.021095074154436587,0.11708512231707573,0.010479925200343132,0.9467223763465882,0.8808138847351075,0.5933402299880981,0.0741427905857563,0.01926989369094372,0.21303378641605378,0.06769591420888901,0.16747346818447112,0.9681473493576049,-5.19009100764809,7.984776830433356,30.210573199900626,-12.948247415146955,-8.712107329429246,3.5113103338218465,4.210856922186372,98.64675828102655,-4.5913697696572235,-4.482758879612056
8746793df622af52d0df5f78b43f25fe,Cc1cccc(C)c1NC(=O)CN1CCN(CCCC(c2ccc(F)cc2)c2ccc(F)cc2)CC1,491.6260000000002,5.750040000000006,3.0,1.0,3.0,0.41405591572280864,0.0,35.580000000000005,0.100985349714756,0.9024444699287415,0.6795050501823425,0.07702732235193252,0.5200954437255859,0.2964451670646667,0.3533773303031921,0.3936613857746124,0.930988609790802,0.80559241771698,0.7311120212078095,0.4222240149974823,0.46549507677555085,0.30981968343257904,0.9982019782066345,0.005371294170618057,0.005231827963143587,0.016358496621251106,0.05106148943305015,0.004910778882913291,0.01682558860629797,0.006449599645566195,0.8940765619277954,0.9522759437561035,0.34143674969673155,0.0006830036669271067,0.03033967688679695,0.2134001612663269,0.012666271813213826,0.5934585452079773,0.9943130731582641,-5.212740595556791,59.335394177044215,56.16271101397213,33.83911511595647,-6.967191251863801,3.313025223907739,3.9790082431757257,101.68473991750184,-3.9578613551910635,6.429617807283466
0d678fb5fd1a292552f79b9a3f1b5623,CO[C@@H]1[C@H](O)[C@@H](CO)O[C@H]1n1cnc2c(NC3CCCCC3)ncnc12,363.41800000000023,0.8364999999999991,9.0,3.0,4.0,0.7158079445861,4.0,114.55000000000001,0.7139345526695251,0.8351500868797302,0.8630800485610962,0.006315694737713784,0.03564984071999788,0.09851993657648564,0.0286028984002769,0.03723165467381477,0.008984071970917284,0.38281178176403047,0.03889612294733524,0.029840939212590456,0.36518812775611875,0.9074417591094971,0.9978389978408814,0.0037190818460658194,0.007302683731541038,0.2597940623760223,0.34501323103904724,0.015388717316091061,0.09439574778079987,0.01200366667471826,0.6524669408798218,0.0846665382385254,0.44260401129722593,0.06521173790097237,0.04133145846426487,0.07799780406057835,0.3439705610275269,0.29080801010131835,0.4722944855690002,-5.458336188098971,21.36798446233341,2.719782243907999,31.744983447577226,-15.034291384483577,2.727282001448743,1.417830834882726,66.20042126765682,-2.984036752081176,4.997056665840788
ba9d31aec6373d0d40d3c517ad87cc32,[H][C@]1(NC(=O)[C@]([H])([C@@H](C)CC)N(C)C(=O)CN(C)C(=O)[C@H](CC)NC(=O)[C@]([H])([C@H](O)[C@H](C)C\C=C\C)N(C)C(=O)[C@]([H])(C(C)C)N(C)C(=O)[C@H](CC(C)C)N(C)C(=O)[C@]([H])(CC(C)C)N(C)C(=O)[C@@H](C)NC(=O)[C@H](C)NC(=O)[C@H](CC(C)C)N(C)C1=O)C(C)C,1202.6349999999989,3.2690000000000063,12.0,5.0,2.0,0.14792471467331686,13.0,278.8,0.16402580142021178,0.04535476192831993,0.37990068197250365,0.00034886872172137375,0.012894183211028577,0.03332733698189259,0.004865200957283378,0.01493237684480846,0.0034931991714984177,0.8269254922866821,0.7867182850837707,0.09265074953436851,0.1350683391094208,0.7452965497970581,0.844783091545105,0.019804794015362857,0.10445002540946006,0.021696452144533397,0.08193200863897801,0.02519004591740668,0.04675450026988983,0.041650187224149704,0.6364549905061722,0.5304156541824341,0.4103288620710373,0.018951001623645426,0.0560172013938427,0.10943306833505631,0.08634414039552211,0.16286752820014955,0.2569404639303684,-5.344102566209363,62.67290467330194,131.0998959905575,36.53702569259514,-11.111454119929222,3.295560158870073,2.732959342262061,87.7133229094073,-5.589960120294552,-0.006544638078226583
f5b3b70ccf21890569a713cc2f7a7a66,COc1ccc(cc1)S(=O)(=O)N[C@@H](CNc1nc(C)nc(N2CCC(CC2)c2ccc3CCCNc3n2)c1C)C(O)=O,595.7260000000005,3.0827400000000003,10.0,4.0,3.0,0.27286795018036614,1.0,158.67,0.07448485270142555,0.5037066042423248,0.8372427582740783,0.08809705693274736,0.2705273061990738,0.2687868237495422,0.32005620300769805,0.22159308791160584,0.24908722676336764,0.7193650126457214,0.6585802555084228,0.13242727816104888,0.5079032063484192,0.9165169596672058,0.9754850387573242,0.012246649991720916,0.044887793995440003,0.1121447242796421,0.04151828847825527,0.027528776228427886,0.08495294451713561,0.04464272670447826,0.7450100541114807,0.2492212563753128,0.3989241808652878,0.01578884683549404,0.01564910411834717,0.06506034582853318,0.09203822761774064,0.08990330621600151,0.6543937683105469,-6.04693354968624,14.38071578629411,62.30178670760747,-8.487387074400797,-10.546065114575352,3.077367654739917,0.9489356679980652,86.75137459115582,-3.850108378246425,-0.6161542774173958
109278926da69776401a0fd5382287bd,Cc1cc(OCCCS(C)(=O)=O)cc(C)c1-c1cccc(COc2ccc3[C@H](CC(O)=O)COc3c2)c1,524.6350000000003,5.313640000000005,6.0,1.0,2.0,0.3393001368722835,1.0,99.13000000000001,0.17265722155570984,0.46593367755413057,0.8017634749412537,0.19907629489898682,0.49004098773002625,0.4628234028816223,0.44900694489479065,0.1963161498308182,0.12601735908538103,0.8273698925971985,0.7541932463645935,0.24803622364997863,0.16976648271083833,0.8034565091133118,0.9259559869766235,0.01025818674825132,0.034624341316521166,0.1059531681239605,0.13494001775979997,0.07739029750227928,0.12993667125701905,0.35444277822971343,0.3281470984220505,0.8188286542892456,0.5560486674308777,0.021608095662668348,0.12889884263277054,0.10181217640638351,0.07230669222772121,0.23478837609291076,0.7108328878879547,-5.489304451002772,27.0647094978736,11.242805995989986,13.167764176916737,-7.56817390745177,3.2910827767158266,1.9848934348005525,95.22330192921962,-3.9244552205367476,-2.1583781833085744
9ee7e504547275a439ad66310e41a3a3,O=c1cccc2[C@@H]3C[C@@H](CN(CCN4C[C@@H]5C[C@H](C4)c4cccc(=O)n4C5)C3)Cn12,406.5300000000002,1.5483999999999998,6.0,0.0,4.0,0.7762011040247796,4.0,50.480000000000004,0.06058436073362827,0.7616832494735718,0.5351961374282836,0.003306278106174432,0.01740458868443966,0.04634946472942829,0.02140811374410987,0.4413000464439392,0.2693407043814659,0.574622043967247,0.15880176424980164,0.017051308043301107,0.5718915104866028,0.08242852501571178,0.9128268957138062,0.011077389027923346,0.06171611957252025,0.007904073130339384,0.007422377495095134,0.011286477651447057,0.08419380709528923,0.00013469470432028174,0.7485931634902954,0.20089926123619078,0.06609530746936798,0.003345482749864459,0.005164437601342798,0.0025488283718004823,0.002411120443139225,0.4915695130825043,0.8500935554504394,-5.090245572589012,32.87601724378821,-1.9179328610428201,-7.868106512221483,-9.097585355842767,2.7483622047823006,0.5551328731022739,56.2858359250809,-2.4809186062079935,-6.555242631719179
3395c9e6848e91c8af8a75198a70e81a,CN(C)CCS,105.206,0.47779999999999995,2.0,1.0,4.0,0.4997970836043031,0.0,3.24,0.03787308391183615,0.9144301772117615,0.8266962885856628,0.000185148492710141,9.333260095445439e-05,0.08462630584836006,1.2967332588686986e-05,0.6612744748592376,9.661701117806843e-05,0.23928673937916756,2.713940030804607e-07,0.11786064878106117,0.020933415240142493,0.017440857971087097,0.3432095296680927,0.0004967374215084419,0.003727834741584957,6.339956071315101e-05,6.903381101892591e-05,0.00028609850269276647,0.05723179187625647,2.5663061754244155e-05,0.5057622484862805,0.0005936773668508977,0.06994642028585077,2.190135501223267e-05,0.00010868774629670951,5.365262193777198e-05,0.0002733290393734933,0.9815003395080566,0.4622491836547852,-4.486160393440956,1.6493834639528004,-44.61977830773155,-48.09977620091726,-4.875499768300877,2.794205684175873,-1.544207820562286,-28.91242015600111,-0.15797044061998208,-8.252259006287458
6631c76c0da6608101bd8ca02d046756,Cn1ncc(Cl)c1-c1cc(sc1Cl)C(=O)N[C@H](CN)Cc1cccc(F)c1,427.33200000000016,3.894300000000001,5.0,2.0,4.0,0.6270547192559122,1.0,72.94,0.6758680045604706,0.8793403387069703,0.9119353294372559,0.7831317067146302,0.8570645570755004,0.41047678589820863,0.6835980415344238,0.3207516551017761,0.5574667513370514,0.7942111849784851,0.9766409516334533,0.5092285871505737,0.6163010537624359,0.7602838277816772,0.9998138785362244,0.01677413247525692,0.013447554409503936,0.35046039819717406,0.4667335867881775,0.03528084866702556,0.08463992401957512,0.06042646020650864,0.9341723442077636,0.7525705575942994,0.403028267621994,0.07959798872470855,0.1196610152721405,0.5016292870044708,0.15474218875169754,0.43875120878219603,0.858541738986969,-5.175443915378025,48.00765539019983,33.05254932353172,37.739359394681316,-10.472927838712137,2.985760077630311,2.498180476666578,90.92946772905421,-4.274424422549517,-3.617460713029481
d4b84a4780d970d5c24048f5649157ba,NCCCCCCCCCCNS(=O)(=O)c1cccc2c(Cl)cccc12,396.9840000000001,4.851000000000004,3.0,2.0,4.0,0.5033918572274587,0.0,72.19,0.20561294108629227,0.8033092737197876,0.7239786267280579,0.8548354148864746,0.8562564611434936,0.35481075644493104,0.6167744159698486,0.25181283839046953,0.7560074329376221,0.7133325219154358,0.9376068472862243,0.6276976466178894,0.23634934276342393,0.6360572338104248,0.9998201251029968,0.0262641005218029,0.02202758248895407,0.14004063718020915,0.30080549120903016,0.0555233608931303,0.09377960711717606,0.14105341956019402,0.8498036742210389,0.7813667058944702,0.31328257620334626,0.009139130357652903,0.17079294174909593,0.5086956143379211,0.11905576139688492,0.5939397215843201,0.8965892195701599,-5.440896317912682,58.73109973934265,44.39199070000092,90.66265756608473,-6.246506480827295,2.9248696964625602,2.059149715905726,92.72036515018107,-4.099297327657908,23.673220144107397
63e70af871e5715c88ad0f3e16d726c6,Cc1cc(Nc2ccc(NC(=O)c3ccc(Nc4ccnc5ccccc45)cc3)cc2)nc(N)n1,461.52900000000017,5.654920000000004,7.0,4.0,3.0,0.25781713089994096,0.0,117.85,0.5672749757766724,0.40686518847942355,0.8714160799980164,0.06649712976068259,0.33714516162872316,0.3152113378047943,0.23894000947475433,0.1244021400809288,0.09775483459234238,0.7318343639373779,0.525709468126297,0.6132640957832336,0.5676031351089478,0.9744941234588623,0.9667499423027038,0.021457871329039334,0.03827544767409563,0.6474976897239685,0.27228459119796755,0.037894904427230355,0.15592675507068635,0.04502978175878525,0.6675071358680725,0.7282871603965759,0.6735838294029236,0.15908912271261216,0.05606526955962181,0.780369508266449,0.5114731669425965,0.19686546474695205,0.9344211339950561,-5.93299198856505,30.797896439963814,45.167080730549884,140.8796775568318,-12.38827029489947,2.960744861651689,2.7072760891919194,94.18705810346773,-4.975834861173676,8.500317957993948
b4ebb2544639fea386b2bf0794c6621e,CCCCCCCCCCCCCCCCO,242.44699999999992,5.460000000000006,1.0,1.0,3.0,0.4009684425805356,0.0,20.23,0.0016140013700351118,0.9681993365287781,0.5313983663916588,0.6992492794990539,0.1198677435517311,0.08139730626717209,0.03030925476923585,0.30679699443280695,0.03584524253383279,0.251652204990387,0.0028146308439318092,0.6380079209804534,0.00047192074271151796,0.15916798538528382,0.9999906539916992,0.00021530586627704906,0.029040150903165342,0.0019057214849453885,0.01084670852869749,0.0030934992479160427,0.0859671674668789,0.0016581385280005634,0.9292450547218323,0.741939228773117,0.0270108412951231,6.016621300659608e-05,0.020588412694633008,0.021071521379053593,0.0036214075051248075,0.8244582295417786,0.6668868482112884,-4.25109266227558,108.92807799839868,65.24127980486,149.30713107293636,-1.8133237303175143,1.172962560897777,3.7960738580601676,101.87960454063946,-5.521472681028302,59.53200142680638
3a9094626d12e8f1fa768bc97f700c00,Oc1cccc(c1)-c1c2ccc(n2)c(-c2cccc(O)c2)c2ccc([nH]2)c(-c2cccc(O)c2)c2ccc([nH]2)c(-c2cccc(O)c2)c2ccc1n2,678.748,10.14599999999999,6.0,6.0,1.0,0.10955403301153663,0.0,138.28000000000003,0.18707661032676698,0.04703103303909302,0.45270400047302245,0.7818658232688904,0.6813408255577087,0.2170838087797165,0.4622023433446884,0.12581384256482125,0.12006960362195969,0.5530155837535858,0.18362597450613977,0.1832529976963997,0.13800987228751183,0.9678485035896301,0.9917531609535217,0.02459301706403494,0.007898855116218328,0.754350996017456,0.2882023572921753,0.16030096560716628,0.24343046247959138,0.08776358887553215,0.5162824094295502,0.8672608733177185,0.6366508841514588,0.08700663596391678,0.5655760943889618,0.830648684501648,0.634448230266571,0.4221527338027954,0.9011780738830566,-5.999596317999741,-3.045791451205438,25.299904073193645,-34.843404264105246,-11.274272445237788,3.0132924561797108,4.00124633397004,94.43680131537702,-6.26296590888044,-4.11745462989743
e3c82e2948dc8a69b3f02810fd86b03d,Cc1cc(Nc2ccc(cc2)S(F)(F)(F)(F)F)n2nc(nc2n1)C(C)(F)F,415.3380000000001,5.945420000000001,5.0,1.0,3.0,0.5356576077396047,0.0,55.11,0.25743812397122384,0.9603579640388489,0.9221073985099792,0.7679287791252136,0.6199591875076294,0.22061511427164077,0.5360552906990051,0.2071067601442337,0.09612910933792591,0.7072968006134033,0.22289426773786544,0.6042964398860932,0.11353592276573181,0.9214464545249939,0.999638557434082,0.020915102772414686,0.04802294112741947,0.34825063943862916,0.22168921530246735,0.053579377196729186,0.22470565587282182,0.02868763729929924,0.9663896560668945,0.7057806968688964,0.48521878123283385,0.051956423185765745,0.11744557581841945,0.5133633106946945,0.18201062083244324,0.3465556502342224,0.7786664485931396,-4.9144920107641745,-10.335706411645058,4.6567337986610555,77.67473703741669,-4.887842214666907,3.0850577652470585,4.014326143943099,103.24790332991606,-6.232617005109863,3.1391352091917213
80ff68a63bc3425acbac7b8d62c7df46,CC(=O)NC[C@H]1CN(C(=O)O1)c1ccc(N2CCOCC2)c(F)c1,337.3510000000001,1.1235999999999993,5.0,1.0,4.0,0.8915973887511962,1.0,71.11,0.8632164478302002,0.8265491962432862,0.9540327310562133,0.013474725652486086,0.08351520597934722,0.0825233094394207,0.006363946478813887,0.03397167734801769,0.002187181427143514,0.31234253346920016,0.0939460787922144,0.23285950124263763,0.3835064023733139,0.7985355854034424,0.9936581611633301,0.04876785185188055,0.04676459953188896,0.015650478843599557,0.021128157153725624,0.01584291933104396,0.2250908836722374,0.012443330511450768,0.7890496492385864,0.011385893635451793,0.11925087124109268,0.04452500008046627,0.006058111810125411,0.007100202748551965,0.13603978380560874,0.47796152234077455,0.17226087749004365,-4.405926917353559,32.70965356656414,-10.43116517300568,-13.612609415809427,-12.501660252506,2.597990213152181,0.9362277634207448,38.69860859949564,-2.055957857856184,3.321145477666407
a261c9695fbb799495e8e926e21f9b04,Clc1c2C(=O)CC(=O)c2c(Cl)c(Cl)c1Cl,283.92499999999995,4.0693,2.0,0.0,4.0,0.40857347411974737,0.0,34.14,0.0741539154201746,0.8721659421920777,0.8337898492813111,0.9855188012123108,0.2572207868099213,0.2216312825679779,0.6352495551109314,0.16918440610170365,0.031131955236196517,0.6480508148670197,0.09095166549086571,0.12137582153081894,0.012881219736300409,0.9675036907196045,0.9999641418457031,0.0886608436703682,0.05520168617367745,0.7472630977630615,0.0413512191735208,0.015323779359459878,0.03211270645260811,0.054371729772537944,0.9325506329536438,0.34373639822006224,0.7611871361732483,0.14562705606222154,0.19842628985643387,0.6369254350662231,0.5182222425937653,0.8901203393936157,0.20995788872241974,-3.4542426119316714,58.53806002624894,56.45353600069992,115.03440638359022,-7.058050284930485,2.5638224165777403,2.283521400365808,81.88573966106594,-5.466384991092331,4.827236766845653
4efc468ed26e64f6bbb3ee38da9783e1,O=c1ccc2ccccc2o1,146.14499999999998,1.793,2.0,0.0,4.0,0.5302216682110639,0.0,30.21,0.03471484277397394,0.953774917125702,0.8300860166549683,0.78784339427948,0.2779968112707138,0.4618671596050262,0.06003271378576756,0.2037176877260208,0.027305810898542403,0.348022797703743,0.0072233934421092275,0.061151853576302526,0.031025115773081778,0.880126166343689,0.9999383807182312,0.011625162977725267,0.08948170989751816,0.10592205375432968,0.008964227791875602,0.015795538760721685,0.1692154124379158,0.015638188645243644,0.9495875120162964,0.0406655065715313,0.04347570315003395,0.027497255057096482,0.01592874126508832,0.021887801960110663,0.006616721069440246,0.3864078760147095,0.05158680900931358,-4.0143570225777365,70.99526711892732,65.92513562849153,6.175359385195576,-6.704358920430418,2.062831928055928,2.1368247723812788,79.36799277666151,-1.8780782268752354,2.7176480486065957
2165c4cd104fbf458cae79f49999baf5,Cc1ccccc1N1CCN(CCc2nnc3CCCCn23)CC1,325.4600000000001,2.2875200000000007,5.0,0.0,4.0,0.8642279309285194,0.0,37.190000000000005,0.4118517875671387,0.9895463466644288,0.8230391025543213,0.006980039272457361,0.05081147570163012,0.2657305896282196,0.006430170848034322,0.562940514087677,0.09166154861450196,0.8428854823112488,0.03278113696724176,0.05411434564739466,0.3399601399898529,0.2919675797224045,0.9970966577529907,0.0018027473706752062,0.019204961694777013,0.016361875273287297,0.006784594873897732,0.010894206073135137,0.08102676495909691,0.0011189820128493012,0.923864769935608,0.29063239842653277,0.06081723645329475,0.0008428152243141085,0.00482682790607214,0.0012601423630258068,0.003883902286179364,0.6142996072769165,0.7391839504241944,-4.854735850467888,67.77015379908322,39.71686167898558,-2.8490588167182787,-8.684814751530764,2.9919406711591803,2.100602388691312,65.255286111215,-1.9917995172937182,1.30983069706019
8275da6b5e02561661bf8ca2b93a9b8d,Oc1ccc(NC(=O)CN2C(=O)c3ccccc3S2(=O)=O)cc1,332.33700000000005,1.1754,5.0,2.0,4.0,0.8214039786877105,0.0,103.78,0.08589231073856354,0.42792474031448363,0.734909999370575,0.08334426954388618,0.22158016860485077,0.6821240901947021,0.33313870429992676,0.08080737199634314,0.0479074127972126,0.538484251499176,0.05195882525295019,0.23428233861923217,0.035848970105871555,0.927063524723053,0.9920670390129089,0.012944051437079907,0.056503696367144585,0.04192093089222908,0.008652024529874324,0.013715191278606653,0.22734163999557494,0.00372696426929906,0.48511785864830015,0.0456636443734169,0.09415232390165329,0.005379239190369844,0.015267127007246018,0.22644943594932557,0.022367275319993496,0.43753671646118164,0.17357655018568038,-5.045647471062218,61.866667155435515,15.12819962320496,-19.314782045690045,-12.122936853195114,2.3573503371317432,0.9988125301179025,93.9546810285141,-4.106201668603368,-4.3182311517093455
32766e2fb337a087c1e24913cdaf0f1f,FC(F)(F)c1ccc2c(Nc3ccccc3C(=O)OCCN3CCCC3)ccnc2c1,429.44200000000035,5.249800000000004,5.0,1.0,3.0,0.5426896766084327,0.0,54.46,0.3673010155558586,0.978502345085144,0.8312217354774475,0.8227975845336915,0.5246323764324188,0.14200158789753914,0.1891720861196518,0.4892172157764435,0.8370398163795472,0.5567955374717712,0.8055299401283265,0.3383313030004501,0.8601240277290344,0.6375116348266602,0.9992943644523621,0.052530129253864286,0.03563611842691898,0.32344062626361847,0.21765941381454468,0.02005196027457714,0.054180414974689485,0.015747861936688423,0.9424851536750793,0.892300260066986,0.3117533981800079,0.028323348518460988,0.056887065432965754,0.3225134491920471,0.16068798303604126,0.2779578000307083,0.9829764485359191,-4.925248630865984,75.7518350807161,61.78747072353995,42.995458745735974,-8.552264968360461,3.406710732334272,3.527262941740401,99.79112030461856,-5.597960854649782,5.218929465303625
547e233a1a445e4b4b80d86cc6f98f88,ONC(=O)c1ccc(O)c(O)c1,169.136,0.21679999999999977,4.0,4.0,4.0,0.27474117367723044,0.0,89.79,0.9468116879463195,0.34728333055973054,0.7486409187316895,0.261498236656189,0.02030677367001772,0.09228378385305405,0.05286881513893604,0.032698624208569525,0.02146087624132633,0.39255102872848513,0.1679871991276741,0.20260475873947142,0.04954932127147913,0.6225260615348815,0.9987855911254883,0.012190432869829237,0.01987106828019023,0.5427067518234253,0.01190078929066658,0.10859415680170059,0.13826103508472443,0.004127526446245611,0.315563303232193,0.012954911263659597,0.5680700242519379,0.039339851960539816,0.05927457734942436,0.287948003411293,0.10476649403572083,0.929695725440979,0.08504304215312004,-5.655835353385288,37.54400388417621,-19.345898973830863,-4.107185866652182,-14.135176967522412,1.9081096803955333,0.6875835773958799,69.70845506731438,-0.976055219122566,2.181506820979436
2b045791d82e6e8ee966df3270eab8b0,Cc1c(CCO)sc[n+]1Cc1cnc(C)nc1N,265.362,0.6077400000000001,5.0,2.0,4.0,0.79412732636072,0.0,75.91,0.27635254338383675,0.760930347442627,0.8327128767967225,0.0004911582543172699,0.003662579384399578,0.0955153301358223,0.00024280222662582674,0.034838422760367395,0.007614771369844675,0.14601740539073943,0.0016364946903195232,0.20023337975144387,0.01734613033477217,0.21919806450605392,0.9436896562576294,0.010626771440729498,0.028788738138973712,0.019221365405246615,0.003073743387358263,0.001742067898157984,0.0612990528345108,2.7862940032719053e-05,0.16704782843589783,0.0033138939994387328,0.035111906193196776,0.00021960757876513526,0.0007825784683518578,0.0011463297050795518,0.0010817219328600914,0.5191775619983673,0.036336780339479444,-5.39692952370689,17.424390121222686,-13.603426209737075,1.0530794351783688,-15.054162631703258,2.0215410512362935,0.2169970537061709,31.71988944182477,-1.3430559869336909,9.693371704340356
ffc7858b4e0d5f1dc5454d08b2e292e4,O=[As]O[As]=O,197.84099999999998,-1.0676,3.0,0.0,4.0,0.5302844530466695,0.0,43.370000000000005,0.9493669033050537,0.98382089138031,0.8195605516433716,0.07369171921163797,0.049509096756810325,0.07937278598546982,0.013284824485890568,0.04139976898441091,0.008002231816442417,0.2677444890141487,0.0009433351924144518,0.7457622408866882,0.018886832566931844,0.9685417294502259,0.9910963296890258,0.008692769963454338,0.001179984831105685,0.0038508965662913397,0.0031613756120350443,0.008322930370923132,0.030346683063544332,0.014830529014579952,0.5760978706181049,0.053955434868112204,0.45336530208587644,0.005320205501629971,0.05854205060750246,0.030143266182858498,0.2403162330389023,0.9509832262992859,0.010151285512256436,-4.1206434883294,-4.205485932731416,8.0719901517164,7.548625377999622,-3.3806763630057306,2.240094520881187,1.0512404395792068,81.69428552238638,-3.616468163094359,0.6376969783390349
3e4ee4c7ccac92893bdba4636cfd5895,C[C@@H](CN1CCN(CC1)S(=O)(=O)c1ccc(Cl)c(Cl)c1)Nc1ncnc2c(C)csc12,500.47700000000015,4.113420000000003,7.0,1.0,3.0,0.5490376251142438,1.0,78.43,0.1897680088877678,0.8761686086654663,0.7091992378234864,0.5380397140979767,0.9037986040115357,0.4379270613193512,0.7036157071590423,0.38602220714092256,0.8909398436546325,0.8332605838775635,0.9905600190162659,0.43126381635665895,0.7639737129211426,0.9072623610496521,0.9996142506599426,0.011185841914266349,0.02131706280633807,0.20623471736907958,0.32368539869785307,0.04274468850344419,0.07049552872776985,0.024334709253162147,0.9699656367301941,0.7206990599632264,0.6709853053092957,0.009230897016823291,0.03270313311368227,0.4177338182926178,0.11610678061842919,0.3219340145587921,0.9643200993537903,-5.167203256340112,86.87856724065992,90.09895950121697,-6.179636227543977,-8.669023748618974,3.154725125093175,4.031609073163133,105.85618509092288,-5.15583549315873,-1.0157115175611793
19c680e2a1cb733421bdfec555712c21,FC(F)(F)c1nc(Nc2ccc(Cl)cc2Cl)ncc1C(=O)NCC1CCOCC1,449.26000000000033,4.702200000000002,5.0,2.0,4.0,0.6923406863851137,0.0,76.14,0.3539880126714706,0.9331415891647339,0.9017769813537597,0.7597941040992737,0.8022480726242065,0.2348166897892952,0.788978111743927,0.14116279780864716,0.15840749219059944,0.6750188946723938,0.6319672286510467,0.35712543725967405,0.3592990398406982,0.9343723297119141,0.9998590350151062,0.01444181352853775,0.020117018558084964,0.3803312242031097,0.49450749158859253,0.034285839088261126,0.10280801802873611,0.11139679104089736,0.9525434374809265,0.6032320082187652,0.7186860322952271,0.10566243156790733,0.17285255938768387,0.8178142189979554,0.45464743971824645,0.36551913619041443,0.7524425148963928,-4.885176962515545,51.419732171891006,46.762262634087065,38.61837260927404,-8.536214280700573,3.076704991012588,3.5630210892246637,96.70308215547792,-6.011259491050462,6.562424476009893
491f481f7d4e7d2b53df81d05a99a408,Oc1ccc(cc1)-c1nc(c([nH]1)-c1ccc(F)cc1)-c1ccncc1,331.35,4.650400000000003,3.0,2.0,4.0,0.5742392441280129,0.0,61.800000000000004,0.7816835045814514,0.18493445813655854,0.7355410933494568,0.9648285865783691,0.9287342667579651,0.2504055440425873,0.8504042029380798,0.2980834871530533,0.8104182362556458,0.5451336771249771,0.9487034559249878,0.14358803257346153,0.08028326258063316,0.8984784960746766,0.9999065399169922,0.014959418540820479,0.022341343760490417,0.9131730198860168,0.6535638213157654,0.4780582129955292,0.634813392162323,0.12059457749128341,0.7730614066123962,0.4220625817775726,0.8769382238388062,0.5154770672321319,0.49550806283950805,0.9485057830810547,0.6707983613014221,0.5268467962741852,0.8816820502281189,-5.095786729291677,47.75656652048671,19.000584796041437,-79.67350945411552,-11.783297166492142,2.348507099360571,3.3792935595809355,95.79500393549267,-4.557822981738542,-6.626612537171367
a9b39cd7e9f548f952e26f1ce4eb79d2,OC[C@H]1O[C@](O)(CO)[C@@H](O)[C@@H]1O[C@@H]1O[C@H](CO)[C@H](O)[C@H](O)[C@H]1O,342.297,-5.395599999999993,11.0,8.0,2.0,0.2378914345193498,9.0,189.52999999999997,0.04746987260878086,0.3642935395240784,0.2533427029848099,0.00016905056027098907,0.013356777839362621,0.013366833186591976,0.001637646375456825,0.011905243601358962,0.0010881722013436957,0.1799034851253964,2.451947768093987e-05,0.0017661604782915675,0.018689396465197204,0.07189963012933731,0.016761701728682965,0.046272851340472695,0.05910672899335623,0.0005884017762582516,0.0023381386243272574,0.08331993483006954,0.23288313597440718,7.660174163675038e-05,0.08008641907945276,0.0010974789503961802,0.03231838927604258,0.001135981771585648,0.00013576374822150684,0.0009749812641530297,0.02568300738930702,0.26457357555627825,0.10453579118475317,-6.305831152677572,57.283941889735594,10.825476245967417,10.688811271858413,-23.05316854834666,0.8373766392544049,-1.5916891105413715,14.720855926551735,0.6375092536506156,-9.403962781555522
6ffe9766b493d9ea95b2dcbb6c970850,COC(=O)NC(=S)Nc1ccccc1NC(=S)NC(=O)OC,342.4020000000001,1.7921999999999998,6.0,4.0,4.0,0.6037316575875215,0.0,100.72000000000001,0.4163297414779663,0.9133598685264588,0.8598144173622131,0.5347978949546814,0.5035707473754882,0.437088805437088,0.5759347140789032,0.11649290360510349,0.010550508135929703,0.24029200673103332,0.06307154521346092,0.2772292360663414,0.21887004375457764,0.9557522058486938,0.9908620238304138,0.021111512975767254,0.030508777871727944,0.32767924666404724,0.009374679601751267,0.011076228227466345,0.11301862299442292,0.036995707731693986,0.7255090236663818,0.07814088314771653,0.31029833257198336,0.10458355993032456,0.18061191439628602,0.19779752790927888,0.20621666610240935,0.745430874824524,0.4047425135970116,-5.185340962438126,40.51391170082312,28.032618854943543,8.246001052017922,-12.138463653485955,2.033344325231897,1.4225005297394353,65.29165853072932,-3.8465874050475044,-1.8199968885618794
2fb940796f3628d918052ee7bb3510c2,COc1cc(ccc1Nc1ncc(Cl)c(Nc2ccccc2P(C)(C)=O)n1)N1CCC(CC1)N1CCN(C)CC1,584.105,5.090000000000005,9.0,2.0,2.0,0.35219218777282013,0.0,85.85999999999999,0.10304422155022622,0.7782099127769471,0.7762289404869079,0.15457597449421884,0.29666551649570466,0.16383172646164895,0.06494160071015358,0.44059066474437714,0.5162756949663162,0.8216497302055359,0.5363321840763092,0.2716963142156601,0.6668496251106262,0.8581655025482178,0.9926103949546814,0.0053628620225936174,0.008298805868253111,0.36264543533325194,0.18261550813913346,0.02298473003320396,0.029011496156454087,0.010125232394784689,0.9303226113319397,0.8880091428756713,0.6078417181968689,0.016137010976672174,0.1012002781033516,0.36893895268440247,0.19571011364459992,0.2552104577422142,0.950749933719635,-5.351428009028682,0.15859645720388613,41.52651047179677,37.69144577344965,-9.277753083148422,2.758875639787194,3.115923822871811,97.20842047639613,-4.0014806840601835,13.922974735308816
288cb48fbdc6d91bce208a267bcfe806,COc1cc(OC)nc(O[C@H](C(O)=O)C(OC)(c2ccccc2)c2ccccc2)n1,410.42600000000004,2.9160000000000013,7.0,1.0,4.0,0.5747972752011099,1.0,100.0,0.017885893303900956,0.6264661014080047,0.9475160598754883,0.012217698013409972,0.17167885340750216,0.39906270503997804,0.31915409713983534,0.01351421233266592,0.0068896685261279345,0.4325226843357086,0.11003293618559837,0.1372857630252838,0.05639721415936947,0.9551129698753357,0.9800787925720215,0.0017568986280821265,0.010830517951399088,0.09302634075284004,0.04321887418627739,0.007838042639195918,0.028631514683365823,0.05178364589810371,0.6159482002258301,0.09160519065335393,0.11665323749184608,0.003268272057175636,0.003978127846494317,0.010807288344949484,0.006786312302574515,0.07174892872571945,0.08607296347618103,-5.1418123240764935,28.330819344910765,22.911644148880043,-41.196621032169745,-8.522362926697058,2.4275713829709877,-0.2850080372289051,95.2766191573453,-3.704355565825901,5.30746816675599
634455ac4613cd9614e4da1ec9687ab4,NCCc1ccc(O)c(O)c1,153.18099999999998,0.5989999999999998,3.0,3.0,4.0,0.544872838506118,0.0,66.48,0.6129627048969268,0.3038531690835953,0.46893889307975767,0.14504304006695748,0.030826385878026486,0.0983548641204834,0.030024033039808273,0.33656673431396483,0.058287658542394635,0.2662877142429352,0.06407151948660612,0.36052868962287904,0.019055220950394868,0.033080870658159255,0.9960123062133789,0.012165276799350977,0.03594385199248791,0.2666229158639908,0.021043781749904157,0.09964363761246205,0.07356332018971443,0.004908895096741616,0.19400022625923158,0.012486501829698682,0.17925762385129929,0.013189929723739623,0.04714065939188004,0.05795015133917332,0.03771292008459568,0.8762934923171997,0.1391698107123375,-5.455770929818844,57.468628199482495,-35.06241298983953,-0.19399005637527084,-10.232105496458592,2.1641263970588587,-0.501896158755341,17.514773037200346,-0.05695102421909999,-1.9445256205479367
c4c44569dc13e69e22e3d02ff1d9aced,CC(C)[C@@H]1NC(=O)[C@H](C)NC(=O)[C@H](Cc2cnc[nH]2)NC(=O)[C@H](CSSC[C@H](NC1=O)C(N)=O)NC(C)=O,570.6980000000001,-2.0476999999999927,9.0,7.0,2.0,0.19359025089648874,5.0,217.26999999999998,0.28643002808094026,0.10430615842342376,0.39304777383804324,0.0016182532792299753,0.02647534105926752,0.057099909707903865,0.026264218613505363,0.040993197821080685,0.017176943784579634,0.6194037079811097,0.2852754294872284,0.040069767832756044,0.23945802748203276,0.5188344776630401,0.36298618391156195,0.029123370163142683,0.025905484706163405,0.00696383360773325,0.04361654743552208,0.22120428495109082,0.1320403039455414,0.03239598600193858,0.14469231069087982,0.09789921268820763,0.26615235209465027,0.046514392364770174,0.07452114894986153,0.008800230280030519,0.19130166247487068,0.3383726730942726,0.19116885736584663,-6.824392162197421,20.167425937086687,52.434199328936884,-13.69300555148082,-16.318079575131755,2.6110873095144016,0.1585490868817172,53.47640842275704,-2.4741872551711532,1.8696518887273386
b5b8f4d0be77356836b4bd09e57f6128,Nc1nc(Cl)nc2n(cnc12)[C@@H]1O[C@H](CO)[C@@H](O)[C@H]1O,301.69,-1.3266000000000007,9.0,4.0,4.0,0.5004163603589038,4.0,139.54000000000002,0.7413088142871856,0.768251359462738,0.7905038356781006,0.016821322427131236,0.009018875448964537,0.038491555582731964,0.008657960197888314,0.012184640578925609,0.0034655642622965386,0.14392773658037186,0.002095463538717013,0.06467314413748682,0.3747176855802536,0.9800096988677979,0.9885928869247437,0.021525282226502896,0.009835008811205626,0.22716405168175696,0.3799540504813194,0.03601667545735836,0.10527867153286934,0.014861050667241216,0.236531101167202,0.008453188743442298,0.5594371408224106,0.056853742152452466,0.01402409845031798,0.02438947157934308,0.6631179571151733,0.5116349279880523,0.18283548355102539,-5.907121400963712,28.76071177879902,-6.88417755616693,11.118287658583162,-20.161782419240588,2.1281229958158434,-0.2339313162783295,41.25838879390805,-1.8074316767066327,4.49054623616033
5a6d4aab036220847fcf0dc211eb33c2,COc1cc(cc(OC)c1O)C(=O)OCCCCNC(N)=N,311.3379999999999,0.8294699999999999,6.0,4.0,4.0,0.24222434084132816,0.0,126.88999999999999,0.13995131254196166,0.3387158393859863,0.4723862767219543,0.39998785555362704,0.0972589910030365,0.03261190168559551,0.026633163541555406,0.4524618864059448,0.4712518334388733,0.29122005999088285,0.07143729701638221,0.036235406645573676,0.035814240016043185,0.08091756738722325,0.9539705872535705,0.011126782465726136,0.022762876097112895,0.07635266352444887,0.0036484540440142156,0.12388186156749725,0.07360708490014076,0.0023765471123624593,0.34155669808387756,0.02673363536596298,0.020677368342876434,0.013964515062980354,0.011132878065109254,0.00672868792898953,0.031128166988492013,0.4418648362159729,0.2586302548646927,-6.232332449673927,106.94228487536311,14.020950918562786,-9.649363186098892,-12.707486337794514,1.7618437204219728,-0.33530750841874857,36.090290392231836,-1.5112192359939898,3.546434627479607
75129df63ab13d444c16207b4b39cefd,CCCCCNCC(N)=O,144.218,0.2515,2.0,2.0,4.0,0.5249914441049913,0.0,55.12,0.09696068651974202,0.9606498122215271,0.8283557057380676,0.025967828929424286,0.020069421268999577,0.04485375210642815,0.0019274399033747613,0.38574004769325254,0.011981785274110734,0.1910425305366516,0.0005048368533607572,0.4937970876693726,0.019128723442554472,0.02282775565981865,0.9965941309928894,0.004079454205930233,0.014054372627288102,0.0030899744597263634,0.0003500444305245765,0.002603164920583367,0.060243818908929825,0.0007427706164889969,0.5868701815605164,0.0031704624416306615,0.012754430808126927,0.00040646100242156533,0.008651292347349227,0.0005344200937543065,0.00119646659004502,0.829062533378601,0.07837379034608602,-4.759592790538036,49.59288460249733,-13.573929311791783,2.912591121957818,-9.937082446930342,2.0974912289582743,-0.0919549111347369,13.676280502547527,-0.4766014654236277,9.856931730479673
67a8594e7dac6ba8cdf0846e22dae4c7,Cc1[nH]c(=O)c(cc1-c1ccncc1)C#N,211.22400000000002,1.6169999999999998,3.0,1.0,4.0,0.7786697771862998,0.0,69.53999999999999,0.2663425266742706,0.5614735066890717,0.9640225529670715,0.8704193592071533,0.21749459952116013,0.25137945264577866,0.27574682533740996,0.1939210459589958,0.02970615141093731,0.35358652770519255,0.5501866430044174,0.0604798587039113,0.09375518709421157,0.879302155971527,0.9999845266342163,0.012759226467460394,0.02060935292392969,0.277141860127449,0.13212472200393677,0.02821476086974144,0.03063319195061922,0.004782517533749342,0.9053134202957154,0.011317326547577977,0.02018390465527773,0.04915137924253941,0.024111946299672126,0.04012733548879623,0.0492189159616828,0.5152379155158997,0.170529867708683,-4.48622126756913,35.038267158482356,-2.916994948238263,-1.9227341400338243,-14.214967365235012,2.408449998608537,0.6012402624350998,71.36650528092817,-2.675051529589882,0.9582915693524114
030acb51f8e980bd3c60b488e9dc87c8,C#CCN[C@@H]1CCc2ccccc12,171.243,1.8967,1.0,1.0,4.0,0.6700261204475028,1.0,12.03,0.7861568093299866,0.9752081751823425,0.9363821387290955,0.7410512208938599,0.062307209521532056,0.29962730407714844,0.003793104726355523,0.5774165511131286,0.365590026974678,0.3220503181219101,0.17875847704708575,0.21699985563755037,0.03547679055482149,0.09333394542336464,0.9999731779098511,0.003395138122141361,0.013430308923125267,0.09898088723421097,0.0036968485335819425,0.013748048106208444,0.07682633027434349,0.0003791929964791052,0.8822282791137696,0.009880286385305226,0.015569469891488552,0.0015657106647267937,0.004568083735648543,0.006734595983289182,0.004281000641640276,0.7909377098083497,0.12017724923789501,-4.367842367901295,58.53994328973819,9.946061707187184,-0.6200066586950435,-4.960673393007079,2.485676594905153,2.1749066385036615,69.87858811931861,-2.074123872807466,2.9728843892451975
dd79d8e80f933128f81963e81293f55d,CN([NH2+][O-])C(=O)N[C@H]1[C@@H](O)O[C@H](CO)[C@@H](O)[C@@H]1O,267.238,-4.5960999999999945,7.0,6.0,3.0,0.17012712974168115,5.0,162.16,0.18040394634008408,0.2878283753991127,0.35852967500686644,9.723539496917511e-05,0.0019938986049965026,0.03888798542320728,0.00015686451306464732,0.018671596562489866,0.0003492153424303979,0.071282723499462,8.83379757823377e-06,0.02241796487942338,0.002518822634010576,0.0889473270624876,0.025150260981172325,0.005443564942106604,0.02784141954034567,0.00033050930142053403,0.0002643176863784902,0.006364321755245328,0.10534780472517014,3.2352786246292456e-05,0.03246792680001818,0.0002771161016426049,0.011616279155714438,0.0001621574119781144,7.064027579417598e-05,0.00019134263870910218,0.004666500125313178,0.32350614070892336,0.03416002939920872,-6.205514435700727,16.861414225056627,-20.402900905781145,-4.082260416715648,-23.65928685460336,2.0476619331483343,-2.9308158884951423,4.09663763717833,1.1132486944167543,-3.4616226339035707
e03679ebc2b06acfde0fc6389ad0a505,C[C@H]1COc2c(N3CCN(C)CC3)c(F)cc3c2n1cc(C(O)=O)c3=O,361.37300000000005,1.544,6.0,1.0,4.0,0.8747398264671755,1.0,75.01,0.6964797854423523,0.3915079891681671,0.914890706539154,0.004884171509183943,0.01428613499738276,0.12704746201634406,0.02374548460356891,0.026924729254096745,0.023659560643136502,0.09688265733420849,0.007654939265921712,0.2843283236026764,0.5632150053977967,0.9418805480003357,0.8762091040611267,0.048191598430275914,0.10623100996017457,0.014530709106475114,0.012660031858831643,0.019738602824509142,0.09342679306864739,0.006366663798689842,0.2346896782517433,0.017874478455632926,0.07348235920071602,0.011491858586668968,0.0020841803634539247,0.005379459820687771,0.02647553812712431,0.23082352578639984,0.08635875955224037,-4.487432860191942,4.167870772471101,-11.456115698596665,6.379408543124868,-11.370553817444632,2.124649885625755,-0.5870771262687302,48.75589410324277,-2.57581128301676,6.9170826937008325
556c93231036d5fc1e332500446a8897,CC(=O)c1c(O)cc(C)oc1=O,168.14799999999997,0.85642,4.0,1.0,4.0,0.6311473877613404,0.0,67.50999999999999,0.04772839397192001,0.7119503617286682,0.9363678097724915,0.4636550843715668,0.08683526068925858,0.43311492800712587,0.10313625335693359,0.18711402118206025,0.04465048797428608,0.28477917015552523,0.00640723779797554,0.10498873367905617,0.021945496927946805,0.8495616436004638,0.999884033203125,0.005687868129462004,0.030866014957427978,0.057538730651140214,0.0021411182126030324,0.004296166135463864,0.032140566036105156,0.004666828853078187,0.8364853262901306,0.06004991978406906,0.027258194610476495,0.004506872524507344,0.014141741953790189,0.02068643383681774,0.0065035858191549775,0.3178824782371521,0.005616157222539187,-4.223621452755344,29.51940936748536,18.41177945966225,-22.4010462776327,-9.938591582891675,2.467144939760259,-0.29903838244041425,84.32459119808388,-1.2676354233349916,8.883986139160637
ba1742a4f8960f843542382079a34901,CCOC(=O)[C@H](CCc1ccccc1)N[C@@H](C)C(=O)N1CCC[C@H]1C(O)=O,376.45300000000026,1.6046,5.0,2.0,4.0,0.6358354158694681,3.0,95.94,0.0573638416826725,0.4393879771232605,0.8709695696830749,0.008905409090220927,0.15381317362189292,0.13119057342410087,0.05381104499101639,0.037899696826934816,0.04724582601338625,0.5050842940807343,0.12064912468194962,0.06097896993160248,0.15203118026256562,0.4201293349266052,0.9642256379127503,0.005704018892720342,0.0321004830300808,0.02274606693536043,0.0059271050617098805,0.006425088737159967,0.06134630963206291,0.021675364952534436,0.6451795756816864,0.029978604428470133,0.04915181770920753,0.0020533743663690984,0.0075703817419707775,0.00040006249328143894,0.0042035085381940005,0.2530057579278946,0.03903551697731018,-5.624478849245406,45.763378693195996,24.31852927810977,-12.797346149878544,-11.696315651204573,2.2461777739118967,-0.9546360060051416,70.88438632384818,-1.4525156338127434,3.211994420031752
e1317748793bcb55262db1ae15f452e2,[O-][N+](=O)c1cnc(Sc2n[nH]c(=O)n2-c2ccc3OCCOc3c2)s1,379.3790000000002,1.8476999999999997,10.0,1.0,4.0,0.5376383447807966,0.0,125.17000000000002,0.6483466684818268,0.8468977093696595,0.9086058259010314,0.41771463453769686,0.7002953886985779,0.37377281188964845,0.5758276641368866,0.14346649274230003,0.09189319759607315,0.3737516850233078,0.47320910096168517,0.2298616498708725,0.28366750478744507,0.9858647584915161,0.9983362555503845,0.007447710761334747,0.015828975895419716,0.29957857429981233,0.03535435106605291,0.05258739246055484,0.22634626626968385,0.032790288887918,0.7180387735366821,0.31932377219200136,0.43466259241104127,0.11918772757053375,0.0652578555047512,0.3151330709457397,0.2089093178510666,0.5461254000663758,0.214354944229126,-4.922071551323748,43.59092004446143,14.62641699927197,-26.819532255227802,-11.571553385769013,2.2648191157311026,1.642509661417521,103.10841011243622,-4.20998822252295,-10.040773152453179
573d3cfc85a5286823647b69e712b8c0,CC(C)CCNc1ncccc1C(=O)N1CCN(Cc2ccccc2)CC1,366.5090000000001,3.497600000000002,4.0,1.0,4.0,0.8147724902715634,0.0,48.470000000000006,0.16298095136880875,0.970005989074707,0.7488750457763672,0.15607566833496095,0.6912544012069702,0.5594219028949737,0.6459954857826233,0.5656569600105286,0.6995200514793396,0.7142838120460511,0.6621895015239716,0.23137010782957076,0.7492498517036438,0.3780101418495178,0.9997965335845947,0.004118331940844655,0.009691508021205664,0.09850832894444465,0.049529800191521645,0.007272265525534749,0.05094873458147049,0.0035049754893407225,0.9784775495529174,0.7608097314834594,0.31855506300926206,0.003836716269142926,0.02968693021684885,0.12507547438144684,0.009397061169147491,0.5015213668346405,0.9785632610321044,-4.91840153800584,80.02930216311356,73.29337575207309,2.7201881010092834,-9.300618273426236,2.9389122442679367,2.9035894241917237,89.14943643050484,-3.5375484851244474,8.39232412801316
6a623af9ca56881eeb45b2f54c1d3972,Oc1ccc(cc1)-c1cc(=O)c2c(O)cc(O)cc2o1,270.24,2.5768000000000004,5.0,3.0,4.0,0.6318329361180623,0.0,90.9,0.4459497034549713,0.10178155452013016,0.38357027173042296,0.9588026285171509,0.4897211164236069,0.09850077033042907,0.3887850880622864,0.11049704477190972,0.3752839922904968,0.5001022040843963,0.7140630722045899,0.028172118216753007,0.023944395873695613,0.8479491949081421,0.9991367220878601,0.04967352095991373,0.103395976126194,0.8978644847869873,0.3363577961921692,0.73174889087677,0.8017627954483032,0.06436164025217295,0.7428240895271301,0.34269299507141116,0.802900767326355,0.37691802680492403,0.17410917729139327,0.9064629077911377,0.22521875500679017,0.8178889989852905,0.4601865470409393,-4.969598321721622,92.70168038902406,7.993633872701151,1.6859350303199754,-12.313759998487901,2.2644013253094006,2.6710090477930235,91.44424585630752,-3.573594770731318,-3.0592993075253574
2bc7b7bd8fa4fc46001f393a8b40d6a6,COc1cc(ccc1OCCN1CCCC1)-n1cnc2cc(sc2c1=O)-c1ccc(Cl)cc1,482.0050000000001,5.250800000000005,7.0,0.0,3.0,0.36055645049680174,0.0,56.59,0.4918366730213165,0.8652422070503235,0.8749329090118408,0.462428891658783,0.1454499363899231,0.2902881890535355,0.1968970015645027,0.42356243133544924,0.2871738880872726,0.7547784805297851,0.6115729570388794,0.26168970465660096,0.7622815608978272,0.8981758236885071,0.9949277639389038,0.05193948820233345,0.02967381477355957,0.2767548978328705,0.16564996242523194,0.017740024253726006,0.07670281678438187,0.04020820111036301,0.9158149480819702,0.9839239835739135,0.6794069707393646,0.05689551346004009,0.13735633492469787,0.16124211847782136,0.1336539074778557,0.4207834541797638,0.9238838076591491,-5.094430923771778,23.08020705729291,20.906275536898764,38.05167415117345,-9.49873302885348,3.3867220059641596,3.116414217981249,99.66808839613653,-5.108986853833143,3.7790902634767987
81be2a80c1fa49f831877cca9a62c0f2,O=C(OOC(=O)c1ccccc1)c1ccccc1,242.23000000000002,2.615400000000001,4.0,0.0,4.0,0.5996635086620677,0.0,52.6,0.24655695408582687,0.9682695508003235,0.941465950012207,0.7045530915260315,0.30522137582302095,0.4292254000902176,0.060555212385952475,0.06652626506984234,0.00886110533028841,0.3117774337530136,0.0024055654415860773,0.47286816835403445,0.021188002545386553,0.9630774021148681,0.9997100472450257,0.002665764605626464,0.022004768066108227,0.06448123194277286,0.003311130590736866,0.010449391975998878,0.2981320649385452,0.004144523805007338,0.9301478147506714,0.015821406489703805,0.05299770813435316,0.06474426779896021,0.0054863312281668184,0.03321088440716267,0.004061282821930945,0.5913996815681457,0.04785694554448128,-3.951663898241319,79.16779511656189,64.9181999758587,1.6743072144642475,-5.721666354544304,1.7063610018307138,3.0696232574094298,98.49969027955157,-4.462760610439522,4.71354834632136
cff10032354eb67e23ec8f157db421b6,CS(=O)(=O)CCNCc1nc(cs1)-c1ccc2ncnc(Nc3ccc(OCc4cccc(F)c4)c(Cl)c3)c2c1,598.1250000000002,6.002600000000005,9.0,2.0,2.0,0.17854525940491225,0.0,106.10000000000001,0.41267156004905703,0.43900889754295347,0.802833092212677,0.6390303611755371,0.9310527086257935,0.45147587060928346,0.7057921171188355,0.3442403137683868,0.426792699098587,0.8089074492454529,0.9859200954437256,0.5688073039054871,0.31775557100772855,0.9530923962593079,0.9980197668075561,0.0052181283012032505,0.009812903311103582,0.4857036113739014,0.28546375334262847,0.01979602510109544,0.0723447009921074,0.15372010618448256,0.4498882949352264,0.9387141346931458,0.7108487606048584,0.030943496339023113,0.2601373016834259,0.46277480721473696,0.25570868253707885,0.11806279569864273,0.9505421042442321,-5.208276514064334,39.90035982576841,51.729618880419004,34.5844026013864,-11.263568545989532,3.0468227964931494,3.099518603773767,102.16040116718784,-4.4161423258516885,-5.159382507870411
1d8ae144c45e421600462365fa9c4384,Clc1ccc(N\N=C(/c2ccccc2)c2ccccn2)nc1,308.77200000000005,3.994500000000003,4.0,1.0,4.0,0.5853344041525956,0.0,50.17,0.38925612568855283,0.8145580172538758,0.9625633597373963,0.9512937545776368,0.8174512386322021,0.33355127573013305,0.5111461043357849,0.1371431529521942,0.13849965631961822,0.5980689227581024,0.35802854001522066,0.3872529685497284,0.07106975615024566,0.9312720894813538,0.9999747753143311,0.006611410155892372,0.03377673448994756,0.8646453499794007,0.6661364316940308,0.12193998396396637,0.4237875759601593,0.0390747357159853,0.9765557169914245,0.09875935018062591,0.8524075746536255,0.4607607007026672,0.19572773575782776,0.8986679911613464,0.4297651916742325,0.4904342949390411,0.48619080781936647,-4.7574348302254155,75.69092749778781,53.60257996756256,61.91986384729914,-8.901072233510977,2.4274741907040447,3.0623102795138264,94.87604226460773,-5.141022126277554,10.539532304088175
133c67e241ae1616afcbd35823e685dd,C=CCN=C=S,99.15799999999999,1.2752,2.0,0.0,4.0,0.2883568789906168,0.0,12.36,0.6727590918540954,0.9448098301887512,0.7437673330307006,0.5944458574056626,0.4127845257520676,0.11920160949230194,0.25262305438518523,0.19130361042916774,0.020704754069447516,0.2607662916183472,0.19091608002781868,0.5360579013824462,0.015806067548692227,0.5594382643699646,0.9995795011520385,0.012059852667152881,0.004666824778541923,0.053693564236164094,0.007785406615585089,0.008168590650893749,0.040820521861314775,0.061680621560662986,0.7515526175498962,0.03997128680348396,0.4313809394836426,0.040868844091892245,0.38048444539308546,0.19708782183006407,0.12164337784051896,0.9408493518829346,0.10092422254383564,-4.226850343284926,26.054651220774975,27.067035645113783,-8.312569734701245,-2.9163558328213304,2.9082954911262275,2.1735810855937756,64.38128168140474,-2.1635875596693306,-0.9815811861738757
3ef82a24205e2e5cce5a8f406eca1958,C[n+]1ccccc1CN=O,137.162,0.7774999999999999,2.0,0.0,4.0,0.43766142694006105,0.0,33.31,0.8613734006881714,0.6119028329849243,0.5644285321235657,0.0013928701926488429,0.009405251679709181,0.1316938955336809,0.0005932392778959184,0.07354874983429908,0.002190122735919431,0.2388847626745701,0.000702367193343889,0.4736812561750412,0.022104144379591163,0.11628856435418129,0.3867818294093013,0.14752418994903566,0.06587715838104487,0.00885185379302129,0.005080384446773678,0.01951984588522464,0.1266129633411765,0.001190519644296728,0.28995883390307425,0.0063197529350873085,0.312752828001976,0.003211607248522341,0.007651566585991532,0.002977701951749623,0.01778152217157185,0.9628488898277283,0.030335823260247707,-4.122214945808714,47.54697397059347,26.031541345231073,-16.12852609605326,-7.169761832837628,2.8420275796086685,-0.1311104478931973,16.23426253856636,-0.2346042004920621,2.389863199627391
90e4f87a133eb34c3ef0f257738acfc3,CC(C)CNc1nc(cn2c(cnc12)-c1ccc(cc1)C(=O)NC1CC1)-c1cccc2ncccc12,476.58400000000023,5.5716000000000045,6.0,2.0,3.0,0.32074385751863993,0.0,84.21,0.5652528047561646,0.6020914733409881,0.8667165756225585,0.4320585310459137,0.4697409629821777,0.3797526299953461,0.6163645684719086,0.15862600207328797,0.19028280079364776,0.6065152645111084,0.6470341384410858,0.37780881822109225,0.435259273648262,0.919713294506073,0.9987697720527648,0.043105220422148705,0.021181311458349228,0.6617244482040405,0.37043235301971433,0.03977062627673149,0.19059429168701172,0.09702826663851738,0.8602272748947144,0.9351294279098511,0.8395460724830628,0.4572552502155304,0.31306329369544983,0.8218039512634278,0.4304806888103485,0.32923064529895785,0.8896906256675721,-5.036812163578949,28.35140552682929,62.2226925700376,66.60215248998267,-10.015766341574869,2.718878351160496,3.6524011679147983,104.24495351982907,-5.000952541479443,5.720297222230953
2e462d1125c1e9c98afb99c88cdea1d2,NC(=O)c1ncn(n1)[C@@H]1O[C@H](CO)[C@@H](O)[C@H]1O,244.20700000000002,-3.0114999999999994,8.0,4.0,4.0,0.44284203167437103,4.0,143.72000000000003,0.5097144961357116,0.5714642405509949,0.828744900226593,0.0031478618737310173,0.0012050816178089008,0.08680238639935851,0.0006628372706472873,0.008878255775198341,0.00040306523042090705,0.09357072934508323,1.303288836425054e-05,0.03645583931356668,0.1722713053226471,0.8845513582229614,0.7364645719528198,0.011371857114136219,0.015005211951211095,0.0034485689713619648,0.002395505155436695,0.017976100370287896,0.09855191856622696,0.001474538055481389,0.0661793515086174,0.0021258845226839185,0.07464430723339319,0.0025720492005348204,0.0022708423202857375,0.001269999344367534,0.35822992883622645,0.3789934992790222,0.01937044709920883,-5.650021160533181,35.58092296612453,-7.634245150568903,22.200883725474984,-22.337079828012424,1.8729452496265933,-1.2947997155044972,16.59489010642472,-0.23790490007653703,3.3273946355450947
341a9729bfcc32f63d7ad260b7e9ee81,CN([C@H](CN1CC[C@H](O)C1)c1ccccc1)C(=O)C(c1ccccc1)c1ccccc1,414.5490000000001,4.084800000000003,3.0,1.0,4.0,0.6334617059881883,2.0,43.78,0.05632445886731148,0.4685906499624252,0.6109785735607147,0.020708674378693104,0.2670661866664886,0.259206822514534,0.21341458112001419,0.28581875264644624,0.5840344190597534,0.5575818240642547,0.8133466362953186,0.12318955920636654,0.35527734607458117,0.09350252971053123,0.992756974697113,0.009941770648583769,0.01607777550816536,0.025262742582708598,0.01637568585574627,0.0031495630275458096,0.024723883345723154,0.001538143097423017,0.841367244720459,0.845505702495575,0.13554175049066544,0.0004213085223454982,0.020684012956917287,0.09826389104127883,0.0039756327169016,0.43381229043006897,0.9344220399856568,-4.902195761912673,52.60542180657484,41.0386076764398,56.228937098367666,-10.214130594231241,3.488109848631171,3.3885416204474845,78.33713447771973,-3.544592428997061,0.5150235960571203
f2e3fc7a08b8b45c645bbd02bc987aaf,O[C@H]([C@H]1C[C@@H]2CC[N@]1C[C@@H]2C=C)c1ccnc2ccccc12,294.398,3.164600000000002,3.0,1.0,4.0,0.8834235503255572,5.0,36.36,0.27762848138809204,0.9060701966285706,0.8009073615074158,0.08333901166915894,0.08221496269106865,0.1284780941903591,0.030702818650752306,0.42652714252471924,0.4802692413330078,0.47882617712020875,0.11302292048931122,0.019333533756434918,0.606447184085846,0.0856775090098381,0.9998284339904785,0.03720834292471409,0.18989488631486892,0.2023440644145012,0.06060772389173508,0.058279070630669595,0.3147603616118431,0.001596714707557112,0.8959087014198304,0.27178469598293303,0.0840079091489315,0.0035501766484230756,0.016711398400366305,0.011062650382518769,0.01444586282595992,0.46983930468559265,0.7985957860946655,-4.786284026129268,40.076177945185826,5.860887337259102,8.48834795909753,-10.784660919971738,3.0753444719343883,1.8136948645016837,68.74694960036686,-2.681547912140326,2.8523663083120097
fc29b367f272aa98b2654a9ff2c1bc71,CC(C)S(=O)(=O)NC[C@H](C)c1ccc(cc1)-c1ccc(CCNS(C)(=O)=O)cc1,438.6150000000002,2.8766000000000007,4.0,2.0,4.0,0.5965691410312628,1.0,92.34,0.4027419090270996,0.4913069784641266,0.7660099029541015,0.24910173267126084,0.4981803327798843,0.45435708165168764,0.390561842918396,0.29590711146593096,0.31922944337129594,0.8338808655738831,0.8668746709823608,0.6126791954040527,0.2298456221818924,0.6413727283477784,0.990124523639679,0.046773194894194604,0.04444294236600399,0.07209019511938095,0.15451136529445647,0.08068251088261605,0.1010751947760582,0.098853250592947,0.9124437928199768,0.276704777777195,0.35056926906108854,0.010990198561921715,0.06308569274842739,0.19301289245486258,0.050468114018440244,0.5345539629459382,0.8281794667243958,-5.381388205716091,36.52859178416219,60.5435722482073,-28.315169604252283,-7.293006989121329,2.354469643335808,2.3909032764497424,87.24070505947324,-3.9117925443241552,-7.467097886206714
8e778751be22961992c3cb9c550a8f1a,[In].CC(C)O.CC(C)O.CC(C)O,295.106,0.7805,3.0,3.0,4.0,0.6187756824258477,0.0,60.69,0.21892926692962647,0.7978500247001648,0.8771483302116394,0.007401387300342321,0.2665299081709236,0.14800513833761214,0.0807394303381443,0.13484809827059507,0.005930333321157377,0.5232379496097564,0.001347785429607029,0.5813101589679718,0.034192385710775854,0.13360425792634487,0.9960127830505371,0.0010637141111146775,0.0034569259791169316,0.03157802047207951,0.023299693781882524,0.026875687576830388,0.07612340413033962,0.0032796958577819167,0.7767532348632813,0.03253484638407826,0.09215897880494595,0.0013459097768645733,0.07175264433026314,0.10373410899192095,0.0028429273981601,0.15091612339019775,0.23661798676475881,-4.776715899658918,7.1153662019858555,-11.60418935073883,41.04727370312145,-8.527984070816817,1.1567745233702968,-0.05787756107250974,20.65755467374801,-0.23043087837752144,9.346520151775106
69dfd612c962104a3f6c90c423f5755a,C[C@@H](c1ccccn1)n1cc(-c2ccc(cc2)C(O)=O)c2ncc(cc12)-c1c(C)noc1C,438.48700000000025,5.677640000000003,6.0,1.0,3.0,0.3794856062494489,1.0,94.03999999999999,0.22148058861494063,0.20140184760093688,0.9079667687416076,0.12670541554689407,0.08891179040074348,0.22453915178775788,0.1664902910590172,0.03795112818479538,0.031593290902674195,0.30315687954425813,0.17158187329769134,0.30526471734046934,0.4928359866142273,0.9392967343330383,0.8929801464080811,0.05052182748913765,0.06897063553333282,0.1846000447869301,0.13311100304126738,0.06647513620555401,0.14525122344493865,0.1850512906908989,0.5918615162372589,0.39510593712329867,0.3848608314990997,0.08498893529176713,0.06055960543453694,0.14859299287199973,0.11006442457437515,0.21407442688941955,0.322540745139122,-5.3531641401794525,1.1029206733727932,-11.809765863369458,11.565310137169421,-9.562212466309319,2.655131958583374,1.186399023652065,90.22533108024041,-4.444161546044293,-0.2456630082162091
7e872382b7a47110122c0e72de9ceff3,CC(C)OCCn1c2cc[nH]c2c(=O)[nH]c1=S,253.32700000000003,1.8121899999999997,4.0,2.0,4.0,0.816841910930045,0.0,62.809999999999995,0.36508449018001554,0.8568906664848328,0.8912074089050293,0.5154527872800827,0.1311226323246956,0.2642581135034561,0.05615466348826885,0.2291564255952835,0.006304208561778069,0.481617146730423,0.028936695773154497,0.16115061938762665,0.14128938764333726,0.8730912208557129,0.9993802428245544,0.025972533226013183,0.019885991513729096,0.3227749228477478,0.032303837686777116,0.04201913811266422,0.1595713570713997,0.02372467126697302,0.8364815473556518,0.034103866666555405,0.08661584109067917,0.07326176688075066,0.12997205778956414,0.03860147967934609,0.07440823353827,0.5639703869819641,0.15102695375680925,-4.817614050618337,60.22041265080003,12.721078633142653,29.54809854707155,-13.632671279379101,2.406634544426997,1.020534901579609,63.433148740318146,-3.431410862278624,7.437631249257746
f2f3286d177a1d63b6b5036df60fe555,COC(=O)c1nc(n2CCN(Cc12)C(=O)C[C@H](N)Cc1cc(F)c(F)cc1F)C(F)(F)F,464.3660000000001,2.408100000000001,6.0,1.0,4.0,0.41715731705790315,1.0,90.45,0.3854923129081726,0.959018862247467,0.8272684931755065,0.09603638034313917,0.37930273562669753,0.06427321955561638,0.48405073285102845,0.10844747573137284,0.4793292820453644,0.7743427872657775,0.7931027412414551,0.1344548597931862,0.303495329618454,0.493779656291008,0.9984915256500244,0.029681936465203763,0.04284846112132072,0.030020090378820898,0.12073646038770676,0.012518618162721396,0.029218192398548126,0.003821485978551209,0.9032680749893188,0.6444110751152039,0.12356796562671661,0.015695053804665803,0.00818083919584751,0.018528254330158235,0.029992692172527313,0.15749652236700057,0.8901783347129821,-4.8519713433273965,37.81221536829448,71.24501289685865,5.6600780114375,-7.376888841006943,3.624927903862828,1.7474066188256028,55.81711556713907,-3.5499743511669104,7.459645158313871
f64f363a5e382bd34ad75e9c177b2263,CC[C@H]1[C@@H](O)[C@H]2[C@@H]3CC[C@H]([C@H](C)CCC(O)=O)[C@@]3(C)CC[C@@H]2[C@@]2(C)CC[C@@H](O)C[C@@H]12,420.63400000000024,5.114000000000006,3.0,3.0,3.0,0.5771567485068269,11.0,77.76,0.022384310141205788,0.27813794910907746,0.6999041199684143,0.007939101080410182,0.012180439569056034,0.1613655798137188,0.01905358978547156,0.14128033071756363,0.02010562235955149,0.6966853976249695,0.01307773101143539,0.01824908293783665,0.050294739101082085,0.11931552663445473,0.9641790390014648,0.05911287888884544,0.14634646624326705,0.009791388083249331,0.03809295147657395,0.06850022971630096,0.2804215639829636,0.1085225373506546,0.7495483040809632,0.5048265308141708,0.1727481573820114,0.0023428592830896378,0.055746495723724365,0.10327833853662013,0.042016880586743355,0.26611321717500686,0.4030047580599785,-5.324574242466879,35.30452431393485,-13.66891958872389,16.652821806240343,-5.885648091729797,2.324713935884019,2.251020973216672,94.6929409531578,-5.710252517541184,-5.97317709537356
2c840ade7a3dc644a3d56155351c3ed0,OC(=O)c1ccc(cc1)S(=O)(=O)N(Cl)Cl,270.09299999999996,1.6831,3.0,1.0,4.0,0.8477693705486263,0.0,74.67999999999999,0.45767655670642854,0.3096171379089355,0.7947358727455139,0.00938319438137114,0.042011563945561645,0.329036770761013,0.03191675320267677,0.0131842618342489,0.00553308455273509,0.17311783283948898,0.0008605791837908328,0.539264240860939,0.09312766790390015,0.9141125559806824,0.7495907008647918,0.013332382962107658,0.024121169932186604,0.007651284255553037,0.004722220543771982,0.05102599738165736,0.15347737744450568,0.007457683561369777,0.11931954119354486,0.008377541927620769,0.238239336758852,0.0264178404584527,0.028241574531421065,0.01805944568477571,0.020876747416332365,0.7216614305973053,0.009114488819614052,-4.780876242224186,1.4700313169028845,7.0160862063173,18.71520508665293,-10.37209812712604,2.236598629232538,-1.0250922118403234,89.7364033434326,-2.4386172470726093,1.0797939385871245
bdb07b6eb45827a936711f0c2270476c,CCCCc1nn(-c2ccccc2C(F)(F)F)c(=O)n1Cc1ccc(cc1)-c1ccccc1S(=O)(=O)NC(=O)c1sccc1C,654.7360000000001,6.599320000000006,8.0,1.0,2.0,0.18291517921328584,0.0,103.06,0.06445614695549011,0.6093146800994873,0.8239760756492615,0.12195713892579078,0.9057191371917724,0.720787525177002,0.9399755001068115,0.07004553712904453,0.13189993500709535,0.7297155499458313,0.9574787139892578,0.6860691994428635,0.0914331816136837,0.9640925049781799,0.9994186043739319,0.00513587542809546,0.01769633125513792,0.005063656903803349,0.06299141049385071,0.004298469470813871,0.047832805290818216,0.1419997490942478,0.7377641797065735,0.938164758682251,0.4417360842227936,0.0036890687653794883,0.04623276591300964,0.6559961676597595,0.03237069770693779,0.10515579134225846,0.847950565814972,-5.455086632809363,23.03573886813144,33.72189907214794,126.08329219265997,-8.271245556064816,3.563242010556169,2.5651594820996224,103.90657474612507,-5.040366483271822,-7.976890374503663
5ed1088f24c42f4bd4ff68222ddc94d0,Cn1cc(CCn2cnc(-c3cnn(C)c3)c2-c2ccc(cc2)C#N)cn1,357.4210000000001,2.7984800000000014,7.0,0.0,4.0,0.55019578684747,0.0,77.25,0.3219884753227234,0.5389392375946045,0.8890703201293946,0.09070775117725134,0.21702218763530254,0.3123112618923187,0.20572030246257783,0.16067671179771423,0.040873428853228685,0.8008586883544921,0.517622995376587,0.2619728684425354,0.47967272996902466,0.7627545595169067,0.9714919209480286,0.020297439582645894,0.042688210308551786,0.12367292195558548,0.2795104444026947,0.05969175547361374,0.0476228691637516,0.01784613439813256,0.8364888668060303,0.6807551264762879,0.22494893670082092,0.05195331396535039,0.054687295109033585,0.03400398846715689,0.04534322861582041,0.2947274833917618,0.7419020175933838,-5.337655026697602,10.623473964444376,8.931640915610464,-24.287955013998133,-9.962684789767042,2.2714481094135217,1.9766438550515513,75.04336462706422,-3.3475016620850946,-1.733386760392704
c205c099e88bd03c1c35df427098d243,COc1ccc(C[C@H]2COC(=O)[C@@H]2Cc2ccc(O)c(OC)c2)cc1OC,372.41700000000014,2.9924000000000017,6.0,1.0,4.0,0.7534384443107306,2.0,74.22000000000001,0.1466405212879181,0.5631465792655945,0.8500348448753356,0.3768455296754837,0.8557217478752136,0.20710451006889344,0.6447242975234986,0.22078630030155183,0.05069475919008255,0.7554544568061828,0.9814547419548034,0.042682775482535365,0.060616128519177435,0.5680947959423065,0.9995193719863892,0.0073474450968205925,0.014038771204650403,0.162197445333004,0.14956654161214827,0.1020075798034668,0.17683508843183518,0.0529116790741682,0.9470777869224548,0.4955684721469879,0.1940167561173439,0.051772066950798036,0.13660299330949782,0.3591050386428833,0.14354113042354583,0.49968342781066893,0.5789100348949432,-4.955292131190577,112.44838185009716,63.76096204545744,-28.10801171077903,-7.82000427243233,2.010287486605506,2.7433264948337324,90.91982592532521,-4.46108913150405,0.6654997650410573
1817c71d295a088bac3006d11b257e16,COCCN1CCC(CC1)(C(=O)NO)S(=O)(=O)c1ccc(Oc2ccc(OC(F)(F)F)cc2)cc1,518.5100000000002,3.1376000000000017,8.0,2.0,3.0,0.3845717234916067,0.0,114.4,0.7937103152275086,0.7548106133937835,0.8167671918869018,0.05822346247732639,0.40349469184875486,0.1433851331472397,0.1803044021129608,0.26765561699867246,0.5131936728954315,0.7902674198150634,0.8827424287796021,0.5221568465232849,0.8109835267066956,0.48992413878440855,0.984084963798523,0.00726831522770226,0.010528336744755507,0.012114718509837984,0.02486259490251541,0.017328960727900265,0.04609670899808407,0.01559321116656065,0.7556459069252014,0.4397926151752472,0.3854413449764252,0.009994173608720302,0.015975843742489816,0.0612919993698597,0.04472771510481834,0.3017035901546478,0.8646504163742066,-5.231926590922382,-18.69854422178155,-16.661926520382725,33.377755625885825,-8.915882254733788,3.505670439218922,1.9800502658072268,79.05412137557579,-3.0974119773741244,-6.708556702452438
97913074195aed9376b3c3c9134ac4e2,OC(=O)[C@H](CC(=O)N1C[C@H]2CCCC[C@H]2C1)Cc1ccccc1,315.41299999999995,2.9686000000000012,2.0,1.0,4.0,0.9085767639353318,3.0,57.61,0.09603603780269623,0.8230588912963868,0.910685908794403,0.00984541797079146,0.11894322261214256,0.37466702461242674,0.03041863851249218,0.22406179308891297,0.056199127621948716,0.5148989915847778,0.13761705309152603,0.049100033938884735,0.20138416588306426,0.2765345722436905,0.9964796900749207,0.010309641435742378,0.07102288082242011,0.038439204730093476,0.011459581647068262,0.015215833112597466,0.1319316506385803,0.02679824624210596,0.5648677527904511,0.05020854733884335,0.14007506519556046,0.006804561661556363,0.011188996024429798,0.006171692081261426,0.0035971767036244275,0.4107873797416687,0.06754389498382807,-4.717180334352468,35.65390613747698,9.99746027615932,-1.5669982480674478,-8.923298163722398,2.5627970628362524,0.35315309503421155,76.23418172591445,-2.9495999083838305,-3.6618111996189526
7e7fbac54929cd452eb7d8df62a1be3a,COc1ccc(cc1OC)S(=O)(=O)N1[C@@H](C(=O)N2CCC[C@H]2C(N)=O)[C@](O)(c2cc(Cl)ccc12)c1ccccc1Cl,620.5110000000003,3.300300000000001,7.0,2.0,3.0,0.4134001419677538,3.0,139.46999999999997,0.04729471895843744,0.5282901167869568,0.8997009992599487,0.037004055082798006,0.5468359380960465,0.5038472354412079,0.6230055809020996,0.1069120854139328,0.044825099408626556,0.8302800178527832,0.9372725367546082,0.21321954876184462,0.07375751342624426,0.9494471669197082,0.998310387134552,0.019672895036637782,0.08410551436245442,0.008447906654328107,0.026732905209064482,0.004263021517544985,0.029148851707577705,0.02064218111336231,0.8337026476860047,0.696946918964386,0.16787650138139726,0.003789506503380835,0.0068235423415899275,0.17860524356365204,0.03432509563863277,0.03480189349502325,0.7622564315795899,-5.140866652654695,31.923353983419247,53.046850667828984,45.34471578669586,-10.688092132543584,2.926371572311325,2.3309294266123084,92.08003931196019,-5.197368891904528,2.7469985361632316
7bea26a64171957956f969b47f10650c,CC(=C)[C@@H]1CC[C@]2(CO)CC[C@]3(C)[C@H](CC[C@@H]4[C@@]5(C)CC[C@H](O)C(C)(C)[C@@H]5CC[C@@]34C)[C@@H]12,442.7280000000003,6.997200000000009,2.0,2.0,3.0,0.45208924533457334,10.0,40.46,0.01715028937906027,0.22906116396188736,0.43467984795570375,0.01266761808656156,0.014670775644481182,0.07960890922695399,0.03937253467738629,0.15179266575723888,0.009507532883435487,0.7729693531990052,0.06735629439353943,0.04003542604477843,0.028388715535402297,0.05662027969956398,0.9909032106399536,0.24209904223680495,0.1901748776435852,0.004518123937305063,0.2203118771314621,0.33924415707588196,0.4180471122264862,0.02031545601785183,0.948607611656189,0.614103627204895,0.44008405804634093,0.007041607750579715,0.12086578533053398,0.32677476704120634,0.15760317146778108,0.5714304327964783,0.731188303232193,-5.016035993854717,62.174255120065006,37.73175022857947,24.553249534813958,-2.471203124440642,2.8338871999571764,4.23956063699015,103.2540769784869,-6.96237144948342,1.166272188944689
f7f631c786941b1c9e8444ec13e74b47,CCOc1nc2c(N)ncnc2n1CC,207.23700000000002,0.8271,6.0,1.0,4.0,0.8058685937790913,0.0,78.85,0.7577908992767334,0.9663215756416321,0.9497599720954895,0.9191730499267579,0.04609078308567405,0.12388783879578114,0.01898839920759201,0.13389959558844566,0.016462744504678994,0.38471512496471405,0.016931641567498445,0.11308612525463105,0.02183817469049245,0.9089030861854553,0.9999918460845947,0.0013475659943651408,0.015413990151137114,0.3528045743703842,0.03615619242191315,0.009202272165566683,0.11748335659503936,0.0008694852702319622,0.9735562443733216,0.03641845183447003,0.0601386584341526,0.06533625014126301,0.007413069158792496,0.003997084265574813,0.01032677898183465,0.5914417028427124,0.21357993334531783,-4.615836598099631,55.16115933794057,10.606947491388862,-26.358923599437333,-11.49507014237592,2.350895937472457,1.3753411189442302,73.80076438098162,-2.044555737073588,-7.623741475583772
dd7a13299c8d66e83a25be0f379a7470,Cc1ccccc1-n1c(CF)nc2ccc(N)cc2c1=O,283.30600000000004,2.74582,4.0,1.0,4.0,0.7355686679274789,0.0,60.910000000000004,0.9418188095092773,0.9684535384178161,0.9834688425064086,0.8549283266067504,0.7111460089683532,0.4919478535652161,0.18003627359867097,0.11331452801823616,0.03179792240262032,0.7166011214256287,0.6326762914657593,0.4673720121383667,0.14944076240062715,0.9606480956077575,0.9999900579452514,0.029281409922987223,0.21868444979190826,0.7684587478637696,0.49082409143447875,0.12595709711313247,0.5302101314067841,0.02376520950347185,0.9791306376457214,0.1793115772306919,0.5518337488174438,0.34112368822097777,0.017102495580911637,0.1902225658297539,0.08651709631085396,0.35989753603935243,0.5523535311222076,-4.570992076532379,33.717738025392286,28.57089622077799,-6.979346373721451,-11.585780248843943,2.9886364513977846,2.3007005224033934,88.27135346559646,-3.4075239726531246,-4.029491537334761
1c62343153de41513c7c8e7e1728912e,COc1ccc(cc1)-c1csc(NC(=O)[C@H]2CCCCN2S(=O)(=O)c2ccc(C)cc2)n1,471.60400000000027,4.309020000000003,6.0,1.0,4.0,0.5787760969465063,1.0,88.60000000000001,0.17872624099254608,0.5350006341934204,0.8936581969261169,0.21048263236880302,0.9432364940643311,0.6221135377883911,0.9261480093002319,0.11009308695793152,0.03874099887907505,0.7918033838272095,0.8455275654792785,0.42406770288944245,0.09006012752652168,0.9766438245773316,0.9998487830162048,0.01201416989788413,0.04405254237353802,0.4044812202453613,0.20589438378810881,0.03185117393732071,0.29505052268505094,0.17454681247472764,0.9338768601417542,0.8904390573501587,0.9021584153175354,0.1451823204755783,0.16513225957751274,0.7867531538009643,0.2825563907623291,0.13014606535434722,0.7153746008872985,-5.032003423426902,75.40493777892785,119.67207447123401,-10.41895220659155,-8.824357366617168,2.63305160703054,3.755315999228401,106.55810804448431,-5.783382026956369,-0.7451347078921409
aab7f7127c266d22c0e6ea397b954bf5,COCCNCc1ccc(nc1)-c1cc2nccc(Oc3ccc(NC(=S)NC(=O)Cc4ccc(F)cc4)cc3F)c2s1,619.7190000000003,6.220500000000005,8.0,3.0,2.0,0.11849908273621894,0.0,97.4,0.5173973798751831,0.4815472364425659,0.6986731886863708,0.059551918506622316,0.4929901123046875,0.14974814355373384,0.5730269432067872,0.09363668262958527,0.22742021530866624,0.8003469944000244,0.9075865507125854,0.34319873452186583,0.364087650179863,0.9242777466773987,0.9782776594161987,0.030832969397306443,0.06267692409455776,0.40929508209228516,0.24989354014396667,0.027161369286477565,0.11711210012435913,0.09580865427851677,0.6573835730552673,0.9545245051383973,0.6634459137916565,0.1481499642133713,0.21083023250102997,0.7224378943443298,0.489628005027771,0.21498490273952484,0.9158754587173462,-5.44162857356359,82.58305799923232,68.63893673328006,106.50108468084753,-10.908039261360058,2.885641699700032,2.6805805444549855,97.41456786871291,-5.0957653572202,8.472621354169268
71c8dd4527cbc3099ff806d01c05d155,CCN(CC)S(=O)(=O)c1ccc(O)c(NC(=O)c2[nH]c(C)c(C(C)=O)c2CC)c1,421.5190000000003,3.0765200000000013,5.0,3.0,4.0,0.446912435979813,0.0,119.57,0.16398943290114404,0.4587967097759247,0.7383634805679321,0.6136535465717315,0.729646372795105,0.5320506274700165,0.840006685256958,0.1529976099729538,0.3851486653089523,0.6827566146850585,0.7027612090110779,0.2648929163813591,0.0625932727009058,0.8703948020935058,0.9990772128105163,0.026052559725940228,0.014991252170875668,0.2500435382127762,0.1315611146390438,0.031355110183358195,0.10369182005524635,0.02146003767848015,0.9201302409172059,0.2955906271934509,0.23620610535144806,0.04008221626281738,0.10430480837821961,0.8753917574882507,0.31334575116634367,0.2443941965699196,0.6197294056415558,-5.516387909708275,94.20000932967304,96.06366936631836,-27.129163947333318,-10.395264292516485,2.6537260290091953,2.1764287301766894,100.22429742641484,-4.560357705916302,4.846834851412491
64740c1e4477af6a6265e51ad712a081,Clc1cccc(N2CCN(CCCCNC(=O)c3ccc-4c(Cc5ccccc-45)c3)CC2)c1Cl,494.46600000000024,5.896800000000005,3.0,1.0,3.0,0.32534177842475437,0.0,35.58,0.6487489819526673,0.9690304756164551,0.6431765079498291,0.6435886085033417,0.6637491822242737,0.24745811522006989,0.33780983090400696,0.5766968131065369,0.5673536539077759,0.8042841553688049,0.4091524243354797,0.527320247888565,0.5716730654239655,0.8002585411071778,0.9965054631233216,0.02088298313319683,0.0096576776355505,0.402408629655838,0.1906449615955353,0.021380122844129802,0.08579345494508743,0.034086293540894985,0.764038348197937,0.9518792152404785,0.7278181672096252,0.027161813993006944,0.1537735342979431,0.4228102326393127,0.2170097827911377,0.7903857111930848,0.9801052927970886,-4.860068710822413,29.906977889644196,35.17946432607751,63.691658467850424,-8.791030031194444,3.1260996056622328,3.354726639712532,110.9025415921172,-4.984222534284984,5.757486790143262
4360b64ba82c5bbc945e59dbe221de7a,CNC(=O)Oc1ccc2N(C)[C@H]3N(C)CC[C@@]3(C)c2c1,275.352,1.7739000000000003,4.0,1.0,4.0,0.8482399591613494,2.0,44.81,0.4832170486450195,0.9885671377182007,0.7271341204643249,0.08650367930531502,0.07402872480452061,0.2397566482424736,0.0018145648878999054,0.6429863810539246,0.39398848712444307,0.6908807039260865,0.2011604830622673,0.046791887283325194,0.5733186423778533,0.3031699538230896,0.9988944053649902,0.0036042637657374144,0.03059519026428461,0.1530640445649624,0.008957763761281967,0.005673071835190058,0.05996757671236992,0.0008674844080815092,0.9425321340560913,0.034386074542999266,0.12934796288609504,0.004372070170938968,0.0032522942405194045,0.009369769832119346,0.013035989925265312,0.44175856113433837,0.6535087943077087,-4.2712954313253855,5.303409163235216,3.4157468561488793,6.038720105072828,-12.384743069097123,4.4896573533792905,0.8003880708427923,52.272271728608544,-1.3224245291532808,-6.9550606354149425
d6cdd2fe53624c9313994dc1e7936505,CC(C)C(C)(C)C,100.20499999999998,2.6885000000000012,0.0,0.0,4.0,0.4387734079247987,0.0,0.0,0.0004681247810367495,0.994023060798645,0.820029103755951,0.0033694595273118465,0.004094365519995336,0.1838788280263543,0.000283031435446901,0.3956179240252823,0.0011005324549842044,0.6968930184841156,0.0018269783331561484,0.46468818187713623,5.6607082751725105e-05,0.008278994320426137,0.9993880152702331,1.4170805018309807e-07,6.897702687638229e-05,5.453527073768782e-05,0.0007535674900282175,0.014942300086840988,0.15204914677888154,2.7300785745865143e-06,0.9984575629234314,0.0024121363705489783,0.009672488982323557,2.455712760252027e-07,0.0003936954395612702,0.002390176111657638,1.0345953096901894e-06,0.9264831304550171,0.23054463565349578,-3.8600763039436936,63.117436515626835,11.546942117870255,6.846727042008626,2.303648731872735,1.480357679729146,3.188043863532646,71.39393312382211,-4.154286149102586,-10.303217596989176
a63926d6cd537c2d873bdc37e1844f03,Cc1ccc(F)c(NC(=O)Nc2ccc(cc2)-c2cccc3n[nH]c(N)c23)c1,375.40700000000015,4.903620000000003,3.0,4.0,4.0,0.4098564168765686,0.0,95.83,0.7088926911354065,0.7607744574546814,0.9518966197967529,0.7738551497459412,0.829648208618164,0.454286652803421,0.6725737452507019,0.2824631243944168,0.25289311110973356,0.5626114904880524,0.8627236008644104,0.599479928612709,0.4111774623394012,0.98469158411026,0.9996649384498596,0.011293555330485105,0.05067645199596882,0.8864947319030761,0.36633281111717225,0.0336735911667347,0.18271832466125487,0.05342082493007183,0.6649261474609375,0.6380044102668763,0.690045177936554,0.2552385151386261,0.036676492914557456,0.8795931220054627,0.3221182763576508,0.22206660807132722,0.9046722173690795,-5.301232683573362,17.730240721024288,24.347975014490366,90.85556429303878,-13.186279108003328,2.8730947774624567,3.69856179169701,99.74963419438365,-5.933738605272767,2.8944696861688017
7f8ef7e3c511e1d71c67fc3ff2672617,Fc1cccc(c1)N(Cc1cc(F)c(F)c(F)c1)C(=O)O[C@H]1C[N@@]2CC[C@H]1CC2,408.39500000000027,4.480400000000004,3.0,0.0,4.0,0.5525179155926161,1.0,32.78,0.27551555931568145,0.9856022596359253,0.8865041375160218,0.1147952277213335,0.12207909077405929,0.13986174911260604,0.14579764902591705,0.4465684413909912,0.5494197189807892,0.6543978691101074,0.44883454144001006,0.12775247544050217,0.7261597871780395,0.25063308477401736,0.9988852262496948,0.060612086579203604,0.16532427221536636,0.03395866099745035,0.08133236318826675,0.012182270549237728,0.10322594940662384,0.00696663074195385,0.9203212022781372,0.8936894536018372,0.25786971151828764,0.01473329532891512,0.010214008996263147,0.08773862309753895,0.030431369505822658,0.33674769997596743,0.9640566945075989,-4.576507235648202,42.89566461833779,33.31060343705591,27.596709170564463,-5.670501274729531,3.242600269184723,3.1713199117013606,88.52810361522714,-5.0115351283308,-0.6338916049003562
daa227658d3e0332d521e14fa848c90b,CCNC(=O)CC[C@H](N)C(O)=O,174.2,-0.6853999999999989,3.0,3.0,4.0,0.5142732688390981,1.0,92.42000000000002,0.28090270310640336,0.7802908897399903,0.9381872892379761,0.007319510611705482,0.013893537828698755,0.08760424107313156,0.0032949537970125677,0.07763834744691848,0.006584297586232424,0.09835104048252105,0.001169187284540385,0.22948552966117858,0.0796551076695323,0.08277146965265274,0.9841368198394775,0.0036342912819236515,0.02062656804919243,0.01923647364601493,0.00030249574774643406,0.002097896608756855,0.026980698853731156,0.0007240192775498144,0.11167677072808146,0.0002110436762450263,0.0061554498970508575,0.0005298646923620254,0.0010180960292927922,0.00010661896085366607,0.0006945797009393573,0.3691903293132782,0.0035457739955745637,-5.604632119546911,-3.233676135340829,-28.322143692671567,-10.836794488305369,-14.277915351227483,1.4264604978657798,-1.8551603998538837,32.48306087514918,-0.09653359372044043,4.082666664918024
f1cfad3bc325f58f4074f5c7cd8b7af3,Cc1ccc(cc1)-n1nc(cc1NC(=O)Nc1ccc(OCCN2CCOCC2)c2ccccc12)C(C)(C)C,527.6690000000004,5.986420000000006,6.0,2.0,2.0,0.308784286641935,0.0,80.65,0.41129701137542723,0.4580944299697876,0.8852580785751343,0.08057186044752598,0.47580939829349517,0.47146867513656615,0.5408769130706788,0.31893338859081266,0.033811481576412915,0.7811230063438416,0.6483657717704773,0.5694654554128646,0.7232388377189636,0.9628607273101807,0.9925737977027893,0.005489856330677867,0.01851219767704606,0.5525529146194458,0.16594746112823486,0.020202301815152167,0.05025989189743996,0.06317662671208382,0.75450040102005,0.9562892079353332,0.8377404332160949,0.12505162432789801,0.09500112533569335,0.7573143482208252,0.4326786816120148,0.1783819392323494,0.9311311602592468,-4.883175757202442,40.760849048053,108.93373505485488,139.9691209042153,-9.518922153708179,3.4774926797976895,4.650114288659518,102.38352619767743,-6.119022103122051,6.104033716619948
7c07208a61dc3a48dffb458e01532cff,CCCCCCCCCCCC(O)=O,200.32199999999997,3.991900000000002,1.0,1.0,4.0,0.5412525786782162,0.0,37.3,0.0017242031899513677,0.8381228685379029,0.7204817712306977,0.30516268871724606,0.025327275437302888,0.42736926674842834,0.03836144367232919,0.16865307204425334,0.012837653560563923,0.20151375234127045,0.0009572436756570823,0.5909095287322998,0.004580629989504814,0.5031926989555359,0.9983514189720154,0.0002106023981468752,0.014177335053682327,0.001078275667168782,0.0022613555542193354,0.02233257656916976,0.15974375903606414,0.09298240318894387,0.6021071791648864,0.10059378501027823,0.021439147368073463,0.0005395703861722723,0.012098093144595623,0.0105483821593225,0.002769810729660094,0.6743212521076203,0.14313746392726898,-4.615312875332077,104.00175890039489,25.65808563704324,26.34932762326382,-4.558817679601269,1.3321663378844726,2.3153370808410854,100.19225304119728,-4.322601481154114,5.495645099339681
67dcb85aafc39959db9d8e8e1d6cc086,C[C@H]1O[C@H](O[C@@H]2[C@@H](O)[C@@H](O)[C@H](O)[C@H](O)[C@H]2O)[C@@H](N)C[C@@H]1NC(=N)C(O)=O,379.36600000000016,-4.328029999999994,10.0,9.0,3.0,0.16846340091926224,10.0,218.81,0.010321852844208479,0.21728773713111876,0.2982670605182648,0.0003923853852938919,0.017286394932307304,0.0213814505841583,0.0016205082854867214,0.02330051267053932,0.017810869740787893,0.10991757111623883,5.93984257250213e-05,0.001391724769200664,0.04703101562336087,0.07709377557039261,0.016094268788583575,0.008867850946262478,0.043438634276390074,0.0007185807800851763,0.0010650427764630876,0.022471654415130615,0.11927669905126095,0.00014924088179668615,0.008316378394374624,0.0005331189895514399,0.02149517418583855,0.0006683522960884147,0.0001480559251831437,0.00044640684209298345,0.0041294442256912586,0.11073668748140335,0.065933884261176,-7.68001687428158,-13.563771397511413,-22.611426677697825,-0.3229063484870835,-23.564286011497398,1.6284566820044648,-3.643920944416025,8.35484370437651,0.6704392697475874,-3.897260386774233
90c4ccc6b1a238ef15472378af9406df,FC(F)(F)Oc1ccc(cc1)-c1ccc2nnc(n2c1)C(F)(F)F,347.218,4.313700000000002,4.0,0.0,4.0,0.6486001298355804,0.0,39.42,0.3347520351409912,0.9531770706176758,0.9484880685806274,0.8877179741859436,0.412260502576828,0.31524837017059326,0.42636807560920714,0.2985681504011154,0.02333666095510125,0.6668390274047852,0.028264661319553852,0.45898219645023347,0.07895397432148457,0.9253293037414551,0.9995816588401795,0.027763640228658914,0.04735037833452225,0.3347568869590759,0.20299042314291,0.08457392305135727,0.3220112770795822,0.05264492034912109,0.9662238478660583,0.4875191569328308,0.46082127690315244,0.16125741750001907,0.026678974833339454,0.24100823402404786,0.17890203408896924,0.3187269181013107,0.42081809639930723,-4.489854035334226,5.590735987436309,26.541214679104893,-24.457021763062038,-4.0246984723089545,3.0348746028858242,3.4518231367847347,93.31124489850222,-5.245761310812237,-0.7153464737208337
c11253e732233da094c559015a5d0dbb,Cc1cnc(NC(=O)Nc2cc(Br)c(C)cc2OC[C@@H]2CNCCO2)cn1,436.31000000000023,2.86714,6.0,3.0,4.0,0.6672332495312252,1.0,97.4,0.6260918617248535,0.8637018799781799,0.9849536180496216,0.21063389331102372,0.21619347482919693,0.3387876898050308,0.14983084872365,0.2585815697908401,0.02760128378868103,0.4100247323513031,0.5480011820793151,0.20977058112621308,0.6143617808818818,0.9516276478767395,0.9991948485374451,0.009989123418927192,0.030303484201431273,0.33695667386054995,0.049153339862823484,0.015576964244246483,0.12277652323246002,0.03759967442601919,0.8268637657165527,0.2577449560165405,0.43659783005714414,0.15174457132816316,0.029136271215975285,0.21428155153989792,0.22822574079036712,0.2251558631658554,0.4295135855674744,-5.1583533504778725,17.544702704881786,9.846401935123916,29.386377153079298,-12.681767482925308,2.6964702089099033,1.7562212770061403,85.00201947174324,-3.319037997891815,2.9582348655154567
b099a3af3277875206ae29921a5dba71,Cc1cccc(Nc2cc(Cl)nc(SCC(O)=O)n2)c1C,323.80500000000006,3.6671400000000007,5.0,2.0,4.0,0.49658062637922074,0.0,75.11000000000001,0.11781553849577904,0.6639718532562255,0.9830755472183228,0.4261223316192627,0.3132253587245941,0.5894846379756927,0.14028132185339928,0.041303284093737604,0.045926904678344725,0.28915209174156187,0.0859127800911665,0.19867340326309205,0.18109190613031387,0.9798149466514587,0.999274468421936,0.009343926724977792,0.02118316777050495,0.4813445687294006,0.07629392668604851,0.02344918893650174,0.1290346458554268,0.42551055252552034,0.7234608173370362,0.031195449642837048,0.4056606233119965,0.07024792283773422,0.06444402039051056,0.086085943877697,0.05865686945617199,0.37115404605865476,0.018322271574288607,-5.312385098441001,45.37329519511942,35.36295965894441,13.10151413709176,-9.658477004032378,2.454588047640935,0.8437449012986044,97.21427068042479,-4.031046334341486,11.830188209002102
f65b11032ceb54f992a241cdc908f5d5,NCCc1cnc[nH]1,111.14799999999998,-0.08910000000000035,2.0,2.0,4.0,0.560081635014732,0.0,54.699999999999996,0.14343156218528746,0.442538195848465,0.8660950899124146,0.05913736950606108,0.03287201743805781,0.05645068511366844,0.09310863688588142,0.05724879242479801,0.029718045517802237,0.021528438106179236,0.2674918845295906,0.04506078790873289,0.03331067303661257,0.2579661816358566,0.9999918937683105,0.0003167019422107842,0.000502718478674069,0.1387978434562683,0.009684006357565523,0.0004923208376567345,0.002179838933807332,1.9574038105929503e-05,0.11136841103434562,0.0007797399921400938,0.003427786682732403,6.633840171161864e-05,0.008390155131928622,0.0009918077441398055,0.0003322710195789114,0.8648314476013184,0.06723420768976211,-5.0901492090808915,-13.47990141760559,-59.16782483319381,3.665401298835416,-12.16320491932843,2.2712550420369437,-2.7562909930291846,-37.52003948777323,0.2308728099325818,2.20382590604278
a35c079aec510ac30cf9826d1f54de79,NC[C@@H]1CC[C@@H](N)[C@@H](O[C@@H]2[C@@H](N)C[C@@H](N)[C@H](O[C@H]3O[C@H](CO)[C@@H](O)[C@H](N)[C@H]3O)[C@H]2O)O1,451.52100000000013,-5.266599999999998,13.0,9.0,2.0,0.1831929990220661,13.0,247.93999999999994,0.08380430843681097,0.043925462663173674,0.2348639890551567,0.0004178580069947202,0.013968218956142664,0.0028338678006548435,0.002118434340809472,0.0402931080549024,0.008946533899870702,0.1805500153452158,0.002042584573791828,0.0028606765576114413,0.04513896110001951,0.025811058469116688,0.028645503101870418,0.10011569559574127,0.2526190385222435,0.002840463782195002,0.023797298222780226,0.09782424867153168,0.5100656867027282,0.00019764339931498397,0.10864775232039392,0.006871701451018453,0.0599141264334321,0.012735917791724205,0.0010483650388778188,0.01521036820486188,0.026236354559659957,0.28440536707639696,0.41653565466403963,-7.405286349311696,18.547833225685164,-27.565926437483746,2.537429305837461,-18.375426104204724,1.427096850150135,-2.3079952078463286,9.898082672820106,-0.06859273963583715,-7.808991381083611
265fce028ed846ec6e8760834e80d644,CC(C)(O)c1cn(c(n1)C(C)(C)c1c(Cl)cccc1Cl)-c1ccc(cc1F)-c1cc(F)c(CO)c(c1)S(C)(=O)=O,609.5220000000003,6.573400000000008,6.0,2.0,2.0,0.2473320159044221,0.0,92.41999999999999,0.09433586299419403,0.4584334373474121,0.8040183186531067,0.11825507730245591,0.651654702425003,0.15399176254868507,0.6091721057891846,0.03761760778725147,0.08826958611607552,0.8563811421394348,0.9089473843574524,0.47714744210243226,0.023645855113863946,0.7348985433578491,0.9995729446411132,0.012983712926506996,0.020152069814503192,0.1041553720831871,0.6739168763160706,0.017463828809559344,0.03895702175796032,0.06254102997481822,0.8838029861450195,0.895262849330902,0.4178730845451355,0.002373321505729109,0.09840448349714279,0.6115199029445648,0.030032794922590256,0.07673423439264297,0.8611051201820373,-4.820677254706942,10.359368514331837,32.04459969897172,100.5725491751343,-9.070114881842397,2.3628680948364136,3.6321965084603187,99.44403612615115,-6.233126664016822,11.0870418135505
388dcc56c4cda85f8abe194195cdd698,CC[N+](C)(CC)CCOC(=O)C1c2ccccc2Oc2ccccc12,340.4430000000001,3.953800000000003,3.0,0.0,4.0,0.5898453885239513,0.0,35.53,0.13757576644420624,0.5918161332607269,0.33736303448677063,0.33039514273405074,0.01459467513486743,0.26152863800525666,0.0027385761757614093,0.781695830821991,0.7552310585975647,0.6852866590023041,0.04449429009109736,0.10806371495127678,0.01642622137442231,0.04807803619187325,0.09143252223730088,0.010259779216721655,0.03412533551454544,0.010481023136526347,0.029964514449238776,0.041581607237458226,0.13408861607313155,0.004182560535264201,0.9217564821243286,0.21755213737487794,0.03881575427949428,0.0032868404232431203,0.002886128847603686,0.027637465763837098,0.003825256924028508,0.893490993976593,0.9392420053482056,-4.665003282491235,76.12846036863615,39.588182080103195,36.4436259224556,-6.136590589786591,2.9075620605739885,1.2141919552065041,48.31508378607988,-2.2964083114316054,-3.1589078833620454
69d27cf431086e56934b526003dd0a2e,CSc1ccc(cc1)C(=O)N[C@@H]1CCCC[C@@H]1NC(=O)CNC(=O)c1cc(ccc1NC(=O)NC(C)C)C(F)(F)F,593.6720000000003,4.544400000000002,5.0,5.0,3.0,0.2728611061186604,2.0,128.43,0.22342119812965394,0.6581636190414428,0.808594012260437,0.08330628126859665,0.44677958488464353,0.32970798313617705,0.282506588101387,0.13377159163355828,0.13424752466380596,0.6242714107036591,0.8332727432250977,0.7098614692687988,0.19936409145593642,0.8343278884887695,0.9609105825424195,0.013802969735115767,0.02605661526322365,0.021603509970009326,0.023001044895499943,0.006170575600117445,0.08195275738835335,0.0403094194829464,0.44386371970176697,0.48951932191848757,0.35146368145942686,0.03610787615180015,0.056152766570448875,0.5785503208637237,0.19283896684646606,0.2693409860134125,0.6536563456058502,-5.098495950717959,31.419389596699688,65.3248564501802,112.18738978658116,-8.89090236166363,3.2060344704200765,3.526303595175404,92.45941329752738,-5.589006893095519,9.31042292431125
3e46ccdf7df948aebb46e9d6d23a21eb,OC(=O)c1ccccc1OC(=O)c1ccccc1O,258.229,2.309600000000001,4.0,2.0,4.0,0.6515507183057149,0.0,83.83,0.024695724807679655,0.3292042315006256,0.7208572506904602,0.0816267341375351,0.05576507449150085,0.3975889772176743,0.25490698367357256,0.024767647497355938,0.021277705393731593,0.15521682798862457,0.0026546093402430417,0.17585911601781845,0.03002779153175652,0.8647345542907715,0.9967810392379761,0.002584915905026719,0.029687127470970152,0.036904594488441946,0.002680274355225265,0.08217678219079971,0.2308363974094391,0.0243166234344244,0.17343118637800217,0.011799038667231799,0.030036867037415503,0.011363118793815375,0.011418472696095704,0.025759408250451088,0.004976978106424212,0.24579474329948425,0.022140529192984103,-4.804858976090017,102.31217326610124,42.29172578378804,-18.812974626815013,-10.497218414981896,1.88977319777362,0.564766678162927,88.64208456314785,-2.5124795609616357,3.360708569001608
54033d32846d763d4ea5d5bddd30b097,NS(=O)(=O)Oc1ccc2c3CCCCCc3c(=O)oc2c1,309.34299999999996,1.6441999999999999,5.0,1.0,4.0,0.6712760288549324,0.0,99.60000000000001,0.3521095961332321,0.8702868103981019,0.9146368145942688,0.7517095446586609,0.25689481049776075,0.6185547113418579,0.1679861143231392,0.4005658566951752,0.03415312422439456,0.5192856073379517,0.11592486575245857,0.6352263450622558,0.2704437553882599,0.9391708254814148,0.9988973140716553,0.026902214717119934,0.07513821274042129,0.2763640105724335,0.050794877111911774,0.06384520065039397,0.1672544538974762,0.03710163161158562,0.7944647789001464,0.3291071981191635,0.2432510495185852,0.056207741424441335,0.03132478967308998,0.40507763624191284,0.11106985062360764,0.3638916492462158,0.22639489471912383,-4.722062578672024,-13.888607217208266,-7.402852519156548,66.98291062129036,-9.740668859993914,2.646775932514457,1.616365717198898,88.80722784122844,-3.0784832584635935,3.8190179680167766
cabf43df5176c1a1a6500df905b2c993,C[C@H](NC[C@H](O)CP(O)(=O)Cc1ccccc1)c1ccc(Cl)c(Cl)c1,402.25800000000015,4.475500000000004,3.0,3.0,4.0,0.5700509419796638,3.0,69.56,0.027636210154742002,0.3222467988729477,0.7339284181594848,0.4891397595405579,0.5493536770343781,0.23324168026447295,0.3738031595945358,0.23500439524650574,0.866363799571991,0.5870566308498383,0.7409067511558532,0.34666362404823303,0.19424638003110886,0.12088348269462586,0.9936725735664368,0.05866590887308121,0.05791784673929214,0.06389192752540111,0.09785534590482711,0.04204692095518112,0.11152712255716324,0.040030728280544284,0.7294968068599701,0.44457376599311826,0.1728647692129016,0.002145478912279941,0.08190590608865023,0.4379178583621979,0.035119046550244094,0.4058826744556427,0.7620196461677551,-5.159548934853537,39.67007985340603,21.408580228541272,94.76377600356447,-9.16216929924127,2.7648972063821438,2.924233113994678,91.04728905107598,-3.329708454768629,20.833635588664627
0537bace09cec9490e9544c1bb82583c,N[C@@H](CC(N)=O)C(O)=O,132.119,-1.7263000000000002,3.0,3.0,4.0,0.4239394773771117,1.0,106.41,0.22718696147203446,0.8798295497894287,0.8283247709274292,0.0007804531720466912,0.0025854924868326636,0.05335867572575807,0.0009893380978610367,0.029779053200036286,0.003565914061618969,0.05626121647655964,6.456846313085407e-05,0.11433122679591179,0.02215330842882395,0.13074228838086127,0.8370654702186584,0.003967777147772722,0.04799978509545326,0.003430406749248505,7.393368341581663e-05,0.002289031070540659,0.02764435363933444,9.269873917219229e-05,0.01869560873165028,0.0006301250774413347,0.004885779297910631,7.758360989100766e-05,0.0006476476759416982,0.00010978099066960567,0.0006369736307533458,0.24700356721878053,0.0019861974578816444,-6.14312503541936,-22.649246693058455,-27.305041772844824,-5.230137164017658,-16.24396515173362,0.9279869302345544,-2.3343331248444015,29.63778920792125,-0.7008969468146794,3.393940911513321
61c8afd1002ae890bbba3d64e1a2f39c,CC(C)NC(=N)N=C(N)Nc1ccc(Cl)cc1,253.73700000000002,1.9993699999999996,1.0,4.0,4.0,0.4803323644987331,0.0,86.29,0.077928526699543,0.7350528299808502,0.9581878066062928,0.7853486061096191,0.2371024489402771,0.07687025181949139,0.032289176946505904,0.40448006987571716,0.8043942809104919,0.513630348443985,0.09115024940110743,0.17511265873908996,0.053513713926076886,0.32420713305473325,0.9992056846618652,0.003600014164112508,0.022085308842360974,0.27962582409381864,0.009299707040190697,0.020043058786541224,0.07116317078471183,0.0010502848424948751,0.7866367518901825,0.010528427315875888,0.07003716006875038,0.00735990721732378,0.01438736510463059,0.07037127912044525,0.01742570400238037,0.5048158228397369,0.22821305990219115,-5.130910132735796,21.54133886381341,7.216533070203397,16.779297066988303,-9.997759945728713,2.8350907172367825,0.47103678185093506,50.82429105572616,-2.5631254939038635,10.267325644179017
37f81f90d60876b48c7ab20946c82c4e,CN(C)Cc1ccc(cc1)-c1nc2cccc3C(=O)NCCn1c23,320.3960000000001,2.508300000000001,4.0,1.0,4.0,0.8065724531216146,0.0,50.160000000000004,0.7033665537834167,0.9380510687828064,0.7274895071983337,0.42821693122386933,0.1177259124815464,0.3472246706485748,0.04744097590446472,0.4375473618507385,0.5853362917900086,0.7298367619514465,0.14821368530392648,0.2202653855085373,0.6471652984619141,0.6152544736862182,0.9884974241256714,0.03617970421910286,0.0384087435901165,0.18275755643844604,0.1351664587855339,0.03195943534374237,0.12529744133353232,0.014446817361749709,0.9042455554008484,0.6835440874099732,0.18748860210180282,0.02264998061582446,0.05887013971805573,0.0715282492339611,0.0532416582107544,0.5882987022399903,0.8812491297721863,-4.782836774681202,5.675072571268178,17.874151482478243,18.148077902236118,-12.05289178746683,2.3924862307897876,1.1467816105269728,66.97462188305539,-2.56826853273794,-2.7858457500306004
1dba969f55737786aeee4ee57eb81045,OC[C@H]1O[C@H]([C@H](O)[C@@H]1O)n1cnc2c(NC3CCCC3)ncnc12,335.3640000000001,-0.20770000000000066,9.0,4.0,4.0,0.6047937360507765,4.0,125.55,0.7435456693172455,0.7525563478469849,0.7892701148986816,0.009945810039062053,0.020457011461257935,0.09167119115591049,0.02372617186047137,0.02847545500844717,0.007362323348934297,0.2008514493703842,0.008165368041954935,0.04012738801538944,0.30938541889190674,0.9332531213760376,0.9852313995361328,0.008895798120647669,0.010196690773591399,0.22513515800237655,0.3071495100855827,0.028031709231436254,0.1404370665550232,0.01624345574527979,0.2757862567901611,0.020436554588377474,0.4418577551841736,0.10030989721417427,0.050155234336853025,0.10623703226447105,0.5812198400497437,0.4288657486438751,0.2851844072341919,-5.677379021941996,20.627712453073052,-5.027443549839481,27.204206748761578,-16.779309653224512,2.662114477326658,0.8585924378882528,55.30085868806746,-2.4650418404410055,-0.7261161645410519
a149a034b758838f3e76771be2d2a1c5,Clc1ccc(Nc2nnc(Cc3ccncc3)c3ccccc23)cc1,346.8210000000001,5.012600000000003,4.0,1.0,3.0,0.5638252652189537,0.0,50.7,0.24118691980838775,0.8738016605377197,0.9150381207466125,0.9735942959785462,0.9846119046211242,0.2304878532886505,0.936037290096283,0.17801162898540496,0.8732889056205749,0.5058971107006073,0.9778534650802613,0.21016164273023605,0.30569855868816376,0.934585177898407,0.9999826192855835,0.00837804563343525,0.013258073758333922,0.7897983074188233,0.6777358055114746,0.030919489543884994,0.15510407388210296,0.10406489968299866,0.9164356708526611,0.6603512287139892,0.8052451968193054,0.07622152119874955,0.20308238863945008,0.6998190522193909,0.1931983396410942,0.4023449718952179,0.8015251874923706,-5.067562782351518,54.3972958981783,38.15460896870718,94.30859806854792,-9.491584581059957,2.2880784388527178,3.0155488555694157,100.96410365032831,-5.28234902395681,13.089226697950107
1841b9882f58ca4bb699779326debc1b,O=c1[nH]c2ccccc2n1CCCN1CCN(CC1)C(c1ccccc1)c1ccccc1,426.564,4.126900000000004,4.0,1.0,4.0,0.4833638001577739,0.0,44.27,0.08510717526078224,0.8984999895095825,0.5750139623880386,0.15590087324380875,0.46904363930225373,0.23859124183654784,0.3401517868041992,0.4618565022945404,0.962850821018219,0.5839269995689392,0.5759675860404968,0.10655225738883019,0.5877832889556884,0.15956242084503175,0.9975157022476197,0.0025283118593506515,0.004276846349239349,0.07616302594542504,0.0806336335837841,0.005487492959946394,0.02066098526120186,0.0036334205244202165,0.7407441377639771,0.893999207019806,0.21326614320278167,0.0007085466291755438,0.031383965723216535,0.15441150665283204,0.006782298069447279,0.7007038831710816,0.9952826976776123,-5.363238402456476,51.049165172495044,30.965797965014236,-33.86573713762349,-9.465080485417605,2.5069981441646987,4.000357749762529,93.03477831234942,-4.142071041890176,-7.170094853067208
61925930c56509ee6785084b78583891,Cc1ccc(cc1)-c1c(cnn1C)-c1nn(C)c2ncnc(N3CC[C@@H](C3)N3CCCCC3)c12,456.5980000000004,3.8038200000000026,8.0,0.0,4.0,0.46530934228498544,1.0,67.89999999999999,0.33817256391048434,0.9477242350578308,0.8355429410934448,0.1355803519487381,0.05106387138366699,0.10145446211099625,0.032972159795463085,0.47746744751930237,0.35526670813560485,0.791642141342163,0.5371349692344666,0.18115075677633286,0.7501226544380188,0.7031407594680786,0.9985617518424987,0.017206690926104783,0.03850402198731899,0.18021638989448546,0.19292639195919037,0.023356351628899576,0.054838740080595014,0.0021584762260317804,0.9676530599594116,0.9208952188491821,0.41349437832832336,0.02068077903240919,0.026539608463644983,0.05360065326094628,0.034339972957968715,0.3096550852060318,0.9753031253814697,-5.344014299623508,19.059819366686092,43.214221632427,-4.867717423095725,-7.958934192307223,2.77427285726215,3.170345048397748,91.87556627436405,-3.4155839795530816,6.4006317673873
5822e5bacf20aa32648cc8c1dbe2b398,OC(=O)CCC(=O)c1ccc(cc1)-c1ccccc1,254.28500000000003,3.4011000000000022,2.0,1.0,4.0,0.831821064493135,0.0,54.37,0.03824207596480846,0.4060116484761238,0.9396495461463928,0.18281849473714828,0.05444364584982395,0.7097638130187989,0.0551645303145051,0.056036890298128125,0.005617188866017387,0.1620084136724472,0.0010172684473218397,0.5781196057796478,0.09201290383934975,0.9605437159538269,0.9924045920372009,0.038469097763299945,0.05839001052081585,0.09308700859546662,0.010169759951531887,0.08478512614965439,0.4077043294906616,0.403097403049469,0.5106235265731811,0.03438464673236012,0.22800639569759368,0.12182974964380264,0.010055950097739696,0.03196911234408617,0.01902586929500103,0.3514796316623688,0.011755959317088126,-4.356745265215319,34.81350418708662,7.8883177932015744,-4.306364502274839,-9.6366757229322,2.4769826984348025,0.4682624321289951,107.96621727246857,-3.701490215592403,0.8239188676631738
7ec22285d7a46cc3beb47ad713e31a67,CN(CCCOc1ccc(Cl)cc1Cl)CC#C,272.175,3.327300000000002,2.0,0.0,4.0,0.5814960359844334,0.0,12.47,0.21930130571126938,0.9548753142356873,0.8529692888259888,0.9675666928291321,0.4450829327106476,0.2982533425092697,0.18259727507829665,0.6769459009170532,0.8453654766082763,0.7887813091278076,0.11987646315246821,0.4442678034305573,0.13108230382204056,0.19514070451259613,0.9997439503669738,0.005359103484079242,0.011579880956560373,0.034365965612232686,0.018409126717597247,0.012043509259819984,0.12093010395765305,0.007413716334849596,0.9692943692207336,0.057023736834526065,0.3651763617992401,0.010572013445198536,0.030162694677710534,0.04549406617879868,0.03507840298116207,0.8474479675292969,0.7524928450584412,-4.344716248741079,117.68660285560873,50.52605969752882,45.239995698316896,-5.007939608357311,2.458146814809427,2.7326445369461845,84.66894246457635,-3.873352150111436,9.254620635938227
f968c73af365e286825a6824664ca908,NCCCC[C@H](N)C(O)=O,146.19,-0.4726999999999995,3.0,3.0,4.0,0.45717715849655716,1.0,89.34,0.3735627859830856,0.663312840461731,0.9180209636688232,0.009721256024204195,0.015310199046507478,0.10440624505281448,0.015807225462049247,0.17487326562404631,0.01928071342408657,0.071527661383152,0.003177018603309989,0.3887377083301544,0.14678754583001136,0.02805634243413806,0.9865443229675293,0.004043673851992935,0.02782933712005615,0.028815193567425013,0.0006587306270375848,0.006217506108805537,0.03729686802253127,0.0028948777733603494,0.1240327910054475,0.0010626464034430682,0.011933463672176004,0.002672700409311801,0.0032406381913460793,0.0004900304891634732,0.002001534658484161,0.5533084869384766,0.023330411687493325,-5.640747041506257,32.18689302019742,-54.08035627975479,-16.341373671360248,-13.117936725657405,1.173208803665849,-2.742649671103289,4.440330241916243,0.18249458081060013,0.4538520590984943
133c67e241ae1616afcbd35823e685dd,C=CCN=C=S,99.15799999999999,1.2752,2.0,0.0,4.0,0.2883568789906168,0.0,12.36,0.6727590918540954,0.9448098301887512,0.7437673330307006,0.5944458574056626,0.4127845257520676,0.11920160949230194,0.25262305438518523,0.19130361042916774,0.020704754069447516,0.2607662916183472,0.19091608002781868,0.5360579013824462,0.015806067548692227,0.5594382643699646,0.9995795011520385,0.012059852667152881,0.004666824778541923,0.053693564236164094,0.007785406615585089,0.008168590650893749,0.040820521861314775,0.061680621560662986,0.7515526175498962,0.03997128680348396,0.4313809394836426,0.040868844091892245,0.38048444539308546,0.19708782183006407,0.12164337784051896,0.9408493518829346,0.10092422254383564,-4.226850343284926,26.054651220774975,27.067035645113783,-8.312569734701245,-2.9163558328213304,2.9082954911262275,2.1735810855937756,64.38128168140474,-2.1635875596693306,-0.9815811861738757
3aca3bca3f55306e9c82515668c2a4c7,OC[C@H]1O[C@H]([C@H](O)[C@@H](O)[C@@H]1O)c1c(O)ccc2c1occ(-c1ccc(O)cc1)c2=O,416.3820000000002,0.3860999999999995,9.0,6.0,3.0,0.35466264181798474,5.0,160.82,0.5993713974952698,0.05435499548912048,0.2613500088453293,0.03611136712133885,0.06556895785033703,0.09057784080505371,0.03293393710628152,0.028206471260637044,0.02112843720242381,0.35082345008850097,0.009239282389171422,0.06123819053173065,0.28368270993232725,0.7578309416770935,0.27323262616991995,0.07086262106895447,0.06466851457953453,0.23215307146310807,0.144683139026165,0.21491622924804688,0.27782599329948426,0.014747461304068565,0.10755930989980697,0.09220894947648048,0.13923769891262056,0.07997232377529144,0.030607158271595835,0.1344362050294876,0.25948367565870284,0.27279987633228303,0.5463041007518769,-6.197191000664762,46.13632461578023,11.399036389321017,16.44679458576567,-16.045334709909955,2.9146142535511803,0.4970807151953892,74.4018401045325,-3.7089788257129412,1.750204258005445
956bbe18ece736fcd2c17a08dec7acc6,COCc1nnc(N2CC(C2)Oc2ccc(F)cc2Cl)n1-c1ccc(OC)nc1,419.8440000000001,2.8774000000000006,8.0,0.0,4.0,0.5825237905025831,0.0,74.53,0.12986699640750884,0.8526070237159729,0.9594123601913452,0.21626987606287001,0.6906737923622132,0.22533728182315826,0.37331126928329467,0.11712646335363389,0.036341671645641324,0.8203825116157532,0.8701072216033936,0.12322678864002228,0.23749587833881378,0.9633397221565246,0.9998395800590515,0.0024872063542716203,0.008337402623146773,0.16779817938804625,0.06445349492132664,0.006306880223564804,0.026350001245737074,0.018598372209817172,0.990084958076477,0.4171733736991882,0.41777378916740415,0.007476906571537256,0.00823843777179718,0.005994487670250237,0.011186564154922963,0.1143181450664997,0.4057774543762207,-4.735899600508151,60.57691477624583,57.05418342564042,-25.306672098225594,-8.67934163115191,2.427695890373547,3.03471729537088,91.06427114424648,-4.273342667332638,10.004593900497987
11f95af8f4f4c1389100815c9b6e18ca,CCN(CC)C(=O)c1ccc(O)c(OC)c1,223.272,1.8827999999999998,3.0,1.0,4.0,0.8474983482243597,0.0,49.77000000000001,0.13005010336637496,0.9147189378738403,0.5968889534473419,0.23551700115203858,0.08516433238983154,0.25059163868427276,0.029564045928418638,0.2619327664375305,0.007102655502967537,0.5908436059951783,0.017976586241275072,0.04622469916939735,0.0045563570689409975,0.08967923223972321,0.9996280789375305,0.0020287515537347643,0.009903684165328741,0.029848167160525917,0.012450586631894111,0.03679939992725849,0.16165101453661918,0.0007514266530051827,0.9551997065544129,0.009821405913680793,0.025341906026005744,0.006499516568146646,0.010236614942550659,0.016544030071236192,0.004908101196633652,0.45086567401885985,0.10113373845815658,-4.282416188721565,124.2669902274096,57.210880812060154,-23.83216214501493,-10.687292151784062,2.3271234862386136,1.2292178872533925,56.14927565822212,-1.4035341872731466,-11.343642952091333
bcf2f8240409bd8907f23af1fb9110fa,OC(=O)Cn1c2CCN(Cc2c2cc(F)ccc12)C(=O)c1cccc2ccccc12,402.4250000000001,4.216700000000004,3.0,1.0,4.0,0.5582462568772047,0.0,62.54,0.14542438834905624,0.841654109954834,0.8968223452568054,0.3567439019680023,0.5961310863494873,0.6658835887908936,0.6980239152908325,0.0900748185813427,0.06931575164198875,0.45870749950408934,0.22947640120983123,0.2705570042133331,0.21636511385440826,0.9578082680702209,0.9953070998191833,0.013316930970177054,0.03416055403649807,0.24468601644039153,0.13755435943603517,0.0281639214605093,0.15419747978448867,0.3591521203517914,0.7383131742477417,0.5640020191669464,0.42994495034217833,0.0450173482298851,0.05231809839606285,0.13892465084791183,0.05942913852632046,0.2028232842683792,0.42035216093063354,-5.02404127085786,19.397897791914467,9.423176092563292,38.32602917321805,-10.818516367116592,3.571842155302737,1.6290316197995751,94.6490426868021,-4.45215074957688,-7.945344654442744
d1fb8bdd191e97231303d50a6a18e1d6,CCCCCCO[C@@H](C)c1cccc(-c2csc(NC(=O)c3cc(Cl)c(\C=C(/C)C(O)=O)c(Cl)c3)n2)c1OC,591.5570000000001,8.523600000000004,6.0,2.0,2.0,0.15276933350769517,1.0,97.75,0.29772888123989105,0.34630981683731077,0.8463582515716552,0.10747228488326073,0.6720924019813538,0.30926558971405027,0.7728278994560241,0.022503825090825557,0.0466347374022007,0.5529798328876495,0.34790811836719515,0.33191314041614534,0.08169598504900932,0.9283633470535279,0.9728999614715577,0.004933867254294455,0.021695189550518988,0.5344238698482513,0.44467809796333313,0.05017363540828228,0.12859639525413513,0.5041102468967438,0.507701313495636,0.9338150501251221,0.7712426662445069,0.0703922489657998,0.3952683568000793,0.6270310044288635,0.21510937809944153,0.3785858631134033,0.5264787614345551,-5.214525900475345,32.15353608235704,34.7112081828741,59.16031135375317,-10.14112061824644,2.849405036107812,1.5738521943248298,101.19271171144705,-4.7712213320006285,4.16538758396677
02bfcac6a53d4e30cf6d9f500f91ea2b,OC(=O)c1cn(-c2ccc(F)cc2)c2cc(N3CCNCC3)c(F)cc2c1=O,385.3700000000002,2.3767000000000005,5.0,2.0,4.0,0.7242506066069617,0.0,74.57,0.2803263872861862,0.1817394345998764,0.9458265781402588,0.03856602199375629,0.03790749534964562,0.22609778344631196,0.09590904712677002,0.04535977505147457,0.019543169299140573,0.08329905830323696,0.028486250340938567,0.3885009288787842,0.5230686128139496,0.9860984563827515,0.8639273047447205,0.07442322000861168,0.16508402675390244,0.11295693516731262,0.02392344567924738,0.023282349482178687,0.09761756062507629,0.027542302384972572,0.23053424656391144,0.0356098173186183,0.17039936780929565,0.04066392928361893,0.00504566989839077,0.03820887990295887,0.056875525042414665,0.1480780616402626,0.202668896317482,-4.943073191417336,-2.7388861108668223,-16.6672971874147,5.847682582724562,-11.89036784169398,2.3327436885520996,-0.26781418063625095,62.512382172943305,-3.8624993018958067,-0.11893700663124358
141d83f57c860f296e6c393ad405ce3b,COc1ccc(cc1)-c1c(C)c(nn1-c1ccc(Cl)cc1Cl)C(=O)NN1CCCCC1,459.3770000000003,5.293820000000005,5.0,1.0,3.0,0.5632168710506021,0.0,59.39000000000001,0.2662473857402802,0.6505083501338959,0.9285538077354432,0.17766002416610718,0.8437259078025818,0.37063356637954714,0.8812240481376648,0.15003640800714493,0.13690917789936066,0.8020640969276428,0.9174357295036316,0.44659637212753295,0.5269796073436737,0.9353502273559571,0.999832558631897,0.0032522673544008287,0.007381282048299909,0.5063424646854401,0.35204166173934937,0.012368501629680395,0.12797946557402612,0.04610827788710594,0.9789799094200134,0.9337361812591553,0.8273187875747681,0.029529051296412943,0.20425217896699904,0.6457611620426178,0.12788916751742363,0.32622602581977844,0.875081467628479,-5.0802360223856535,-15.767996648154545,43.63027292270894,27.112521373597026,-8.8198167357944,2.6528610788643068,2.984514479623416,103.14637478974495,-5.631767897203827,1.649908632821072
e09f3f074da1d083273c74904220de7c,O[C@@H](CNCCOc1ccc(CC(O)=O)cc1)c1ccccc1,315.36899999999997,2.0157,4.0,3.0,4.0,0.6170520093685552,1.0,78.78999999999999,0.04766977019608021,0.17066676765680314,0.769769263267517,0.057623694837093356,0.11088558286428452,0.2341104120016098,0.04918353110551834,0.14806437790393828,0.20401422679424286,0.22741858065128326,0.01712388005107641,0.19525814652442933,0.23942854776978492,0.15584344416856766,0.7911890387535095,0.022416426334530115,0.0969213642179966,0.025764408707618713,0.008081372221931815,0.013865012768656015,0.1726709187030792,0.06456064879894256,0.16717983037233353,0.030636081751435996,0.037545910105109215,0.007189252693206072,0.01327178832143545,0.005879054125398397,0.005284420424140989,0.29044056832790377,0.21943056285381318,-5.507600945395458,17.606398395363033,-18.551260867317474,-3.0872716966067584,-14.037672846770107,2.1496563689741324,-1.3333714804807344,64.92434326454394,-1.5944335715621503,-2.878264830443039
65f9e67b2e4a3636f2a3962af6dd9686,CN1CCN(CC1)C(c1ccccc1)c1ccccc1,266.38800000000003,3.0234000000000014,2.0,0.0,4.0,0.84234198198695,0.0,6.48,0.03761641718447208,0.9846244573593139,0.8371038198471069,0.014963337895460426,0.1892341859638691,0.2602124363183975,0.010721675679087639,0.45471529960632323,0.7399704456329346,0.27374003976583483,0.0045389979990432035,0.03125791074708104,0.25138396993279455,0.019569093268364667,0.994767677783966,0.0006125175481429323,0.005846998747438192,0.001402404485270381,0.0028975115390494468,0.0024653146974742413,0.02919773869216442,0.0008195008867915021,0.9202396988868713,0.04152412079274655,0.044799298606812955,8.92427906364901e-05,0.0018385825038421898,0.005836041341535747,0.0005328388888301561,0.9417004585266113,0.931113088130951,-4.358126732119201,83.34140978825671,-12.281819176924984,-26.482049748192203,-7.450480547245313,2.480460032919766,2.2609746361721674,65.33242535583024,-2.6131271146539654,-1.1393360398428958
db19a362c58cd8c443cf48f79e245bc0,O=C1NC(=O)C(N1)(c1ccccc1)c1ccccc1,252.27300000000002,1.7695999999999998,2.0,2.0,4.0,0.8001945345367882,0.0,58.2,0.11878014057874679,0.9773035526275635,0.9812632203102112,0.010166086489334702,0.018618595506995916,0.6675480127334594,0.013910652045160532,0.058954133093357085,0.00011066677143389825,0.1180441714823246,0.0009458285057917237,0.46950196027755736,0.09975570477545262,0.9036768198013305,0.9966722726821899,0.0027210541302338243,0.03709703246131539,0.0051983908982947465,0.0018965100403875112,0.0011341428238665686,0.06364767327904701,0.0017751243198290468,0.48874094188213346,0.003976781578967348,0.0287942155264318,0.0016837384959217162,0.0022648402955383062,0.017057153210043908,0.00746438167989254,0.6804979324340821,0.011883232579566538,-4.640192155263381,29.821591906224075,-3.4827252960047614,31.135120868436605,-11.164796664032869,2.2895726719642964,1.931407328022496,91.20122740204974,-3.4671271384492206,0.8868731913174093
6bf71f439a973585150e6ecabc327f74,CCN(CC)CCNC(=O)c1ccc(N)c(Cl)c1,269.776,1.9937999999999998,3.0,2.0,4.0,0.7768316972149799,0.0,58.36,0.8936419606208801,0.976784598827362,0.9791189193725586,0.3296164333820343,0.061092795431613924,0.14042868316173554,0.004907015105709433,0.39209132790565493,0.2757961511611938,0.3638780415058136,0.010633993335068226,0.7720777153968811,0.5315402179956437,0.40758470445871353,0.9957582235336304,0.019017130369320512,0.019412737525999545,0.07189520709216594,0.01240289881825447,0.004304465954191983,0.08929722532629966,0.0014030941427336074,0.8015674471855163,0.00420459572924301,0.05102036595344543,0.03716621175408363,0.0029960669227875767,0.0032036014599725604,0.01011851206421852,0.870278251171112,0.716506814956665,-4.878800540580168,66.84469768017834,19.287896599838035,79.96168561807099,-12.976629466945024,2.4498583879892357,0.4141439859330271,29.638424654714875,-2.4871842667276978,25.669905657445366
7f65e2d66eb9e9cb3280b697c5dd3e7c,CN(C)S(=O)(=O)c1ccc2Sc3ccccc3\C(=C\CCN3CCN(C)CC3)c2c1,443.6380000000004,3.4707000000000026,5.0,0.0,4.0,0.6041780809786206,0.0,43.86000000000001,0.23125328123569489,0.9781601548194885,0.648978877067566,0.23126773089170455,0.22489449828863145,0.40228745341300964,0.05547831989824772,0.4655247092247009,0.7257834434509277,0.6140150308609009,0.6464331209659576,0.2026273153722286,0.6152078747749329,0.7212063550949097,0.99415363073349,0.009992102719843387,0.02562105320394039,0.03728626258671284,0.03316068835556507,0.009395722020417451,0.02034356016665697,0.0044355184305459264,0.9716879367828369,0.5658714234828949,0.15113983899354935,0.0008418899175012484,0.015864001214504243,0.0328794127330184,0.007417818484827876,0.6411027669906616,0.9519035220146179,-4.817505565849487,70.20617673078252,52.39589172277579,-35.796875241321786,-7.561202770117831,2.993727894504654,3.0841622435629135,89.05113783576951,-4.5335279443511265,-4.6084613441006494
b15b1f7a77868cfd6d76e5473827bf49,COc1ccc(C(=O)CCC(O)=O)c2ccccc12,258.273,2.895900000000001,3.0,1.0,4.0,0.8374091744783276,0.0,63.6,0.20299367010593414,0.7309394836425781,0.9490763664245605,0.30898964405059814,0.05537211187183857,0.6055865585803986,0.04684256911277771,0.09341247454285621,0.018907899409532546,0.25091829597949983,0.013275483343750238,0.19679166972637177,0.20799747854471207,0.9475467324256897,0.9968077421188355,0.04890705458819866,0.05965945273637772,0.248882432281971,0.015772053506225348,0.02977786846458912,0.12461480349302292,0.21811794340610505,0.5123417496681213,0.060740490444004536,0.2403487741947174,0.06587240844964981,0.013414051430299879,0.021007031155750155,0.08724969550967217,0.217365163564682,0.02000492662191391,-4.560247555600094,37.322457157416,16.490356795696115,7.388729273678942,-10.951787071059936,2.415237378854684,-0.5461391277549429,100.30349683252425,-3.386235990080936,4.403622897610967
bf82012676be45f936f0c8d17f430012,C[C@@H]1[C@@H]2Cc3ccc(O)cc3[C@@]1(C)CCN2CC=C,257.37699999999995,3.102400000000002,2.0,1.0,4.0,0.8229569046870946,3.0,23.47,0.16832958906888962,0.9893052220344544,0.5785796642303467,0.20910540223121643,0.12562297582626342,0.26348989456892014,0.024389216396957635,0.8924531698226928,0.8417019844055176,0.6918163657188415,0.06947302594780921,0.037233084253966806,0.29125031232833865,0.024843279831111433,0.9999301910400391,0.002972898189909756,0.01790327811613679,0.12076161801815033,0.014225458633154631,0.01787427384406328,0.09919875115156174,0.0005557681681239047,0.9147810578346253,0.04590062480419874,0.057201950997114184,0.003959907777607441,0.014895583968609571,0.03441329374909401,0.011689606402069331,0.7899359822273254,0.8204086184501648,-4.834510056319482,73.32854058990804,27.556129745403858,-3.567839447572659,-7.059339968978142,2.6279878254093982,1.9721907054186165,71.50084141904571,-3.5922428961221144,4.996986695355266
853de16becbda2353cc43eb28d9f4313,OC(=O)CCc1nc2ccccc2[nH]1,190.20200000000003,1.5800999999999998,2.0,2.0,4.0,0.7717151791673341,0.0,65.97999999999999,0.061313001066446306,0.7683411836624146,0.8563127040863037,0.005264012527186423,0.0031055974191986024,0.4237006902694702,0.0021174716122914104,0.044361617602407935,0.006345293507911265,0.17377787679433823,0.0002950310579763027,0.079259941726923,0.19809268414974213,0.78951495885849,0.9867513656616211,0.003394843911519274,0.01654396569356322,0.03992350213229656,0.0003848162741633132,0.001991935772821307,0.02295731659978628,0.004340042115654796,0.03059659507125616,0.004847502429038286,0.01623785328119993,0.0015246445283992216,0.007741020014509559,0.00040774810113362034,0.005730226752348244,0.26320515424013136,0.006621067877858877,-5.070482813497699,-30.637247791228276,-13.940144507643325,-25.684922705799828,-13.195155487072052,2.0018215538596014,-1.266194548048648,81.59300653352538,-1.8033902542337965,1.239355811578659
d414286a3982fff8023ebac97f837d8d,Oc1ccc(OCc2ccccc2)cc1,200.23700000000002,2.9712000000000014,2.0,1.0,4.0,0.8248951292816564,0.0,29.46,0.2281715989112854,0.19910480231046676,0.5539704442024231,0.8746818542480469,0.7098530173301697,0.19295915067195893,0.46457571983337403,0.14771363139152527,0.11991246789693832,0.5343116760253906,0.08951379284262657,0.22839877456426622,0.0016451000934466719,0.4353881001472473,0.9999183773994446,0.0028680880321189763,0.03442141152918339,0.22589855045080184,0.1464809976518154,0.7965319037437439,0.9185757160186767,0.04442630372941494,0.8818843603134155,0.010895324917510153,0.7966248631477356,0.32009949535131454,0.14946682900190353,0.8887926578521729,0.17843808978796005,0.8472662329673767,0.33086732029914856,-4.478949008362058,167.30726087532756,70.92483382765667,-15.67082643576722,-7.893449020657857,1.7365183358927827,3.5367366990205737,87.43227386336852,-2.955197076911646,-0.41387727751235454
f132e46ab0b78761909b284e902e22df,OC(=O)c1cc(ccc1O)-c1ccc(F)cc1F,250.19999999999996,3.0356000000000005,2.0,2.0,4.0,0.860782458230497,0.0,57.53,0.13821984827518463,0.3518651634454727,0.9553147077560424,0.2548191353678703,0.04630646407604218,0.4555386021733284,0.2613362863659859,0.07936177365481853,0.028940104693174363,0.18267958015203475,0.015738553274422883,0.38221926987171173,0.025715168751776218,0.952079427242279,0.9994378566741944,0.006331826467067004,0.07801070436835289,0.2128564476966858,0.013004923518747092,0.08698438182473182,0.2700670689344406,0.08440984115004539,0.26099504381418226,0.01926772892475128,0.24470482170581817,0.06777569651603699,0.009323020000010729,0.11335727497935295,0.025479530356824397,0.26424809396266935,0.04316550251096487,-4.405323603673533,31.63640176997289,26.862734025214632,-2.1281537321167505,-9.358599137154068,2.7093600253149135,0.7875230188326521,99.24010252983297,-3.9942678199246764,3.6779727307432553
468bb5d85b4def88c2289e2707d4c97c,Clc1ccc(cc1)C(=O)Nc1c(nc2ccccn12)-c1cccs1,353.83400000000006,4.968500000000002,4.0,1.0,4.0,0.5649580954623112,0.0,46.400000000000006,0.829761552810669,0.8925180315971375,0.9158611416816711,0.9169926404953003,0.7597244620323181,0.4627318799495697,0.5754870474338531,0.18408434838056564,0.41318518221378325,0.7461703896522522,0.5377872526645661,0.3861032366752625,0.24373125433921813,0.9649665713310241,0.9998801708221435,0.037925312481820586,0.06212546788156033,0.8719669222831726,0.43624162673950195,0.060223917663097384,0.4715159714221954,0.13175702095031738,0.9664911985397339,0.6634523391723632,0.8882375597953797,0.5023281395435333,0.33501097559928894,0.7660933613777161,0.6721795856952667,0.4625056564807892,0.7179827809333801,-4.872997318185935,81.4509487951588,65.52676260719154,38.61663428618714,-11.71341941372734,2.4860148312931836,3.6492091331350083,99.44121356995525,-5.195250426931919,-2.6956237462079287
d5805218aa080a0ea0ead867bd697a55,Fc1cccc(c1)N1CNC(=O)C11CCN(CCNC(=O)c2ccc3ccccc3c2)CC1,446.5260000000002,3.1372000000000018,4.0,2.0,4.0,0.6322038538795826,0.0,64.68,0.344719597697258,0.9399574637413025,0.6695725321769714,0.3182121753692627,0.32956446409225465,0.16836336702108384,0.17473242580890655,0.5445120096206665,0.552677857875824,0.6938074231147766,0.3103791683912277,0.2667876571416855,0.6866588175296784,0.7187627553939819,0.9907576322555542,0.03815981410443783,0.03360908403992653,0.28888875544071196,0.05121053159236908,0.010230138339102269,0.10225648283958436,0.012768467236310244,0.8269766926765442,0.6063891172409057,0.41061350107192995,0.07254821844398976,0.026242725923657416,0.1596301779150963,0.099941585958004,0.3727979212999344,0.9605862855911255,-5.142389472944844,24.98747028129561,21.542722832037317,60.998623612125,-10.820787744738093,3.088610984144128,2.51318845994225,96.66057315923392,-4.053449024385731,1.8295646513653836
663a21aefc7a5d9d5bf7102440add942,CCc1c2Cn3c(cc4c(COC(=O)[C@]4(O)CC)c3=O)-c2nc2ccc(OC(=O)N3CCC(CC3)N3CCCCC3)cc12,586.6890000000001,4.0911000000000035,9.0,1.0,3.0,0.35595556922918287,1.0,114.19999999999999,0.4749843835830688,0.5379364907741546,0.5805884718894958,0.016950395703315736,0.06374374330043793,0.030542367324233054,0.09722651690244674,0.05269485972821712,0.0929695513099432,0.7762047529220581,0.45722302198410036,0.10280106216669083,0.671963346004486,0.7530553102493286,0.9655141711235047,0.12727452963590621,0.08226970136165619,0.06631784364581109,0.3725440263748169,0.07810209840536117,0.17891113162040712,0.029620737582445145,0.8466773986816406,0.9092624306678772,0.4014458119869232,0.12559221759438516,0.0965155117213726,0.5829461932182312,0.5388745069503784,0.3429523825645447,0.8888668656349182,-4.760991150404001,3.363491980604663,24.470453190050836,38.16848818041285,-10.816849315190655,3.5488817826556316,1.7404750274090397,72.66016529244723,-3.232996437699665,-2.189911525779351
a1f1598ff14c936a22ca865af840cee1,CCCCCCc1ccc(O)cc1O,194.274,3.2206000000000023,2.0,2.0,4.0,0.7064082483225956,0.0,40.46,0.06779827997088432,0.46215411722660066,0.39093160033226015,0.9392432332038879,0.6396186232566834,0.21313377618789672,0.4356216907501221,0.442150354385376,0.43504921793937684,0.5891500473022461,0.17628910318017005,0.3868803560733795,0.0022940097260288894,0.0838033601641655,0.9999638319015502,0.000696050375699997,0.013825218938291074,0.10454144962131977,0.21382728219032288,0.3042546808719635,0.5705794811248779,0.04782737717032433,0.8520984292030335,0.1805169925093651,0.48278208673000333,0.019433069787919522,0.20156121850013733,0.9616748571395874,0.1615450754761696,0.9005587935447693,0.5686092972755432,-4.738065084717877,176.4450411751634,82.94358239117204,0.36195177996205175,-6.982827184367679,2.158936820266887,3.559716534816393,90.79724202422321,-2.5755086251423664,4.674741060940681
2452a1dc83694b3322e4d566f3fd11c9,COc1c(C)cnc(Cn2cnc3c(Cl)nc(N)nc23)c1C,318.7680000000001,2.1306399999999996,7.0,1.0,4.0,0.7437245024881429,0.0,91.74,0.5786518335342408,0.8670852541923523,0.9891695141792297,0.5674999058246613,0.22903410643339156,0.08605271801352501,0.04894532524049282,0.07939122021198272,0.0431666272226721,0.7562616467475891,0.4864596039056778,0.06839524582028389,0.07056237645447254,0.9450916647911072,0.9999866724014282,0.004898690828122198,0.01869004387408495,0.7104626655578613,0.23909287750720978,0.01510792514309287,0.09130773767828941,0.005126817489508539,0.9819934129714966,0.06279124803841114,0.37881280183792115,0.10617308020591736,0.008954577054828406,0.009684132458642126,0.04047787301242352,0.2463138997554779,0.36374924778938295,-4.97000997627834,38.12742831211311,16.29787521409144,-10.696651931553397,-12.034643591292598,2.4091827278634206,1.7438043596523698,78.86488145571731,-2.8586996155991673,-1.7319506670628972
f48356c8308bd2ac541cd7845bd7b7c1,CN1CCC(CC1)c1c[nH]c2ccc(O)cc12,230.311,2.6827000000000005,2.0,2.0,4.0,0.7902785359195582,0.0,39.260000000000005,0.10774605385959149,0.9713045835494996,0.5775280237197876,0.0330263601616025,0.00953351880889386,0.17816484868526458,0.0021885482536163183,0.871005630493164,0.13237234465777875,0.4450843095779419,0.0007463983005436603,0.015479061659425497,0.14650071263313294,0.06489612273871899,0.996103310585022,0.0028836763929575683,0.023445531632751225,0.1554250128567219,0.0015912653179839253,0.006268779910169542,0.09367849752306938,0.00017543709473102353,0.496737539768219,0.01966035980731249,0.02131983023136854,0.0014411168522201478,0.004424343269784003,0.004346240963786841,0.006912692519836128,0.5404524087905884,0.6275253295898438,-5.116804309737633,34.621785119975684,-17.924792292362802,-19.716480967055908,-12.759654282002447,2.9084560935258006,0.59914835320408,49.02970500023169,-2.6806260859782665,4.804952109495261
